#0
!HPXX_A
!Machine Type - Optomec 5-axis Aerosol Jet
!Date=DD-MM-YY - 31-01-25 Time=HH:MM - 15:03
!Mastercam File - C:\USERS\JASON.FLEISCHER\DESKTOP\HPXX.MCAM
!NC File - C:\Users\jason.fleischer\Desktop\HXPP Detector\HPXX_A.PRG
OpenDelay = 50
CloseDelay = 50
 
VEL(10) = VEL(0); VEL(11) = VEL(1); VEL(12) = VEL(2); VEL(14) = VEL(4); VEL(15) = VEL(5)
ACC(10) = ACC(0); ACC(11) = ACC(1); ACC(12) = ACC(2); ACC(14) = ACC(4); ACC(15) = ACC(5)
DEC(10) = DEC(0); DEC(11) = DEC(1); DEC(12) = DEC(2); DEC(14) = DEC(4); DEC(15) = DEC(5)
KDEC(10) = KDEC(0); KDEC(11) = KDEC(1); KDEC(12) = KDEC(2); KDEC(14) = KDEC(4); KDEC(15) = KDEC(5)
JERK(10) = JERK(0); JERK(11) = JERK(1); JERK(12) = JERK(2); JERK(14) = JERK(4); JERK(15) = JERK(5)
XVEL(10) = XVEL(0); XVEL(11) = XVEL(1); XVEL(12) = XVEL(2); XVEL(14) = XVEL(4); XVEL(15) = XVEL(5)
XACC(10) = XACC(0); XACC(11) = XACC(1); XACC(12) = XACC(2); XACC(14) = XACC(4); XACC(15) = XACC(5)
 
MFLAGS(10).#DUMMY=1; MFLAGS(11).#DUMMY=1; MFLAGS(12).#DUMMY=1; MFLAGS(14).#DUMMY=1; MFLAGS(15).#DUMMY=1;
PTP/EV (10,11,12,14,15), APOS(X),APOS(Y),APOS(Z),APOS(A),APOS(B),200
 
GLOBAL REAL ALPHA
ALPHA = 0.9
MASTER MPOS(X) = APOS(10)*(1-ALPHA) + MPOS(X)*ALPHA
MASTER MPOS(Y) = APOS(11)*(1-ALPHA) + MPOS(Y)*ALPHA
MASTER MPOS(Z) = APOS(12)*(1-ALPHA) + MPOS(Z)*ALPHA
MASTER MPOS(A) = APOS(14)*(1-ALPHA) + MPOS(A)*ALPHA
MASTER MPOS(B) = APOS(15)*(1-ALPHA) + MPOS(B)*ALPHA
SLAVE/p X; SLAVE/p Y; SLAVE/p Z; SLAVE/p A; SLAVE/p B
 
CRangle=2*3.1416
 
!DETECT
PTP/EV (10,11,12,14,15), 30.905, 82.026, 8.538, 1.924, 0., gDblRapidSpeed
PTP/EV (10,11,12,14,15), 30.905, 82.026, -1.462, 1.924, 0., gDblRapidSpeed
Start gIntSubBuffer,ShutterOpen;TILL PST(gIntSubBuffer).#RUN = 0
WAIT OpenDelay
XSEG/A (10,11,12,14,15), 30.905, 82.026, -1.462, 1.924, 0., CRangle
LINE/v (10,11,12,14,15), 30.913, 4.017, -1.462, 1.924, 0., gDblProcessSpeed
LINE/v (10,11,12,14,15), 31.146, 4.017, -1.462, 1.924, 0., gDblProcessSpeed
LINE/v (10,11,12,14,15), 45.939, 4.017, -1.462, 1.924, 0., gDblProcessSpeed
LINE/v (10,11,12,14,15), 45.939, 82.026, -1.462, 1.924, 0., gDblProcessSpeed
LINE/v (10,11,12,14,15), 46.058, 82.026, -1.462, 1.924, 0., gDblProcessSpeed
LINE/v (10,11,12,14,15), 46.05, 4.017, -1.462, 1.924, 0., gDblProcessSpeed
LINE/v (10,11,12,14,15), 45.817, 4.017, -1.462, 1.924, 0., gDblProcessSpeed
LINE/t (10,11,12,14,15), 45.819, 4.085, -0.476, 0.391, 0., 298/gDblProcessSpeed
LINE/t (10,11,12,14,15), 45.821, 4.177, 0.516, -1.143, 0., 298/gDblProcessSpeed
LINE/t (10,11,12,14,15), 45.823, 4.295, 1.513, -2.677, 0., 298/gDblProcessSpeed
LINE/t (10,11,12,14,15), 45.825, 4.438, 2.514, -4.21, 0., 298/gDblProcessSpeed
LINE/t (10,11,12,14,15), 45.828, 4.608, 3.519, -5.744, 0., 298/gDblProcessSpeed
LINE/t (10,11,12,14,15), 45.83, 4.803, 4.527, -7.277, 0., 298/gDblProcessSpeed
LINE/t (10,11,12,14,15), 45.832, 5.025, 5.538, -8.811, 0., 298/gDblProcessSpeed
LINE/t (10,11,12,14,15), 45.834, 5.273, 6.55, -10.345, 0., 298/gDblProcessSpeed
LINE/t (10,11,12,14,15), 45.836, 5.549, 7.563, -11.878, 0., 298/gDblProcessSpeed
LINE/t (10,11,12,14,15), 45.838, 5.851, 8.576, -13.412, 0., 298/gDblProcessSpeed
LINE/t (10,11,12,14,15), 45.84, 6.182, 9.589, -14.945, 0., 298/gDblProcessSpeed
LINE/t (10,11,12,14,15), 45.843, 6.539, 10.601, -16.479, 0., 298/gDblProcessSpeed
LINE/t (10,11,12,14,15), 45.845, 6.925, 11.61, -18.013, 0., 298/gDblProcessSpeed
LINE/t (10,11,12,14,15), 45.847, 7.338, 12.617, -19.546, 0., 298/gDblProcessSpeed
LINE/t (10,11,12,14,15), 45.849, 7.779, 13.62, -21.08, 0., 298/gDblProcessSpeed
LINE/t (10,11,12,14,15), 45.851, 8.249, 14.619, -22.613, 0., 298/gDblProcessSpeed
LINE/t (10,11,12,14,15), 45.853, 8.747, 15.613, -24.147, 0., 298/gDblProcessSpeed
LINE/t (10,11,12,14,15), 45.855, 9.273, 16.601, -25.681, 0., 298/gDblProcessSpeed
LINE/t (10,11,12,14,15), 45.858, 9.827, 17.582, -27.214, 0., 298/gDblProcessSpeed
LINE/t (10,11,12,14,15), 45.86, 10.41, 18.556, -28.748, 0., 298/gDblProcessSpeed
LINE/t (10,11,12,14,15), 45.862, 11.021, 19.521, -30.281, 0., 298/gDblProcessSpeed
LINE/t (10,11,12,14,15), 45.864, 11.66, 20.477, -31.815, 0., 298/gDblProcessSpeed
LINE/t (10,11,12,14,15), 45.866, 12.327, 21.423, -33.348, 0., 298/gDblProcessSpeed
LINE/t (10,11,12,14,15), 45.868, 13.023, 22.358, -34.882, 0., 298/gDblProcessSpeed
LINE/t (10,11,12,14,15), 45.87, 13.747, 23.282, -36.416, 0., 298/gDblProcessSpeed
LINE/t (10,11,12,14,15), 45.873, 14.499, 24.192, -37.949, 0., 298/gDblProcessSpeed
LINE/t (10,11,12,14,15), 45.875, 15.278, 25.09, -39.483, 0., 298/gDblProcessSpeed
LINE/t (10,11,12,14,15), 45.877, 16.085, 25.973, -41.016, 0., 298/gDblProcessSpeed
LINE/t (10,11,12,14,15), 45.879, 16.92, 26.842, -42.55, 0., 298/gDblProcessSpeed
LINE/t (10,11,12,14,15), 45.881, 17.781, 27.694, -44.084, 0., 298/gDblProcessSpeed
LINE/t (10,11,12,14,15), 45.883, 18.67, 28.53, -45.617, 0., 298/gDblProcessSpeed
LINE/t (10,11,12,14,15), 45.885, 19.585, 29.348, -47.151, 0., 298/gDblProcessSpeed
LINE/t (10,11,12,14,15), 45.881, 21.198, 30.509, -50.099, 0., 666/gDblProcessSpeed
LINE/t (10,11,12,14,15), 45.885, 21.444, 30.673, -50.538, 0., 99/gDblProcessSpeed
LINE/t (10,11,12,14,15), 45.944, 21.389, 30.64, -50.452, 0., 61/gDblProcessSpeed
LINE/t (10,11,12,14,15), 45.944, 21.386, 30.629, -50.419, 0., 23/gDblProcessSpeed
LINE/t (10,11,12,14,15), 45.937, 19.802, 29.478, -47.467, 0., 704/gDblProcessSpeed
LINE/t (10,11,12,14,15), 45.924, 19.707, 29.414, -47.311, 0., 28/gDblProcessSpeed
LINE/t (10,11,12,14,15), 45.885, 19.585, 29.348, -47.151, 0., 38/gDblProcessSpeed
LINE/v (10,11,12,14,15), 45.911, 19.585, 29.348, -47.151, 0., gDblProcessSpeed
LINE/t (10,11,12,14,15), 45.904, 17.792, 28.112, -44.28, -0.001, 367/gDblProcessSpeed
LINE/t (10,11,12,14,15), 45.829, 16.001, 26.74, -41.315, -0.001, 379/gDblProcessSpeed
LINE/t (10,11,12,14,15), 45.752, 14.289, 25.283, -38.361, -0.002, 378/gDblProcessSpeed
LINE/t (10,11,12,14,15), 45.672, 12.658, 23.738, -35.415, -0.002, 377/gDblProcessSpeed
LINE/t (10,11,12,14,15), 45.589, 11.111, 22.115, -32.475, -0.003, 376/gDblProcessSpeed
LINE/t (10,11,12,14,15), 45.503, 9.651, 20.413, -29.539, -0.004, 375/gDblProcessSpeed
LINE/t (10,11,12,14,15), 45.415, 8.279, 18.637, -26.604, -0.004, 375/gDblProcessSpeed
LINE/t (10,11,12,14,15), 45.325, 7., 16.791, -23.668, -0.005, 376/gDblProcessSpeed
LINE/t (10,11,12,14,15), 45.232, 5.814, 14.876, -20.727, -0.006, 376/gDblProcessSpeed
LINE/t (10,11,12,14,15), 45.138, 4.725, 12.898, -17.781, -0.006, 377/gDblProcessSpeed
LINE/t (10,11,12,14,15), 45.043, 3.737, 10.857, -14.827, -0.007, 378/gDblProcessSpeed
LINE/t (10,11,12,14,15), 44.946, 2.853, 8.762, -11.865, -0.008, 379/gDblProcessSpeed
LINE/t (10,11,12,14,15), 44.848, 2.075, 6.611, -8.891, -0.008, 380/gDblProcessSpeed
LINE/t (10,11,12,14,15), 44.75, 1.409, 4.421, -5.916, -0.008, 381/gDblProcessSpeed
LINE/t (10,11,12,14,15), 44.655, 0.873, 2.263, -3.034, -0.008, 369/gDblProcessSpeed
LINE/t (10,11,12,14,15), 44.56, 0.447, 0.091, -0.146, -0.008, 369/gDblProcessSpeed
LINE/t (10,11,12,14,15), 44.556, 0.427, -0.015, -0.005, -0.008, 17/gDblProcessSpeed
LINE/t (10,11,12,14,15), 43.629, 3.92, -0.198, 0.095, -0.008, 3639/gDblProcessSpeed
LINE/t (10,11,12,14,15), 43.641, 82.026, -1.462, 1.924, -0.008, 78537/gDblProcessSpeed
LINE/v (10,11,12,14,15), 43.76, 82.025, -1.462, 1.924, -0.008, gDblProcessSpeed
LINE/t (10,11,12,14,15), 43.758, 3.872, -0.195, 0.094, -0.008, 78586/gDblProcessSpeed
LINE/t (10,11,12,14,15), 44.702, 0.431, -0.016, -0.004, -0.008, 3594/gDblProcessSpeed
LINE/t (10,11,12,14,15), 44.8, 0.875, 2.219, -2.977, -0.008, 372/gDblProcessSpeed
LINE/t (10,11,12,14,15), 44.897, 1.433, 4.435, -5.937, -0.008, 371/gDblProcessSpeed
LINE/t (10,11,12,14,15), 44.993, 2.09, 6.573, -8.842, -0.008, 364/gDblProcessSpeed
LINE/t (10,11,12,14,15), 45.088, 2.854, 8.675, -11.747, -0.008, 364/gDblProcessSpeed
LINE/t (10,11,12,14,15), 45.183, 3.721, 10.725, -14.643, -0.007, 363/gDblProcessSpeed
LINE/t (10,11,12,14,15), 45.277, 4.687, 12.724, -17.532, -0.007, 362/gDblProcessSpeed
LINE/t (10,11,12,14,15), 45.369, 5.75, 14.666, -20.414, -0.006, 361/gDblProcessSpeed
LINE/t (10,11,12,14,15), 45.46, 6.905, 16.543, -23.287, -0.006, 360/gDblProcessSpeed
LINE/t (10,11,12,14,15), 45.549, 8.15, 18.357, -26.157, -0.005, 360/gDblProcessSpeed
LINE/t (10,11,12,14,15), 45.64, 9.546, 20.182, -29.156, -0.005, 376/gDblProcessSpeed
LINE/t (10,11,12,14,15), 45.728, 11.034, 21.928, -32.154, -0.004, 376/gDblProcessSpeed
LINE/t (10,11,12,14,15), 45.81, 12.542, 23.525, -35.024, -0.004, 360/gDblProcessSpeed
LINE/t (10,11,12,14,15), 45.89, 14.13, 25.041, -37.897, -0.003, 360/gDblProcessSpeed
LINE/t (10,11,12,14,15), 45.967, 15.794, 26.479, -40.778, -0.003, 361/gDblProcessSpeed
LINE/t (10,11,12,14,15), 46.041, 17.543, 27.842, -43.683, -0.002, 364/gDblProcessSpeed
LINE/t (10,11,12,14,15), 46.087, 19.104, 28.941, -46.189, -0.002, 313/gDblProcessSpeed
LINE/t (10,11,12,14,15), 46.088, 20.991, 30.143, -49.132, -0.001, 369/gDblProcessSpeed
LINE/t (10,11,12,14,15), 46.088, 22.937, 31.244, -52.076, -0.001, 369/gDblProcessSpeed
LINE/t (10,11,12,14,15), 46.088, 24.936, 32.242, -55.019, 0., 369/gDblProcessSpeed
LINE/t (10,11,12,14,15), 46.089, 25.614, 32.553, -56., 0., 123/gDblProcessSpeed
LINE/v (10,11,12,14,15), 46.063, 25.614, 32.553, -56., 0., gDblProcessSpeed
LINE/t (10,11,12,14,15), 46.055, 27.494, 33.398, -58.922, 0., 535/gDblProcessSpeed
LINE/t (10,11,12,14,15), 46.063, 28.955, 33.972, -61.181, 0., 434/gDblProcessSpeed
LINE/t (10,11,12,14,15), 46.078, 28.923, 33.966, -61.158, 0., 20/gDblProcessSpeed
LINE/t (10,11,12,14,15), 46.122, 28.904, 33.958, -61.125, 0., 45/gDblProcessSpeed
LINE/t (10,11,12,14,15), 46.122, 28.91, 33.956, -61.113, 0., 15/gDblProcessSpeed
LINE/t (10,11,12,14,15), 46.122, 27.01, 33.184, -58.144, 0., 585/gDblProcessSpeed
LINE/t (10,11,12,14,15), 46.114, 25.826, 32.632, -56.259, 0., 371/gDblProcessSpeed
LINE/t (10,11,12,14,15), 46.063, 25.614, 32.553, -56., 0., 51/gDblProcessSpeed
LINE/t (10,11,12,14,15), 45.911, 24.242, 31.926, -54.047, 0., 265/gDblProcessSpeed
LINE/t (10,11,12,14,15), 45.911, 26.309, 32.848, -56.978, 0., 325/gDblProcessSpeed
LINE/t (10,11,12,14,15), 45.911, 28.421, 33.663, -59.91, 0., 325/gDblProcessSpeed
LINE/t (10,11,12,14,15), 45.911, 30.571, 34.371, -62.841, 0., 325/gDblProcessSpeed
LINE/t (10,11,12,14,15), 45.911, 32.756, 34.968, -65.773, 0., 325/gDblProcessSpeed
LINE/t (10,11,12,14,15), 45.911, 34.967, 35.45, -68.704, 0., 325/gDblProcessSpeed
LINE/t (10,11,12,14,15), 45.911, 37.201, 35.819, -71.636, 0., 325/gDblProcessSpeed
LINE/t (10,11,12,14,15), 45.911, 38.099, 35.937, -72.808, 0., 130/gDblProcessSpeed
LINE/v (10,11,12,14,15), 45.733, 38.099, 35.937, -72.808, 0., gDblProcessSpeed
LINE/t (10,11,12,14,15), 45.733, 35.826, 35.606, -69.834, 0., 330/gDblProcessSpeed
LINE/t (10,11,12,14,15), 45.733, 33.572, 35.16, -66.859, 0., 330/gDblProcessSpeed
LINE/t (10,11,12,14,15), 45.733, 32.084, 34.797, -64.876, 0., 220/gDblProcessSpeed
LINE/v (10,11,12,14,15), 45.708, 32.084, 34.797, -64.876, 0., gDblProcessSpeed
LINE/t (10,11,12,14,15), 45.766, 31.833, 34.736, -64.567, 0., 60/gDblProcessSpeed
LINE/t (10,11,12,14,15), 45.767, 29.911, 34.09, -61.64, 0., 570/gDblProcessSpeed
LINE/t (10,11,12,14,15), 45.76, 28.691, 33.611, -59.752, 0., 369/gDblProcessSpeed
LINE/t (10,11,12,14,15), 45.759, 28.717, 33.608, -59.746, 0., 32/gDblProcessSpeed
LINE/t (10,11,12,14,15), 45.7, 28.693, 33.606, -59.734, 0., 61/gDblProcessSpeed
LINE/t (10,11,12,14,15), 45.7, 30.626, 34.336, -62.693, 0., 565/gDblProcessSpeed
LINE/t (10,11,12,14,15), 45.708, 32.084, 34.797, -64.876, 0., 405/gDblProcessSpeed
LINE/t (10,11,12,14,15), 45.722, 31.733, 34.704, -64.406, 0., 54/gDblProcessSpeed
LINE/t (10,11,12,14,15), 45.722, 29.801, 34.05, -61.473, 0., 562/gDblProcessSpeed
LINE/t (10,11,12,14,15), 45.728, 28.88, 33.692, -60.057, 0., 272/gDblProcessSpeed
LINE/t (10,11,12,14,15), 45.73, 28.893, 33.676, -60.003, 0., 59/gDblProcessSpeed
LINE/t (10,11,12,14,15), 45.744, 28.838, 33.67, -59.972, 0., 32/gDblProcessSpeed
LINE/t (10,11,12,14,15), 45.744, 30.76, 34.389, -62.928, 0., 576/gDblProcessSpeed
LINE/t (10,11,12,14,15), 45.744, 31.733, 34.704, -64.406, 0., 288/gDblProcessSpeed
LINE/v (10,11,12,14,15), 46.077, 31.733, 34.704, -64.406, 0., gDblProcessSpeed
LINE/t (10,11,12,14,15), 46.077, 29.801, 34.05, -61.473, 0., 562/gDblProcessSpeed
LINE/t (10,11,12,14,15), 46.083, 28.88, 33.692, -60.057, 0., 272/gDblProcessSpeed
LINE/t (10,11,12,14,15), 46.085, 28.893, 33.676, -60.003, 0., 59/gDblProcessSpeed
LINE/t (10,11,12,14,15), 46.1, 28.838, 33.67, -59.972, 0., 32/gDblProcessSpeed
LINE/t (10,11,12,14,15), 46.1, 30.76, 34.389, -62.928, 0., 576/gDblProcessSpeed
LINE/t (10,11,12,14,15), 46.1, 31.733, 34.704, -64.406, 0., 288/gDblProcessSpeed
LINE/t (10,11,12,14,15), 46.089, 32.084, 34.797, -64.876, 0., 53/gDblProcessSpeed
LINE/t (10,11,12,14,15), 46.089, 34.321, 35.321, -67.851, 0., 330/gDblProcessSpeed
LINE/t (10,11,12,14,15), 46.089, 36.581, 35.73, -70.825, 0., 330/gDblProcessSpeed
LINE/t (10,11,12,14,15), 46.089, 38.099, 35.937, -72.808, 0., 220/gDblProcessSpeed
LINE/v (10,11,12,14,15), 46.266, 38.099, 35.937, -72.808, 0., gDblProcessSpeed
LINE/t (10,11,12,14,15), 46.266, 35.858, 35.612, -69.877, 0., 325/gDblProcessSpeed
LINE/t (10,11,12,14,15), 46.266, 33.637, 35.173, -66.945, 0., 325/gDblProcessSpeed
LINE/t (10,11,12,14,15), 46.266, 31.441, 34.622, -64.014, 0., 325/gDblProcessSpeed
LINE/t (10,11,12,14,15), 46.266, 29.277, 33.961, -61.082, 0., 325/gDblProcessSpeed
LINE/t (10,11,12,14,15), 46.266, 27.149, 33.187, -58.151, 0., 325/gDblProcessSpeed
LINE/t (10,11,12,14,15), 46.266, 25.063, 32.307, -55.219, 0., 325/gDblProcessSpeed
LINE/t (10,11,12,14,15), 46.266, 24.242, 31.926, -54.047, 0., 130/gDblProcessSpeed
LINE/v (10,11,12,14,15), 46.292, 24.242, 31.926, -54.047, 0., gDblProcessSpeed
LINE/t (10,11,12,14,15), 46.296, 22.558, 30.885, -51.105, 0., 667/gDblProcessSpeed
LINE/t (10,11,12,14,15), 46.292, 22.315, 30.722, -50.671, 0., 98/gDblProcessSpeed
LINE/t (10,11,12,14,15), 46.233, 22.36, 30.75, -50.744, 0., 60/gDblProcessSpeed
LINE/t (10,11,12,14,15), 46.233, 22.359, 30.761, -50.772, 0., 23/gDblProcessSpeed
LINE/t (10,11,12,14,15), 46.24, 24.01, 31.819, -53.729, 0., 705/gDblProcessSpeed
LINE/t (10,11,12,14,15), 46.254, 24.112, 31.873, -53.887, 0., 28/gDblProcessSpeed
LINE/t (10,11,12,14,15), 46.292, 24.242, 31.926, -54.047, 0., 38/gDblProcessSpeed
LINE/t (10,11,12,14,15), 46.278, 24.004, 31.812, -53.705, 0., 41/gDblProcessSpeed
LINE/t (10,11,12,14,15), 46.27, 22.394, 30.776, -50.814, 0., 694/gDblProcessSpeed
LINE/t (10,11,12,14,15), 46.255, 22.628, 30.933, -51.233, 0., 98/gDblProcessSpeed
LINE/t (10,11,12,14,15), 46.255, 24.004, 31.812, -53.705, 0., 597/gDblProcessSpeed
LINE/t (10,11,12,14,15), 46.419, 25.614, 32.553, -56., 0., 302/gDblProcessSpeed
LINE/t (10,11,12,14,15), 46.411, 27.494, 33.398, -58.922, 0., 535/gDblProcessSpeed
LINE/t (10,11,12,14,15), 46.418, 28.955, 33.972, -61.181, 0., 434/gDblProcessSpeed
LINE/t (10,11,12,14,15), 46.433, 28.923, 33.966, -61.158, 0., 20/gDblProcessSpeed
LINE/t (10,11,12,14,15), 46.477, 28.904, 33.958, -61.125, 0., 45/gDblProcessSpeed
LINE/t (10,11,12,14,15), 46.477, 28.91, 33.956, -61.113, 0., 15/gDblProcessSpeed
LINE/t (10,11,12,14,15), 46.478, 27.01, 33.184, -58.144, 0., 585/gDblProcessSpeed
LINE/t (10,11,12,14,15), 46.47, 25.826, 32.632, -56.259, 0., 371/gDblProcessSpeed
LINE/t (10,11,12,14,15), 46.419, 25.614, 32.553, -56., 0., 51/gDblProcessSpeed
LINE/v (10,11,12,14,15), 46.444, 25.614, 32.553, -56., 0., gDblProcessSpeed
LINE/t (10,11,12,14,15), 46.444, 23.599, 31.59, -53.059, -0.001, 369/gDblProcessSpeed
LINE/t (10,11,12,14,15), 46.443, 21.634, 30.522, -50.114, -0.001, 370/gDblProcessSpeed
LINE/t (10,11,12,14,15), 46.443, 19.722, 29.349, -47.162, -0.002, 370/gDblProcessSpeed
LINE/t (10,11,12,14,15), 46.429, 18.357, 28.426, -44.995, -0.002, 271/gDblProcessSpeed
LINE/t (10,11,12,14,15), 46.353, 16.581, 27.109, -42.097, -0.002, 364/gDblProcessSpeed
LINE/t (10,11,12,14,15), 46.274, 14.879, 25.708, -39.209, -0.003, 362/gDblProcessSpeed
LINE/t (10,11,12,14,15), 46.193, 13.254, 24.222, -36.327, -0.003, 362/gDblProcessSpeed
LINE/t (10,11,12,14,15), 46.108, 11.707, 22.66, -33.452, -0.004, 361/gDblProcessSpeed
LINE/t (10,11,12,14,15), 46.021, 10.242, 21.022, -30.58, -0.005, 360/gDblProcessSpeed
LINE/t (10,11,12,14,15), 45.932, 8.86, 19.31, -27.708, -0.005, 360/gDblProcessSpeed
LINE/t (10,11,12,14,15), 45.84, 7.564, 17.531, -24.836, -0.006, 361/gDblProcessSpeed
LINE/t (10,11,12,14,15), 45.746, 6.358, 15.683, -21.959, -0.006, 361/gDblProcessSpeed
LINE/t (10,11,12,14,15), 45.651, 5.243, 13.772, -19.078, -0.007, 362/gDblProcessSpeed
LINE/t (10,11,12,14,15), 45.555, 4.224, 11.804, -16.192, -0.007, 362/gDblProcessSpeed
LINE/t (10,11,12,14,15), 45.456, 3.3, 9.775, -13.293, -0.008, 364/gDblProcessSpeed
LINE/t (10,11,12,14,15), 45.357, 2.479, 7.697, -10.389, -0.008, 365/gDblProcessSpeed
LINE/t (10,11,12,14,15), 45.257, 1.763, 5.575, -7.48, -0.009, 365/gDblProcessSpeed
LINE/t (10,11,12,14,15), 45.156, 1.148, 3.388, -4.534, -0.009, 370/gDblProcessSpeed
LINE/t (10,11,12,14,15), 45.058, 0.658, 1.232, -1.663, -0.009, 361/gDblProcessSpeed
LINE/t (10,11,12,14,15), 45.001, 0.425, -0.01, -0.012, -0.009, 206/gDblProcessSpeed
LINE/t (10,11,12,14,15), 43.992, 3.995, -0.201, 0.097, -0.009, 3738/gDblProcessSpeed
LINE/t (10,11,12,14,15), 44.004, 82.025, -1.462, 1.924, -0.009, 78462/gDblProcessSpeed
LINE/v (10,11,12,14,15), 43.882, 82.025, -1.462, 1.924, -0.009, gDblProcessSpeed
LINE/t (10,11,12,14,15), 43.88, 3.897, -0.197, 0.094, -0.009, 78560/gDblProcessSpeed
LINE/t (10,11,12,14,15), 44.849, 0.435, -0.017, -0.003, -0.009, 3620/gDblProcessSpeed
LINE/t (10,11,12,14,15), 44.95, 0.863, 2.184, -2.93, -0.009, 375/gDblProcessSpeed
LINE/t (10,11,12,14,15), 45.05, 1.401, 4.365, -5.841, -0.009, 374/gDblProcessSpeed
LINE/t (10,11,12,14,15), 45.152, 2.063, 6.552, -8.812, -0.008, 381/gDblProcessSpeed
LINE/t (10,11,12,14,15), 45.255, 2.837, 8.702, -11.782, -0.007, 381/gDblProcessSpeed
LINE/t (10,11,12,14,15), 45.356, 3.717, 10.797, -14.742, -0.007, 380/gDblProcessSpeed
LINE/t (10,11,12,14,15), 45.455, 4.701, 12.838, -17.694, -0.006, 379/gDblProcessSpeed
LINE/t (10,11,12,14,15), 45.554, 5.785, 14.817, -20.639, -0.006, 378/gDblProcessSpeed
LINE/t (10,11,12,14,15), 45.65, 6.967, 16.732, -23.577, -0.005, 377/gDblProcessSpeed
LINE/t (10,11,12,14,15), 45.744, 8.242, 18.58, -26.51, -0.004, 377/gDblProcessSpeed
LINE/t (10,11,12,14,15), 45.836, 9.609, 20.356, -29.443, -0.004, 376/gDblProcessSpeed
LINE/t (10,11,12,14,15), 45.927, 11.064, 22.058, -32.375, -0.003, 376/gDblProcessSpeed
LINE/t (10,11,12,14,15), 46.013, 12.605, 23.682, -35.311, -0.003, 377/gDblProcessSpeed
LINE/t (10,11,12,14,15), 46.097, 14.23, 25.227, -38.252, -0.002, 378/gDblProcessSpeed
LINE/t (10,11,12,14,15), 46.178, 15.938, 26.688, -41.206, -0.001, 379/gDblProcessSpeed
LINE/t (10,11,12,14,15), 46.256, 17.733, 28.068, -44.182, -0.001, 382/gDblProcessSpeed
LINE/t (10,11,12,14,15), 46.266, 19.585, 29.348, -47.151, 0., 380/gDblProcessSpeed
LINE/t (10,11,12,14,15), 46.589, 19.654, 29.392, -47.257, 0., 322/gDblProcessSpeed
LINE/t (10,11,12,14,15), 46.592, 21.315, 30.555, -50.216, 0., 629/gDblProcessSpeed
LINE/t (10,11,12,14,15), 46.597, 21.65, 30.772, -50.8, 0., 124/gDblProcessSpeed
LINE/t (10,11,12,14,15), 46.656, 21.554, 30.72, -50.661, 0., 61/gDblProcessSpeed
LINE/t (10,11,12,14,15), 46.65, 19.972, 29.582, -47.721, 0., 702/gDblProcessSpeed
LINE/t (10,11,12,14,15), 46.648, 19.861, 29.497, -47.512, 0., 49/gDblProcessSpeed
LINE/t (10,11,12,14,15), 46.589, 19.654, 29.392, -47.257, 0., 60/gDblProcessSpeed
LINE/t (10,11,12,14,15), 46.622, 19.585, 29.348, -47.151, 0., 36/gDblProcessSpeed
LINE/t (10,11,12,14,15), 46.611, 17.721, 28.06, -44.163, -0.001, 383/gDblProcessSpeed
LINE/t (10,11,12,14,15), 46.53, 15.936, 26.686, -41.201, -0.001, 381/gDblProcessSpeed
LINE/t (10,11,12,14,15), 46.446, 14.228, 25.225, -38.249, -0.002, 379/gDblProcessSpeed
LINE/t (10,11,12,14,15), 46.358, 12.601, 23.678, -35.304, -0.003, 378/gDblProcessSpeed
LINE/t (10,11,12,14,15), 46.268, 11.058, 22.053, -32.365, -0.003, 378/gDblProcessSpeed
LINE/t (10,11,12,14,15), 46.175, 9.601, 20.347, -29.429, -0.004, 377/gDblProcessSpeed
LINE/t (10,11,12,14,15), 46.079, 8.233, 18.569, -26.493, -0.004, 377/gDblProcessSpeed
LINE/t (10,11,12,14,15), 45.981, 6.956, 16.719, -23.555, -0.005, 378/gDblProcessSpeed
LINE/t (10,11,12,14,15), 45.88, 5.773, 14.8, -20.613, -0.006, 378/gDblProcessSpeed
LINE/t (10,11,12,14,15), 45.778, 4.687, 12.817, -17.663, -0.006, 379/gDblProcessSpeed
LINE/t (10,11,12,14,15), 45.674, 3.702, 10.772, -14.706, -0.007, 380/gDblProcessSpeed
LINE/t (10,11,12,14,15), 45.569, 2.821, 8.674, -11.742, -0.007, 381/gDblProcessSpeed
LINE/t (10,11,12,14,15), 45.463, 2.047, 6.521, -8.769, -0.008, 382/gDblProcessSpeed
LINE/t (10,11,12,14,15), 45.357, 1.387, 4.332, -5.796, -0.008, 382/gDblProcessSpeed
LINE/t (10,11,12,14,15), 45.251, 0.843, 2.122, -2.846, -0.008, 379/gDblProcessSpeed
LINE/t (10,11,12,14,15), 45.15, 0.429, -0.011, -0.011, -0.008, 363/gDblProcessSpeed
LINE/t (10,11,12,14,15), 44.114, 4.02, -0.203, 0.097, -0.008, 3765/gDblProcessSpeed
LINE/t (10,11,12,14,15), 44.126, 82.025, -1.462, 1.924, -0.008, 78436/gDblProcessSpeed
LINE/v (10,11,12,14,15), 44.245, 82.025, -1.462, 1.924, -0.008, gDblProcessSpeed
LINE/t (10,11,12,14,15), 44.244, 3.971, -0.2, 0.096, -0.008, 78486/gDblProcessSpeed
LINE/t (10,11,12,14,15), 45.297, 0.432, -0.011, -0.01, -0.008, 3719/gDblProcessSpeed
LINE/t (10,11,12,14,15), 45.4, 0.868, 2.179, -2.924, -0.008, 366/gDblProcessSpeed
LINE/t (10,11,12,14,15), 45.504, 1.411, 4.349, -5.821, -0.008, 365/gDblProcessSpeed
LINE/t (10,11,12,14,15), 45.607, 2.064, 6.489, -8.727, -0.008, 366/gDblProcessSpeed
LINE/t (10,11,12,14,15), 45.711, 2.825, 8.592, -11.633, -0.008, 366/gDblProcessSpeed
LINE/t (10,11,12,14,15), 45.814, 3.69, 10.648, -14.532, -0.007, 365/gDblProcessSpeed
LINE/t (10,11,12,14,15), 45.915, 4.654, 12.65, -17.425, -0.007, 364/gDblProcessSpeed
LINE/t (10,11,12,14,15), 46.016, 5.715, 14.597, -20.31, -0.006, 363/gDblProcessSpeed
LINE/t (10,11,12,14,15), 46.114, 6.868, 16.478, -23.187, -0.006, 362/gDblProcessSpeed
LINE/t (10,11,12,14,15), 46.21, 8.112, 18.296, -26.06, -0.005, 362/gDblProcessSpeed
LINE/t (10,11,12,14,15), 46.305, 9.444, 20.048, -28.931, -0.005, 362/gDblProcessSpeed
LINE/t (10,11,12,14,15), 46.397, 10.86, 21.726, -31.8, -0.004, 361/gDblProcessSpeed
LINE/t (10,11,12,14,15), 46.486, 12.36, 23.332, -34.672, -0.004, 362/gDblProcessSpeed
LINE/t (10,11,12,14,15), 46.573, 13.938, 24.86, -37.546, -0.003, 362/gDblProcessSpeed
LINE/t (10,11,12,14,15), 46.657, 15.594, 26.309, -40.427, -0.003, 363/gDblProcessSpeed
LINE/t (10,11,12,14,15), 46.737, 17.333, 27.681, -43.33, -0.002, 366/gDblProcessSpeed
LINE/t (10,11,12,14,15), 46.798, 19.034, 28.891, -46.069, -0.002, 344/gDblProcessSpeed
LINE/t (10,11,12,14,15), 46.799, 20.908, 30.091, -49., -0.001, 369/gDblProcessSpeed
LINE/t (10,11,12,14,15), 46.799, 22.841, 31.192, -51.93, -0.001, 369/gDblProcessSpeed
LINE/t (10,11,12,14,15), 46.8, 24.828, 32.191, -54.861, 0., 369/gDblProcessSpeed
LINE/t (10,11,12,14,15), 46.8, 25.614, 32.553, -56., 0., 144/gDblProcessSpeed
LINE/v (10,11,12,14,15), 46.774, 25.614, 32.553, -56., 0., gDblProcessSpeed
LINE/t (10,11,12,14,15), 46.766, 27.494, 33.398, -58.922, 0., 535/gDblProcessSpeed
LINE/t (10,11,12,14,15), 46.774, 28.955, 33.972, -61.181, 0., 434/gDblProcessSpeed
LINE/t (10,11,12,14,15), 46.789, 28.923, 33.966, -61.158, 0., 20/gDblProcessSpeed
LINE/t (10,11,12,14,15), 46.833, 28.904, 33.958, -61.125, 0., 45/gDblProcessSpeed
LINE/t (10,11,12,14,15), 46.833, 28.91, 33.956, -61.113, 0., 15/gDblProcessSpeed
LINE/t (10,11,12,14,15), 46.833, 27.01, 33.184, -58.144, 0., 585/gDblProcessSpeed
LINE/t (10,11,12,14,15), 46.825, 25.826, 32.632, -56.259, 0., 371/gDblProcessSpeed
LINE/t (10,11,12,14,15), 46.774, 25.614, 32.553, -56., 0., 51/gDblProcessSpeed
LINE/t (10,11,12,14,15), 46.622, 24.242, 31.926, -54.047, 0., 265/gDblProcessSpeed
LINE/t (10,11,12,14,15), 46.622, 26.309, 32.848, -56.978, 0., 325/gDblProcessSpeed
LINE/t (10,11,12,14,15), 46.622, 28.421, 33.663, -59.91, 0., 325/gDblProcessSpeed
LINE/t (10,11,12,14,15), 46.622, 30.571, 34.371, -62.841, 0., 325/gDblProcessSpeed
LINE/t (10,11,12,14,15), 46.622, 32.756, 34.968, -65.773, 0., 325/gDblProcessSpeed
LINE/t (10,11,12,14,15), 46.622, 34.967, 35.45, -68.704, 0., 325/gDblProcessSpeed
LINE/t (10,11,12,14,15), 46.622, 37.201, 35.819, -71.636, 0., 325/gDblProcessSpeed
LINE/t (10,11,12,14,15), 46.622, 38.099, 35.937, -72.808, 0., 130/gDblProcessSpeed
LINE/v (10,11,12,14,15), 46.444, 38.099, 35.937, -72.808, 0., gDblProcessSpeed
LINE/t (10,11,12,14,15), 46.444, 35.826, 35.606, -69.834, 0., 330/gDblProcessSpeed
LINE/t (10,11,12,14,15), 46.444, 33.572, 35.16, -66.859, 0., 330/gDblProcessSpeed
LINE/t (10,11,12,14,15), 46.444, 32.084, 34.797, -64.876, 0., 220/gDblProcessSpeed
LINE/t (10,11,12,14,15), 46.433, 31.733, 34.704, -64.406, 0., 53/gDblProcessSpeed
LINE/t (10,11,12,14,15), 46.433, 29.801, 34.05, -61.473, 0., 562/gDblProcessSpeed
LINE/t (10,11,12,14,15), 46.439, 28.88, 33.692, -60.057, 0., 272/gDblProcessSpeed
LINE/t (10,11,12,14,15), 46.441, 28.893, 33.676, -60.003, 0., 59/gDblProcessSpeed
LINE/t (10,11,12,14,15), 46.455, 28.838, 33.67, -59.972, 0., 32/gDblProcessSpeed
LINE/t (10,11,12,14,15), 46.455, 30.76, 34.389, -62.928, 0., 576/gDblProcessSpeed
LINE/t (10,11,12,14,15), 46.455, 31.733, 34.704, -64.406, 0., 288/gDblProcessSpeed
LINE/v (10,11,12,14,15), 46.789, 31.733, 34.704, -64.406, 0., gDblProcessSpeed
LINE/t (10,11,12,14,15), 46.789, 29.801, 34.05, -61.473, 0., 562/gDblProcessSpeed
LINE/t (10,11,12,14,15), 46.795, 28.88, 33.692, -60.057, 0., 272/gDblProcessSpeed
LINE/t (10,11,12,14,15), 46.797, 28.893, 33.676, -60.003, 0., 59/gDblProcessSpeed
LINE/t (10,11,12,14,15), 46.811, 28.838, 33.67, -59.972, 0., 32/gDblProcessSpeed
LINE/t (10,11,12,14,15), 46.811, 30.76, 34.389, -62.928, 0., 576/gDblProcessSpeed
LINE/t (10,11,12,14,15), 46.811, 31.733, 34.704, -64.406, 0., 288/gDblProcessSpeed
LINE/t (10,11,12,14,15), 46.8, 32.084, 34.797, -64.876, 0., 53/gDblProcessSpeed
LINE/t (10,11,12,14,15), 46.8, 34.321, 35.321, -67.851, 0., 330/gDblProcessSpeed
LINE/t (10,11,12,14,15), 46.8, 36.581, 35.73, -70.825, 0., 330/gDblProcessSpeed
LINE/t (10,11,12,14,15), 46.8, 38.099, 35.937, -72.808, 0., 220/gDblProcessSpeed
LINE/v (10,11,12,14,15), 46.978, 38.099, 35.937, -72.808, 0., gDblProcessSpeed
LINE/t (10,11,12,14,15), 46.978, 35.858, 35.612, -69.877, 0., 325/gDblProcessSpeed
LINE/t (10,11,12,14,15), 46.978, 33.637, 35.173, -66.945, 0., 325/gDblProcessSpeed
LINE/t (10,11,12,14,15), 46.978, 31.441, 34.622, -64.014, 0., 325/gDblProcessSpeed
LINE/t (10,11,12,14,15), 46.978, 29.277, 33.961, -61.082, 0., 325/gDblProcessSpeed
LINE/t (10,11,12,14,15), 46.978, 27.149, 33.187, -58.151, 0., 325/gDblProcessSpeed
LINE/t (10,11,12,14,15), 46.978, 25.063, 32.307, -55.219, 0., 325/gDblProcessSpeed
LINE/t (10,11,12,14,15), 46.978, 24.242, 31.926, -54.047, 0., 130/gDblProcessSpeed
LINE/v (10,11,12,14,15), 47.003, 24.242, 31.926, -54.047, 0., gDblProcessSpeed
LINE/t (10,11,12,14,15), 47.007, 22.558, 30.885, -51.105, 0., 667/gDblProcessSpeed
LINE/t (10,11,12,14,15), 47.003, 22.315, 30.722, -50.671, 0., 98/gDblProcessSpeed
LINE/t (10,11,12,14,15), 46.944, 22.36, 30.75, -50.744, 0., 60/gDblProcessSpeed
LINE/t (10,11,12,14,15), 46.944, 22.359, 30.761, -50.772, 0., 23/gDblProcessSpeed
LINE/t (10,11,12,14,15), 46.951, 24.01, 31.819, -53.729, 0., 705/gDblProcessSpeed
LINE/t (10,11,12,14,15), 46.965, 24.112, 31.873, -53.887, 0., 28/gDblProcessSpeed
LINE/t (10,11,12,14,15), 47.003, 24.242, 31.926, -54.047, 0., 38/gDblProcessSpeed
LINE/t (10,11,12,14,15), 46.989, 24.004, 31.812, -53.705, 0., 41/gDblProcessSpeed
LINE/t (10,11,12,14,15), 46.981, 22.394, 30.776, -50.814, 0., 694/gDblProcessSpeed
LINE/t (10,11,12,14,15), 46.966, 22.628, 30.933, -51.233, 0., 98/gDblProcessSpeed
LINE/t (10,11,12,14,15), 46.966, 24.004, 31.812, -53.705, 0., 597/gDblProcessSpeed
LINE/t (10,11,12,14,15), 47.13, 25.614, 32.553, -56., 0., 302/gDblProcessSpeed
LINE/t (10,11,12,14,15), 47.122, 27.494, 33.398, -58.922, 0., 535/gDblProcessSpeed
LINE/t (10,11,12,14,15), 47.129, 28.955, 33.972, -61.181, 0., 434/gDblProcessSpeed
LINE/t (10,11,12,14,15), 47.145, 28.923, 33.966, -61.158, 0., 20/gDblProcessSpeed
LINE/t (10,11,12,14,15), 47.189, 28.904, 33.958, -61.125, 0., 45/gDblProcessSpeed
LINE/t (10,11,12,14,15), 47.189, 28.91, 33.956, -61.113, 0., 15/gDblProcessSpeed
LINE/t (10,11,12,14,15), 47.189, 27.01, 33.184, -58.144, 0., 585/gDblProcessSpeed
LINE/t (10,11,12,14,15), 47.181, 25.826, 32.632, -56.259, 0., 371/gDblProcessSpeed
LINE/t (10,11,12,14,15), 47.13, 25.614, 32.553, -56., 0., 51/gDblProcessSpeed
LINE/v (10,11,12,14,15), 47.155, 25.614, 32.553, -56., 0., gDblProcessSpeed
LINE/t (10,11,12,14,15), 47.155, 23.615, 31.597, -53.078, -0.001, 369/gDblProcessSpeed
LINE/t (10,11,12,14,15), 47.154, 21.665, 30.537, -50.153, -0.001, 370/gDblProcessSpeed
LINE/t (10,11,12,14,15), 47.154, 19.766, 29.373, -47.22, -0.002, 371/gDblProcessSpeed
LINE/t (10,11,12,14,15), 47.139, 18.409, 28.457, -45.065, -0.002, 271/gDblProcessSpeed
LINE/t (10,11,12,14,15), 47.057, 16.637, 27.144, -42.173, -0.002, 365/gDblProcessSpeed
LINE/t (10,11,12,14,15), 46.972, 14.938, 25.749, -39.291, -0.003, 364/gDblProcessSpeed
LINE/t (10,11,12,14,15), 46.884, 13.314, 24.268, -36.415, -0.003, 363/gDblProcessSpeed
LINE/t (10,11,12,14,15), 46.792, 11.768, 22.711, -33.545, -0.004, 363/gDblProcessSpeed
LINE/t (10,11,12,14,15), 46.694, 10.238, 21.001, -30.546, -0.005, 379/gDblProcessSpeed
LINE/t (10,11,12,14,15), 46.593, 8.798, 19.211, -27.547, -0.005, 379/gDblProcessSpeed
LINE/t (10,11,12,14,15), 46.494, 7.51, 17.43, -24.678, -0.006, 363/gDblProcessSpeed
LINE/t (10,11,12,14,15), 46.392, 6.309, 15.579, -21.802, -0.006, 363/gDblProcessSpeed
LINE/t (10,11,12,14,15), 46.289, 5.2, 13.666, -18.922, -0.007, 364/gDblProcessSpeed
LINE/t (10,11,12,14,15), 46.185, 4.186, 11.695, -16.036, -0.007, 365/gDblProcessSpeed
LINE/t (10,11,12,14,15), 46.079, 3.269, 9.663, -13.138, -0.008, 366/gDblProcessSpeed
LINE/t (10,11,12,14,15), 45.972, 2.455, 7.587, -10.238, -0.008, 366/gDblProcessSpeed
LINE/t (10,11,12,14,15), 45.864, 1.746, 5.468, -7.337, -0.009, 367/gDblProcessSpeed
LINE/t (10,11,12,14,15), 45.754, 1.13, 3.252, -4.355, -0.009, 377/gDblProcessSpeed
LINE/t (10,11,12,14,15), 45.645, 0.637, 1.046, -1.417, -0.009, 371/gDblProcessSpeed
LINE/t (10,11,12,14,15), 45.593, 0.44, -0.013, -0.008, -0.009, 177/gDblProcessSpeed
LINE/t (10,11,12,14,15), 44.477, 4.095, -0.206, 0.099, -0.009, 3849/gDblProcessSpeed
LINE/t (10,11,12,14,15), 44.489, 82.025, -1.462, 1.924, -0.009, 78361/gDblProcessSpeed
LINE/v (10,11,12,14,15), 44.367, 82.025, -1.462, 1.924, -0.009, gDblProcessSpeed
LINE/t (10,11,12,14,15), 44.366, 3.996, -0.202, 0.097, -0.009, 78460/gDblProcessSpeed
LINE/t (10,11,12,14,15), 45.44, 0.451, -0.019, 0., -0.009, 3729/gDblProcessSpeed
LINE/t (10,11,12,14,15), 45.551, 0.89, 2.23, -2.993, -0.009, 386/gDblProcessSpeed
LINE/t (10,11,12,14,15), 45.662, 1.441, 4.454, -5.963, -0.009, 384/gDblProcessSpeed
LINE/t (10,11,12,14,15), 45.773, 2.105, 6.633, -8.923, -0.008, 383/gDblProcessSpeed
LINE/t (10,11,12,14,15), 45.883, 2.879, 8.774, -11.884, -0.008, 383/gDblProcessSpeed
LINE/t (10,11,12,14,15), 45.992, 3.761, 10.863, -14.838, -0.007, 382/gDblProcessSpeed
LINE/t (10,11,12,14,15), 46.1, 4.745, 12.899, -17.784, -0.006, 381/gDblProcessSpeed
LINE/t (10,11,12,14,15), 46.206, 5.83, 14.872, -20.723, -0.006, 380/gDblProcessSpeed
LINE/t (10,11,12,14,15), 46.311, 7.01, 16.782, -23.654, -0.005, 379/gDblProcessSpeed
LINE/t (10,11,12,14,15), 46.413, 8.284, 18.623, -26.581, -0.004, 379/gDblProcessSpeed
LINE/t (10,11,12,14,15), 46.512, 9.649, 20.393, -29.506, -0.004, 378/gDblProcessSpeed
LINE/t (10,11,12,14,15), 46.61, 11.101, 22.09, -32.431, -0.003, 378/gDblProcessSpeed
LINE/t (10,11,12,14,15), 46.703, 12.638, 23.707, -35.358, -0.002, 379/gDblProcessSpeed
LINE/t (10,11,12,14,15), 46.794, 14.258, 25.247, -38.291, -0.002, 379/gDblProcessSpeed
LINE/t (10,11,12,14,15), 46.882, 15.96, 26.702, -41.236, -0.001, 381/gDblProcessSpeed
LINE/t (10,11,12,14,15), 46.966, 17.749, 28.078, -44.204, -0.001, 384/gDblProcessSpeed
LINE/t (10,11,12,14,15), 46.978, 19.585, 29.348, -47.151, 0., 380/gDblProcessSpeed
LINE/t (10,11,12,14,15), 47.3, 19.654, 29.392, -47.257, 0., 322/gDblProcessSpeed
LINE/t (10,11,12,14,15), 47.303, 21.315, 30.555, -50.216, 0., 629/gDblProcessSpeed
LINE/t (10,11,12,14,15), 47.308, 21.65, 30.772, -50.8, 0., 124/gDblProcessSpeed
LINE/t (10,11,12,14,15), 47.367, 21.554, 30.72, -50.661, 0., 61/gDblProcessSpeed
LINE/t (10,11,12,14,15), 47.361, 19.972, 29.582, -47.721, 0., 702/gDblProcessSpeed
LINE/t (10,11,12,14,15), 47.359, 19.861, 29.497, -47.512, 0., 49/gDblProcessSpeed
LINE/t (10,11,12,14,15), 47.3, 19.654, 29.392, -47.257, 0., 60/gDblProcessSpeed
LINE/t (10,11,12,14,15), 47.333, 19.585, 29.348, -47.151, 0., 36/gDblProcessSpeed
LINE/t (10,11,12,14,15), 47.321, 17.737, 28.069, -44.183, -0.001, 383/gDblProcessSpeed
LINE/t (10,11,12,14,15), 47.234, 15.958, 26.7, -41.231, -0.001, 382/gDblProcessSpeed
LINE/t (10,11,12,14,15), 47.143, 14.256, 25.245, -38.288, -0.002, 381/gDblProcessSpeed
LINE/t (10,11,12,14,15), 47.049, 12.634, 23.703, -35.351, -0.003, 380/gDblProcessSpeed
LINE/t (10,11,12,14,15), 46.952, 11.094, 22.083, -32.42, -0.003, 380/gDblProcessSpeed
LINE/t (10,11,12,14,15), 46.851, 9.64, 20.384, -29.491, -0.004, 379/gDblProcessSpeed
LINE/t (10,11,12,14,15), 46.747, 8.274, 18.611, -26.561, -0.004, 379/gDblProcessSpeed
LINE/t (10,11,12,14,15), 46.642, 6.998, 16.766, -23.63, -0.005, 380/gDblProcessSpeed
LINE/t (10,11,12,14,15), 46.534, 5.816, 14.853, -20.693, -0.006, 380/gDblProcessSpeed
LINE/t (10,11,12,14,15), 46.423, 4.73, 12.875, -17.749, -0.006, 381/gDblProcessSpeed
LINE/t (10,11,12,14,15), 46.311, 3.744, 10.835, -14.798, -0.007, 382/gDblProcessSpeed
LINE/t (10,11,12,14,15), 46.198, 2.862, 8.742, -11.838, -0.008, 383/gDblProcessSpeed
LINE/t (10,11,12,14,15), 46.084, 2.088, 6.598, -8.876, -0.008, 384/gDblProcessSpeed
LINE/t (10,11,12,14,15), 45.97, 1.425, 4.417, -5.913, -0.008, 384/gDblProcessSpeed
LINE/t (10,11,12,14,15), 45.859, 0.891, 2.268, -3.042, -0.008, 372/gDblProcessSpeed
LINE/t (10,11,12,14,15), 45.747, 0.464, 0.097, -0.155, -0.008, 374/gDblProcessSpeed
LINE/t (10,11,12,14,15), 45.742, 0.444, -0.014, -0.007, -0.008, 18/gDblProcessSpeed
LINE/t (10,11,12,14,15), 44.6, 4.121, -0.208, 0.1, -0.008, 3877/gDblProcessSpeed
LINE/t (10,11,12,14,15), 44.611, 82.025, -1.462, 1.924, -0.008, 78335/gDblProcessSpeed
LINE/v (10,11,12,14,15), 44.73, 82.025, -1.462, 1.924, -0.008, gDblProcessSpeed
LINE/t (10,11,12,14,15), 44.73, 4.071, -0.205, 0.099, -0.008, 78386/gDblProcessSpeed
LINE/t (10,11,12,14,15), 45.889, 0.448, -0.014, -0.007, -0.008, 3830/gDblProcessSpeed
LINE/t (10,11,12,14,15), 46.004, 0.894, 2.225, -2.987, -0.008, 377/gDblProcessSpeed
LINE/t (10,11,12,14,15), 46.117, 1.453, 4.441, -5.947, -0.008, 375/gDblProcessSpeed
LINE/t (10,11,12,14,15), 46.228, 2.109, 6.575, -8.847, -0.008, 368/gDblProcessSpeed
LINE/t (10,11,12,14,15), 46.34, 2.872, 8.672, -11.746, -0.008, 368/gDblProcessSpeed
LINE/t (10,11,12,14,15), 46.45, 3.739, 10.723, -14.642, -0.007, 367/gDblProcessSpeed
LINE/t (10,11,12,14,15), 46.559, 4.707, 12.723, -17.533, -0.007, 367/gDblProcessSpeed
LINE/t (10,11,12,14,15), 46.667, 5.77, 14.666, -20.416, -0.006, 366/gDblProcessSpeed
LINE/t (10,11,12,14,15), 46.773, 6.925, 16.544, -23.29, -0.006, 364/gDblProcessSpeed
LINE/t (10,11,12,14,15), 46.876, 8.171, 18.358, -26.161, -0.005, 364/gDblProcessSpeed
LINE/t (10,11,12,14,15), 46.983, 9.567, 20.183, -29.158, -0.005, 380/gDblProcessSpeed
LINE/t (10,11,12,14,15), 47.086, 11.054, 21.928, -32.155, -0.004, 380/gDblProcessSpeed
LINE/t (10,11,12,14,15), 47.186, 12.63, 23.594, -35.153, -0.004, 380/gDblProcessSpeed
LINE/t (10,11,12,14,15), 47.279, 14.218, 25.105, -38.023, -0.003, 364/gDblProcessSpeed
LINE/t (10,11,12,14,15), 47.369, 15.882, 26.538, -40.899, -0.003, 365/gDblProcessSpeed
LINE/t (10,11,12,14,15), 47.455, 17.631, 27.895, -43.801, -0.002, 368/gDblProcessSpeed
LINE/t (10,11,12,14,15), 47.51, 19.085, 28.919, -46.137, -0.002, 295/gDblProcessSpeed
LINE/t (10,11,12,14,15), 47.51, 20.945, 30.11, -49.047, -0.001, 369/gDblProcessSpeed
LINE/t (10,11,12,14,15), 47.51, 22.863, 31.202, -51.958, -0.001, 369/gDblProcessSpeed
LINE/t (10,11,12,14,15), 47.511, 24.834, 32.193, -54.869, 0., 369/gDblProcessSpeed
LINE/t (10,11,12,14,15), 47.511, 25.614, 32.553, -56., 0., 144/gDblProcessSpeed
LINE/v (10,11,12,14,15), 47.486, 25.614, 32.553, -56., 0., gDblProcessSpeed
LINE/t (10,11,12,14,15), 47.478, 27.494, 33.398, -58.922, 0., 535/gDblProcessSpeed
LINE/t (10,11,12,14,15), 47.485, 28.955, 33.972, -61.181, 0., 434/gDblProcessSpeed
LINE/t (10,11,12,14,15), 47.5, 28.923, 33.966, -61.158, 0., 20/gDblProcessSpeed
LINE/t (10,11,12,14,15), 47.544, 28.904, 33.958, -61.125, 0., 45/gDblProcessSpeed
LINE/t (10,11,12,14,15), 47.544, 28.91, 33.956, -61.113, 0., 15/gDblProcessSpeed
LINE/t (10,11,12,14,15), 47.545, 27.01, 33.184, -58.144, 0., 585/gDblProcessSpeed
LINE/t (10,11,12,14,15), 47.537, 25.826, 32.632, -56.259, 0., 371/gDblProcessSpeed
LINE/t (10,11,12,14,15), 47.486, 25.614, 32.553, -56., 0., 51/gDblProcessSpeed
LINE/t (10,11,12,14,15), 47.333, 24.242, 31.926, -54.047, 0., 265/gDblProcessSpeed
LINE/t (10,11,12,14,15), 47.333, 26.309, 32.848, -56.978, 0., 325/gDblProcessSpeed
LINE/t (10,11,12,14,15), 47.333, 28.421, 33.663, -59.91, 0., 325/gDblProcessSpeed
LINE/t (10,11,12,14,15), 47.333, 30.571, 34.371, -62.841, 0., 325/gDblProcessSpeed
LINE/t (10,11,12,14,15), 47.333, 32.756, 34.968, -65.773, 0., 325/gDblProcessSpeed
LINE/t (10,11,12,14,15), 47.333, 34.967, 35.45, -68.704, 0., 325/gDblProcessSpeed
LINE/t (10,11,12,14,15), 47.333, 37.201, 35.819, -71.636, 0., 325/gDblProcessSpeed
LINE/t (10,11,12,14,15), 47.333, 38.099, 35.937, -72.808, 0., 130/gDblProcessSpeed
LINE/v (10,11,12,14,15), 47.155, 38.099, 35.937, -72.808, 0., gDblProcessSpeed
LINE/t (10,11,12,14,15), 47.155, 35.826, 35.606, -69.834, 0., 330/gDblProcessSpeed
LINE/t (10,11,12,14,15), 47.155, 33.572, 35.16, -66.859, 0., 330/gDblProcessSpeed
LINE/t (10,11,12,14,15), 47.155, 32.084, 34.797, -64.876, 0., 220/gDblProcessSpeed
LINE/t (10,11,12,14,15), 47.144, 31.733, 34.704, -64.406, 0., 53/gDblProcessSpeed
LINE/t (10,11,12,14,15), 47.144, 29.801, 34.05, -61.473, 0., 562/gDblProcessSpeed
LINE/t (10,11,12,14,15), 47.15, 28.88, 33.692, -60.057, 0., 272/gDblProcessSpeed
LINE/t (10,11,12,14,15), 47.152, 28.893, 33.676, -60.003, 0., 59/gDblProcessSpeed
LINE/t (10,11,12,14,15), 47.167, 28.838, 33.67, -59.972, 0., 32/gDblProcessSpeed
LINE/t (10,11,12,14,15), 47.167, 30.76, 34.389, -62.928, 0., 576/gDblProcessSpeed
LINE/t (10,11,12,14,15), 47.167, 31.733, 34.704, -64.406, 0., 288/gDblProcessSpeed
LINE/v (10,11,12,14,15), 47.5, 31.733, 34.704, -64.406, 0., gDblProcessSpeed
LINE/t (10,11,12,14,15), 47.5, 29.801, 34.05, -61.473, 0., 562/gDblProcessSpeed
LINE/t (10,11,12,14,15), 47.506, 28.88, 33.692, -60.057, 0., 272/gDblProcessSpeed
LINE/t (10,11,12,14,15), 47.508, 28.893, 33.676, -60.003, 0., 59/gDblProcessSpeed
LINE/t (10,11,12,14,15), 47.522, 28.838, 33.67, -59.972, 0., 32/gDblProcessSpeed
LINE/t (10,11,12,14,15), 47.522, 30.76, 34.389, -62.928, 0., 576/gDblProcessSpeed
LINE/t (10,11,12,14,15), 47.522, 31.733, 34.704, -64.406, 0., 288/gDblProcessSpeed
LINE/t (10,11,12,14,15), 47.511, 32.084, 34.797, -64.876, 0., 53/gDblProcessSpeed
LINE/t (10,11,12,14,15), 47.511, 34.321, 35.321, -67.851, 0., 330/gDblProcessSpeed
LINE/t (10,11,12,14,15), 47.511, 36.581, 35.73, -70.825, 0., 330/gDblProcessSpeed
LINE/t (10,11,12,14,15), 47.511, 38.099, 35.937, -72.808, 0., 220/gDblProcessSpeed
LINE/v (10,11,12,14,15), 47.689, 38.099, 35.937, -72.808, 0., gDblProcessSpeed
LINE/t (10,11,12,14,15), 47.689, 35.858, 35.612, -69.877, 0., 325/gDblProcessSpeed
LINE/t (10,11,12,14,15), 47.689, 33.637, 35.173, -66.945, 0., 325/gDblProcessSpeed
LINE/t (10,11,12,14,15), 47.689, 31.441, 34.622, -64.014, 0., 325/gDblProcessSpeed
LINE/t (10,11,12,14,15), 47.689, 29.277, 33.961, -61.082, 0., 325/gDblProcessSpeed
LINE/t (10,11,12,14,15), 47.689, 27.149, 33.187, -58.151, 0., 325/gDblProcessSpeed
LINE/t (10,11,12,14,15), 47.689, 25.063, 32.307, -55.219, 0., 325/gDblProcessSpeed
LINE/t (10,11,12,14,15), 47.689, 24.242, 31.926, -54.047, 0., 130/gDblProcessSpeed
LINE/v (10,11,12,14,15), 47.714, 24.242, 31.926, -54.047, 0., gDblProcessSpeed
LINE/t (10,11,12,14,15), 47.718, 22.558, 30.885, -51.105, 0., 667/gDblProcessSpeed
LINE/t (10,11,12,14,15), 47.714, 22.315, 30.722, -50.671, 0., 98/gDblProcessSpeed
LINE/t (10,11,12,14,15), 47.655, 22.36, 30.75, -50.744, 0., 60/gDblProcessSpeed
LINE/t (10,11,12,14,15), 47.655, 22.359, 30.761, -50.772, 0., 23/gDblProcessSpeed
LINE/t (10,11,12,14,15), 47.662, 24.01, 31.819, -53.729, 0., 705/gDblProcessSpeed
LINE/t (10,11,12,14,15), 47.676, 24.112, 31.873, -53.887, 0., 28/gDblProcessSpeed
LINE/t (10,11,12,14,15), 47.714, 24.242, 31.926, -54.047, 0., 38/gDblProcessSpeed
LINE/t (10,11,12,14,15), 47.7, 24.004, 31.812, -53.705, 0., 41/gDblProcessSpeed
LINE/t (10,11,12,14,15), 47.692, 22.394, 30.776, -50.814, 0., 694/gDblProcessSpeed
LINE/t (10,11,12,14,15), 47.678, 22.628, 30.933, -51.233, 0., 98/gDblProcessSpeed
LINE/t (10,11,12,14,15), 47.678, 24.004, 31.812, -53.705, 0., 597/gDblProcessSpeed
LINE/t (10,11,12,14,15), 47.841, 25.614, 32.553, -56., 0., 302/gDblProcessSpeed
LINE/t (10,11,12,14,15), 47.833, 27.494, 33.398, -58.922, 0., 535/gDblProcessSpeed
LINE/t (10,11,12,14,15), 47.841, 28.955, 33.972, -61.181, 0., 434/gDblProcessSpeed
LINE/t (10,11,12,14,15), 47.856, 28.923, 33.966, -61.158, 0., 20/gDblProcessSpeed
LINE/t (10,11,12,14,15), 47.9, 28.904, 33.958, -61.125, 0., 45/gDblProcessSpeed
LINE/t (10,11,12,14,15), 47.9, 28.91, 33.956, -61.113, 0., 15/gDblProcessSpeed
LINE/t (10,11,12,14,15), 47.9, 27.01, 33.184, -58.144, 0., 585/gDblProcessSpeed
LINE/t (10,11,12,14,15), 47.892, 25.826, 32.632, -56.259, 0., 371/gDblProcessSpeed
LINE/t (10,11,12,14,15), 47.841, 25.614, 32.553, -56., 0., 51/gDblProcessSpeed
LINE/v (10,11,12,14,15), 47.867, 25.614, 32.553, -56., 0., gDblProcessSpeed
LINE/t (10,11,12,14,15), 47.866, 23.631, 31.604, -53.098, -0.001, 369/gDblProcessSpeed
LINE/t (10,11,12,14,15), 47.866, 21.696, 30.552, -50.193, -0.001, 370/gDblProcessSpeed
LINE/t (10,11,12,14,15), 47.865, 19.811, 29.398, -47.279, -0.002, 371/gDblProcessSpeed
LINE/t (10,11,12,14,15), 47.849, 18.462, 28.487, -45.136, -0.002, 271/gDblProcessSpeed
LINE/t (10,11,12,14,15), 47.761, 16.692, 27.18, -42.249, -0.002, 367/gDblProcessSpeed
LINE/t (10,11,12,14,15), 47.669, 14.996, 25.789, -39.372, -0.003, 366/gDblProcessSpeed
LINE/t (10,11,12,14,15), 47.575, 13.373, 24.313, -36.501, -0.003, 365/gDblProcessSpeed
LINE/t (10,11,12,14,15), 47.473, 11.759, 22.688, -33.504, -0.004, 381/gDblProcessSpeed
LINE/t (10,11,12,14,15), 47.367, 10.233, 20.979, -30.51, -0.005, 381/gDblProcessSpeed
LINE/t (10,11,12,14,15), 47.258, 8.797, 19.191, -27.515, -0.005, 381/gDblProcessSpeed
LINE/t (10,11,12,14,15), 47.148, 7.455, 17.328, -24.518, -0.006, 381/gDblProcessSpeed
LINE/t (10,11,12,14,15), 47.039, 6.261, 15.476, -21.646, -0.006, 365/gDblProcessSpeed
LINE/t (10,11,12,14,15), 46.928, 5.158, 13.561, -18.768, -0.007, 366/gDblProcessSpeed
LINE/t (10,11,12,14,15), 46.816, 4.15, 11.588, -15.883, -0.007, 367/gDblProcessSpeed
LINE/t (10,11,12,14,15), 46.702, 3.24, 9.557, -12.989, -0.008, 368/gDblProcessSpeed
LINE/t (10,11,12,14,15), 46.587, 2.433, 7.482, -10.094, -0.008, 368/gDblProcessSpeed
LINE/t (10,11,12,14,15), 46.472, 1.731, 5.365, -7.199, -0.009, 368/gDblProcessSpeed
LINE/t (10,11,12,14,15), 46.357, 1.137, 3.215, -4.308, -0.009, 368/gDblProcessSpeed
LINE/t (10,11,12,14,15), 46.243, 0.658, 1.067, -1.446, -0.009, 364/gDblProcessSpeed
LINE/t (10,11,12,14,15), 46.187, 0.456, -0.016, -0.005, -0.009, 182/gDblProcessSpeed
LINE/t (10,11,12,14,15), 44.963, 4.195, -0.211, 0.102, -0.009, 3962/gDblProcessSpeed
LINE/t (10,11,12,14,15), 44.974, 82.025, -1.462, 1.924, -0.009, 78260/gDblProcessSpeed
LINE/v (10,11,12,14,15), 44.853, 82.025, -1.462, 1.924, -0.009, gDblProcessSpeed
LINE/t (10,11,12,14,15), 44.852, 4.096, -0.207, 0.1, -0.009, 78360/gDblProcessSpeed
LINE/t (10,11,12,14,15), 46.038, 0.452, -0.015, -0.005, -0.009, 3858/gDblProcessSpeed
LINE/t (10,11,12,14,15), 46.155, 0.88, 2.185, -2.933, -0.009, 379/gDblProcessSpeed
LINE/t (10,11,12,14,15), 46.271, 1.417, 4.363, -5.84, -0.009, 378/gDblProcessSpeed
LINE/t (10,11,12,14,15), 46.39, 2.076, 6.541, -8.798, -0.008, 385/gDblProcessSpeed
LINE/t (10,11,12,14,15), 46.508, 2.845, 8.682, -11.756, -0.008, 385/gDblProcessSpeed
LINE/t (10,11,12,14,15), 46.625, 3.723, 10.775, -14.712, -0.007, 384/gDblProcessSpeed
LINE/t (10,11,12,14,15), 46.741, 4.705, 12.815, -17.662, -0.006, 384/gDblProcessSpeed
LINE/t (10,11,12,14,15), 46.855, 5.787, 14.793, -20.604, -0.006, 383/gDblProcessSpeed
LINE/t (10,11,12,14,15), 46.968, 6.965, 16.706, -23.538, -0.005, 382/gDblProcessSpeed
LINE/t (10,11,12,14,15), 47.077, 8.236, 18.552, -26.467, -0.004, 381/gDblProcessSpeed
LINE/t (10,11,12,14,15), 47.184, 9.598, 20.326, -29.393, -0.004, 381/gDblProcessSpeed
LINE/t (10,11,12,14,15), 47.289, 11.047, 22.026, -32.319, -0.003, 380/gDblProcessSpeed
LINE/t (10,11,12,14,15), 47.39, 12.581, 23.647, -35.247, -0.003, 381/gDblProcessSpeed
LINE/t (10,11,12,14,15), 47.487, 14.197, 25.189, -38.179, -0.002, 381/gDblProcessSpeed
LINE/t (10,11,12,14,15), 47.582, 15.895, 26.647, -41.121, -0.001, 383/gDblProcessSpeed
LINE/t (10,11,12,14,15), 47.673, 17.68, 28.026, -44.089, -0.001, 386/gDblProcessSpeed
LINE/t (10,11,12,14,15), 47.689, 19.084, 29.013, -46.355, 0., 293/gDblProcessSpeed
LINE/t (10,11,12,14,15), 47.689, 19.585, 29.348, -47.151, 0., 103/gDblProcessSpeed
LINE/t (10,11,12,14,15), 48.011, 19.654, 29.392, -47.257, 0., 322/gDblProcessSpeed
LINE/t (10,11,12,14,15), 48.014, 21.315, 30.555, -50.216, 0., 629/gDblProcessSpeed
LINE/t (10,11,12,14,15), 48.019, 21.65, 30.772, -50.8, 0., 124/gDblProcessSpeed
LINE/t (10,11,12,14,15), 48.078, 21.554, 30.72, -50.661, 0., 61/gDblProcessSpeed
LINE/t (10,11,12,14,15), 48.072, 19.972, 29.582, -47.721, 0., 702/gDblProcessSpeed
LINE/t (10,11,12,14,15), 48.07, 19.861, 29.497, -47.512, 0., 49/gDblProcessSpeed
LINE/t (10,11,12,14,15), 48.011, 19.654, 29.392, -47.257, 0., 60/gDblProcessSpeed
LINE/t (10,11,12,14,15), 48.044, 19.585, 29.348, -47.151, 0., 36/gDblProcessSpeed
LINE/t (10,11,12,14,15), 48.031, 17.752, 28.078, -44.204, -0.001, 383/gDblProcessSpeed
LINE/t (10,11,12,14,15), 47.938, 15.978, 26.713, -41.259, -0.001, 384/gDblProcessSpeed
LINE/t (10,11,12,14,15), 47.841, 14.281, 25.263, -38.323, -0.002, 383/gDblProcessSpeed
LINE/t (10,11,12,14,15), 47.74, 12.664, 23.726, -35.394, -0.003, 382/gDblProcessSpeed
LINE/t (10,11,12,14,15), 47.636, 11.128, 22.111, -32.469, -0.003, 382/gDblProcessSpeed
LINE/t (10,11,12,14,15), 47.528, 9.676, 20.417, -29.547, -0.004, 381/gDblProcessSpeed
LINE/t (10,11,12,14,15), 47.417, 8.311, 18.648, -26.623, -0.004, 382/gDblProcessSpeed
LINE/t (10,11,12,14,15), 47.304, 7.036, 16.808, -23.697, -0.005, 382/gDblProcessSpeed
LINE/t (10,11,12,14,15), 47.188, 5.855, 14.9, -20.766, -0.006, 383/gDblProcessSpeed
LINE/t (10,11,12,14,15), 47.07, 4.768, 12.927, -17.826, -0.006, 384/gDblProcessSpeed
LINE/t (10,11,12,14,15), 46.95, 3.782, 10.892, -14.88, -0.007, 385/gDblProcessSpeed
LINE/t (10,11,12,14,15), 46.829, 2.899, 8.804, -11.927, -0.007, 386/gDblProcessSpeed
LINE/t (10,11,12,14,15), 46.707, 2.124, 6.668, -8.973, -0.008, 386/gDblProcessSpeed
LINE/t (10,11,12,14,15), 46.585, 1.461, 4.495, -6.019, -0.008, 386/gDblProcessSpeed
LINE/t (10,11,12,14,15), 46.464, 0.915, 2.309, -3.099, -0.008, 382/gDblProcessSpeed
LINE/t (10,11,12,14,15), 46.342, 0.48, 0.096, -0.154, -0.008, 385/gDblProcessSpeed
LINE/t (10,11,12,14,15), 46.336, 0.46, -0.017, -0.004, -0.008, 18/gDblProcessSpeed
LINE/t (10,11,12,14,15), 45.085, 4.221, -0.213, 0.103, -0.008, 3990/gDblProcessSpeed
LINE/t (10,11,12,14,15), 45.096, 82.025, -1.462, 1.924, -0.008, 78235/gDblProcessSpeed
LINE/v (10,11,12,14,15), 45.215, 82.025, -1.462, 1.924, -0.008, gDblProcessSpeed
LINE/t (10,11,12,14,15), 45.217, 4.17, -0.21, 0.102, -0.008, 78286/gDblProcessSpeed
LINE/t (10,11,12,14,15), 46.484, 0.463, -0.018, -0.003, -0.008, 3943/gDblProcessSpeed
LINE/t (10,11,12,14,15), 46.603, 0.896, 2.161, -2.903, -0.008, 369/gDblProcessSpeed
LINE/t (10,11,12,14,15), 46.722, 1.437, 4.327, -5.796, -0.008, 369/gDblProcessSpeed
LINE/t (10,11,12,14,15), 46.841, 2.089, 6.467, -8.701, -0.008, 371/gDblProcessSpeed
LINE/t (10,11,12,14,15), 46.959, 2.844, 8.56, -11.592, -0.008, 369/gDblProcessSpeed
LINE/t (10,11,12,14,15), 47.077, 3.705, 10.612, -14.484, -0.007, 369/gDblProcessSpeed
LINE/t (10,11,12,14,15), 47.194, 4.666, 12.613, -17.373, -0.007, 369/gDblProcessSpeed
LINE/t (10,11,12,14,15), 47.309, 5.723, 14.558, -20.256, -0.006, 368/gDblProcessSpeed
LINE/t (10,11,12,14,15), 47.422, 6.873, 16.439, -23.129, -0.006, 367/gDblProcessSpeed
LINE/t (10,11,12,14,15), 47.539, 8.171, 18.337, -26.129, -0.005, 383/gDblProcessSpeed
LINE/t (10,11,12,14,15), 47.653, 9.564, 20.162, -29.125, -0.005, 382/gDblProcessSpeed
LINE/t (10,11,12,14,15), 47.763, 11.048, 21.906, -32.117, -0.004, 382/gDblProcessSpeed
LINE/t (10,11,12,14,15), 47.87, 12.62, 23.571, -35.112, -0.004, 382/gDblProcessSpeed
LINE/t (10,11,12,14,15), 47.975, 14.278, 25.148, -38.108, -0.003, 383/gDblProcessSpeed
LINE/t (10,11,12,14,15), 48.071, 15.94, 26.576, -40.979, -0.003, 367/gDblProcessSpeed
LINE/t (10,11,12,14,15), 48.163, 17.686, 27.928, -43.876, -0.002, 370/gDblProcessSpeed
LINE/t (10,11,12,14,15), 48.221, 19.136, 28.948, -46.205, -0.002, 296/gDblProcessSpeed
LINE/t (10,11,12,14,15), 48.221, 20.982, 30.129, -49.095, -0.001, 369/gDblProcessSpeed
LINE/t (10,11,12,14,15), 48.222, 22.885, 31.212, -51.986, -0.001, 369/gDblProcessSpeed
LINE/t (10,11,12,14,15), 48.222, 24.841, 32.196, -54.876, 0., 369/gDblProcessSpeed
LINE/t (10,11,12,14,15), 48.222, 25.614, 32.553, -56., 0., 144/gDblProcessSpeed
LINE/v (10,11,12,14,15), 48.197, 25.614, 32.553, -56., 0., gDblProcessSpeed
LINE/t (10,11,12,14,15), 48.189, 27.494, 33.398, -58.922, 0., 535/gDblProcessSpeed
LINE/t (10,11,12,14,15), 48.196, 28.955, 33.972, -61.181, 0., 434/gDblProcessSpeed
LINE/t (10,11,12,14,15), 48.211, 28.923, 33.966, -61.158, 0., 20/gDblProcessSpeed
LINE/t (10,11,12,14,15), 48.255, 28.904, 33.958, -61.125, 0., 45/gDblProcessSpeed
LINE/t (10,11,12,14,15), 48.255, 28.91, 33.956, -61.113, 0., 15/gDblProcessSpeed
LINE/t (10,11,12,14,15), 48.256, 27.01, 33.184, -58.144, 0., 585/gDblProcessSpeed
LINE/t (10,11,12,14,15), 48.248, 25.826, 32.632, -56.259, 0., 371/gDblProcessSpeed
LINE/t (10,11,12,14,15), 48.197, 25.614, 32.553, -56., 0., 51/gDblProcessSpeed
LINE/t (10,11,12,14,15), 48.044, 24.242, 31.926, -54.047, 0., 265/gDblProcessSpeed
LINE/t (10,11,12,14,15), 48.044, 26.309, 32.848, -56.978, 0., 325/gDblProcessSpeed
LINE/t (10,11,12,14,15), 48.044, 28.421, 33.663, -59.91, 0., 325/gDblProcessSpeed
LINE/t (10,11,12,14,15), 48.044, 30.571, 34.371, -62.841, 0., 325/gDblProcessSpeed
LINE/t (10,11,12,14,15), 48.044, 32.756, 34.968, -65.773, 0., 325/gDblProcessSpeed
LINE/t (10,11,12,14,15), 48.044, 34.967, 35.45, -68.704, 0., 325/gDblProcessSpeed
LINE/t (10,11,12,14,15), 48.044, 37.201, 35.819, -71.636, 0., 325/gDblProcessSpeed
LINE/t (10,11,12,14,15), 48.044, 38.099, 35.937, -72.808, 0., 130/gDblProcessSpeed
LINE/v (10,11,12,14,15), 47.867, 38.099, 35.937, -72.808, 0., gDblProcessSpeed
LINE/t (10,11,12,14,15), 47.867, 35.826, 35.606, -69.834, 0., 330/gDblProcessSpeed
LINE/t (10,11,12,14,15), 47.867, 33.572, 35.16, -66.859, 0., 330/gDblProcessSpeed
LINE/t (10,11,12,14,15), 47.867, 32.084, 34.797, -64.876, 0., 220/gDblProcessSpeed
LINE/t (10,11,12,14,15), 47.855, 31.733, 34.704, -64.406, 0., 53/gDblProcessSpeed
LINE/t (10,11,12,14,15), 47.855, 29.801, 34.05, -61.473, 0., 562/gDblProcessSpeed
LINE/t (10,11,12,14,15), 47.861, 28.88, 33.692, -60.057, 0., 272/gDblProcessSpeed
LINE/t (10,11,12,14,15), 47.863, 28.893, 33.676, -60.003, 0., 59/gDblProcessSpeed
LINE/t (10,11,12,14,15), 47.878, 28.838, 33.67, -59.972, 0., 32/gDblProcessSpeed
LINE/t (10,11,12,14,15), 47.878, 30.76, 34.389, -62.928, 0., 576/gDblProcessSpeed
LINE/t (10,11,12,14,15), 47.878, 31.733, 34.704, -64.406, 0., 288/gDblProcessSpeed
LINE/v (10,11,12,14,15), 48.211, 31.733, 34.704, -64.406, 0., gDblProcessSpeed
LINE/t (10,11,12,14,15), 48.211, 29.801, 34.05, -61.473, 0., 562/gDblProcessSpeed
LINE/t (10,11,12,14,15), 48.217, 28.88, 33.692, -60.057, 0., 272/gDblProcessSpeed
LINE/t (10,11,12,14,15), 48.219, 28.893, 33.676, -60.003, 0., 59/gDblProcessSpeed
LINE/t (10,11,12,14,15), 48.233, 28.838, 33.67, -59.972, 0., 32/gDblProcessSpeed
LINE/t (10,11,12,14,15), 48.233, 30.76, 34.389, -62.928, 0., 576/gDblProcessSpeed
LINE/t (10,11,12,14,15), 48.233, 31.733, 34.704, -64.406, 0., 288/gDblProcessSpeed
LINE/t (10,11,12,14,15), 48.222, 32.084, 34.797, -64.876, 0., 53/gDblProcessSpeed
LINE/t (10,11,12,14,15), 48.222, 34.321, 35.321, -67.851, 0., 330/gDblProcessSpeed
LINE/t (10,11,12,14,15), 48.222, 36.581, 35.73, -70.825, 0., 330/gDblProcessSpeed
LINE/t (10,11,12,14,15), 48.222, 38.099, 35.937, -72.808, 0., 220/gDblProcessSpeed
LINE/v (10,11,12,14,15), 48.4, 38.099, 35.937, -72.808, 0., gDblProcessSpeed
LINE/t (10,11,12,14,15), 48.4, 35.858, 35.612, -69.877, 0., 325/gDblProcessSpeed
LINE/t (10,11,12,14,15), 48.4, 33.637, 35.173, -66.945, 0., 325/gDblProcessSpeed
LINE/t (10,11,12,14,15), 48.4, 31.441, 34.622, -64.014, 0., 325/gDblProcessSpeed
LINE/t (10,11,12,14,15), 48.4, 29.277, 33.961, -61.082, 0., 325/gDblProcessSpeed
LINE/t (10,11,12,14,15), 48.4, 27.149, 33.187, -58.151, 0., 325/gDblProcessSpeed
LINE/t (10,11,12,14,15), 48.4, 25.063, 32.307, -55.219, 0., 325/gDblProcessSpeed
LINE/t (10,11,12,14,15), 48.4, 24.242, 31.926, -54.047, 0., 130/gDblProcessSpeed
LINE/v (10,11,12,14,15), 48.426, 24.242, 31.926, -54.047, 0., gDblProcessSpeed
LINE/t (10,11,12,14,15), 48.43, 22.558, 30.885, -51.105, 0., 667/gDblProcessSpeed
LINE/t (10,11,12,14,15), 48.426, 22.315, 30.722, -50.671, 0., 98/gDblProcessSpeed
LINE/t (10,11,12,14,15), 48.367, 22.36, 30.75, -50.744, 0., 60/gDblProcessSpeed
LINE/t (10,11,12,14,15), 48.367, 22.359, 30.761, -50.772, 0., 23/gDblProcessSpeed
LINE/t (10,11,12,14,15), 48.374, 24.01, 31.819, -53.729, 0., 705/gDblProcessSpeed
LINE/t (10,11,12,14,15), 48.387, 24.112, 31.873, -53.887, 0., 28/gDblProcessSpeed
LINE/t (10,11,12,14,15), 48.426, 24.242, 31.926, -54.047, 0., 38/gDblProcessSpeed
LINE/t (10,11,12,14,15), 48.411, 24.004, 31.812, -53.705, 0., 41/gDblProcessSpeed
LINE/t (10,11,12,14,15), 48.403, 22.394, 30.776, -50.814, 0., 694/gDblProcessSpeed
LINE/t (10,11,12,14,15), 48.389, 22.628, 30.933, -51.233, 0., 98/gDblProcessSpeed
LINE/t (10,11,12,14,15), 48.389, 24.004, 31.812, -53.705, 0., 597/gDblProcessSpeed
LINE/t (10,11,12,14,15), 48.552, 25.614, 32.553, -56., 0., 302/gDblProcessSpeed
LINE/t (10,11,12,14,15), 48.544, 27.494, 33.398, -58.922, 0., 535/gDblProcessSpeed
LINE/t (10,11,12,14,15), 48.552, 28.955, 33.972, -61.181, 0., 434/gDblProcessSpeed
LINE/t (10,11,12,14,15), 48.567, 28.923, 33.966, -61.158, 0., 20/gDblProcessSpeed
LINE/t (10,11,12,14,15), 48.611, 28.904, 33.958, -61.125, 0., 45/gDblProcessSpeed
LINE/t (10,11,12,14,15), 48.611, 28.91, 33.956, -61.113, 0., 15/gDblProcessSpeed
LINE/t (10,11,12,14,15), 48.611, 27.01, 33.184, -58.144, 0., 585/gDblProcessSpeed
LINE/t (10,11,12,14,15), 48.603, 25.826, 32.632, -56.259, 0., 371/gDblProcessSpeed
LINE/t (10,11,12,14,15), 48.552, 25.614, 32.553, -56., 0., 51/gDblProcessSpeed
LINE/v (10,11,12,14,15), 48.578, 25.614, 32.553, -56., 0., gDblProcessSpeed
LINE/t (10,11,12,14,15), 48.577, 23.641, 31.608, -53.111, -0.001, 369/gDblProcessSpeed
LINE/t (10,11,12,14,15), 48.577, 21.717, 30.562, -50.219, -0.001, 370/gDblProcessSpeed
LINE/t (10,11,12,14,15), 48.576, 19.841, 29.413, -47.318, -0.002, 371/gDblProcessSpeed
LINE/t (10,11,12,14,15), 48.563, 18.578, 28.564, -45.312, -0.002, 255/gDblProcessSpeed
LINE/t (10,11,12,14,15), 48.469, 16.804, 27.261, -42.424, -0.002, 369/gDblProcessSpeed
LINE/t (10,11,12,14,15), 48.372, 15.102, 25.874, -39.545, -0.003, 368/gDblProcessSpeed
LINE/t (10,11,12,14,15), 48.272, 13.473, 24.402, -36.671, -0.003, 367/gDblProcessSpeed
LINE/t (10,11,12,14,15), 48.163, 11.853, 22.78, -33.671, -0.004, 383/gDblProcessSpeed
LINE/t (10,11,12,14,15), 48.05, 10.32, 21.074, -30.673, -0.004, 383/gDblProcessSpeed
LINE/t (10,11,12,14,15), 47.934, 8.876, 19.287, -27.674, -0.005, 383/gDblProcessSpeed
LINE/t (10,11,12,14,15), 47.822, 7.584, 17.509, -24.804, -0.006, 367/gDblProcessSpeed
LINE/t (10,11,12,14,15), 47.705, 6.378, 15.659, -21.927, -0.006, 368/gDblProcessSpeed
LINE/t (10,11,12,14,15), 47.588, 5.264, 13.747, -19.044, -0.007, 368/gDblProcessSpeed
LINE/t (10,11,12,14,15), 47.468, 4.245, 11.776, -16.156, -0.007, 369/gDblProcessSpeed
LINE/t (10,11,12,14,15), 47.347, 3.323, 9.748, -13.259, -0.008, 370/gDblProcessSpeed
LINE/t (10,11,12,14,15), 47.225, 2.505, 7.676, -10.363, -0.008, 370/gDblProcessSpeed
LINE/t (10,11,12,14,15), 47.103, 1.792, 5.562, -7.467, -0.009, 370/gDblProcessSpeed
LINE/t (10,11,12,14,15), 46.98, 1.186, 3.408, -4.567, -0.009, 371/gDblProcessSpeed
LINE/t (10,11,12,14,15), 46.856, 0.686, 1.208, -1.634, -0.009, 375/gDblProcessSpeed
LINE/t (10,11,12,14,15), 46.788, 0.456, -0.012, -0.011, -0.009, 206/gDblProcessSpeed
LINE/t (10,11,12,14,15), 45.448, 4.277, -0.216, 0.104, -0.009, 4077/gDblProcessSpeed
LINE/t (10,11,12,14,15), 45.46, 82.025, -1.462, 1.924, -0.009, 78178/gDblProcessSpeed
LINE/v (10,11,12,14,15), 45.579, 82.025, -1.462, 1.924, -0.009, gDblProcessSpeed
LINE/t (10,11,12,14,15), 45.574, 4.262, -0.215, 0.104, -0.009, 78193/gDblProcessSpeed
LINE/t (10,11,12,14,15), 46.936, 0.46, -0.012, -0.01, -0.009, 4068/gDblProcessSpeed
LINE/t (10,11,12,14,15), 47.063, 0.882, 2.156, -2.895, -0.009, 377/gDblProcessSpeed
LINE/t (10,11,12,14,15), 47.19, 1.411, 4.31, -5.77, -0.009, 377/gDblProcessSpeed
LINE/t (10,11,12,14,15), 47.32, 2.066, 6.485, -8.723, -0.008, 388/gDblProcessSpeed
LINE/t (10,11,12,14,15), 47.45, 2.831, 8.623, -11.675, -0.008, 388/gDblProcessSpeed
LINE/t (10,11,12,14,15), 47.579, 3.705, 10.716, -14.629, -0.007, 388/gDblProcessSpeed
LINE/t (10,11,12,14,15), 47.706, 4.684, 12.756, -17.577, -0.006, 387/gDblProcessSpeed
LINE/t (10,11,12,14,15), 47.832, 5.763, 14.737, -20.519, -0.006, 386/gDblProcessSpeed
LINE/t (10,11,12,14,15), 47.956, 6.938, 16.651, -23.453, -0.005, 385/gDblProcessSpeed
LINE/t (10,11,12,14,15), 48.076, 8.205, 18.499, -26.381, -0.004, 384/gDblProcessSpeed
LINE/t (10,11,12,14,15), 48.195, 9.564, 20.274, -29.306, -0.004, 384/gDblProcessSpeed
LINE/t (10,11,12,14,15), 48.31, 11.009, 21.975, -32.23, -0.003, 384/gDblProcessSpeed
LINE/t (10,11,12,14,15), 48.421, 12.538, 23.597, -35.155, -0.003, 384/gDblProcessSpeed
LINE/t (10,11,12,14,15), 48.529, 14.149, 25.14, -38.083, -0.002, 384/gDblProcessSpeed
LINE/t (10,11,12,14,15), 48.634, 15.841, 26.599, -41.021, -0.001, 386/gDblProcessSpeed
LINE/t (10,11,12,14,15), 48.733, 17.62, 27.979, -43.985, -0.001, 389/gDblProcessSpeed
LINE/t (10,11,12,14,15), 48.755, 18.501, 28.611, -45.418, 0., 186/gDblProcessSpeed
LINE/t (10,11,12,14,15), 48.756, 19.585, 29.348, -47.151, 0., 228/gDblProcessSpeed
LINE/v (10,11,12,14,15), 48.781, 19.585, 29.348, -47.151, 0., gDblProcessSpeed
LINE/t (10,11,12,14,15), 48.722, 19.771, 29.455, -47.41, 0., 60/gDblProcessSpeed
LINE/t (10,11,12,14,15), 48.727, 21.364, 30.601, -50.342, 0., 679/gDblProcessSpeed
LINE/t (10,11,12,14,15), 48.73, 21.534, 30.716, -50.653, 0., 75/gDblProcessSpeed
LINE/t (10,11,12,14,15), 48.745, 21.587, 30.74, -50.717, 0., 15/gDblProcessSpeed
LINE/t (10,11,12,14,15), 48.789, 21.471, 30.68, -50.556, 0., 45/gDblProcessSpeed
LINE/t (10,11,12,14,15), 48.785, 19.832, 29.533, -47.603, 0., 653/gDblProcessSpeed
LINE/t (10,11,12,14,15), 48.781, 19.585, 29.348, -47.151, 0., 98/gDblProcessSpeed
LINE/t (10,11,12,14,15), 49.078, 19.654, 29.392, -47.257, 0., 297/gDblProcessSpeed
LINE/t (10,11,12,14,15), 49.081, 21.315, 30.555, -50.216, 0., 629/gDblProcessSpeed
LINE/t (10,11,12,14,15), 49.086, 21.65, 30.772, -50.8, 0., 124/gDblProcessSpeed
LINE/t (10,11,12,14,15), 49.145, 21.554, 30.72, -50.661, 0., 61/gDblProcessSpeed
LINE/t (10,11,12,14,15), 49.139, 19.972, 29.582, -47.721, 0., 702/gDblProcessSpeed
LINE/t (10,11,12,14,15), 49.137, 19.861, 29.497, -47.512, 0., 49/gDblProcessSpeed
LINE/t (10,11,12,14,15), 49.078, 19.654, 29.392, -47.257, 0., 60/gDblProcessSpeed
LINE/t (10,11,12,14,15), 49.111, 19.585, 29.348, -47.151, 0., 36/gDblProcessSpeed
LINE/t (10,11,12,14,15), 49.097, 17.767, 28.087, -44.223, -0.001, 384/gDblProcessSpeed
LINE/t (10,11,12,14,15), 48.994, 15.994, 26.723, -41.279, -0.001, 387/gDblProcessSpeed
LINE/t (10,11,12,14,15), 48.887, 14.297, 25.273, -38.344, -0.002, 386/gDblProcessSpeed
LINE/t (10,11,12,14,15), 48.777, 12.679, 23.737, -35.414, -0.002, 386/gDblProcessSpeed
LINE/t (10,11,12,14,15), 48.663, 11.142, 22.122, -32.489, -0.003, 385/gDblProcessSpeed
LINE/t (10,11,12,14,15), 48.544, 9.689, 20.427, -29.564, -0.004, 385/gDblProcessSpeed
LINE/t (10,11,12,14,15), 48.423, 8.323, 18.657, -26.638, -0.004, 385/gDblProcessSpeed
LINE/t (10,11,12,14,15), 48.299, 7.046, 16.816, -23.709, -0.005, 385/gDblProcessSpeed
LINE/t (10,11,12,14,15), 48.172, 5.862, 14.906, -20.774, -0.006, 386/gDblProcessSpeed
LINE/t (10,11,12,14,15), 48.042, 4.774, 12.93, -17.831, -0.006, 387/gDblProcessSpeed
LINE/t (10,11,12,14,15), 47.911, 3.786, 10.894, -14.883, -0.007, 388/gDblProcessSpeed
LINE/t (10,11,12,14,15), 47.778, 2.902, 8.806, -11.929, -0.007, 389/gDblProcessSpeed
LINE/t (10,11,12,14,15), 47.645, 2.127, 6.671, -8.978, -0.008, 388/gDblProcessSpeed
LINE/t (10,11,12,14,15), 47.512, 1.464, 4.501, -6.028, -0.008, 389/gDblProcessSpeed
LINE/t (10,11,12,14,15), 47.375, 0.91, 2.264, -3.04, -0.008, 398/gDblProcessSpeed
LINE/t (10,11,12,14,15), 47.243, 0.488, 0.102, -0.162, -0.008, 383/gDblProcessSpeed
LINE/t (10,11,12,14,15), 47.236, 0.468, -0.014, -0.009, -0.008, 19/gDblProcessSpeed
LINE/t (10,11,12,14,15), 45.811, 4.351, -0.22, 0.107, -0.008, 4166/gDblProcessSpeed
LINE/t (10,11,12,14,15), 45.822, 82.025, -1.462, 1.924, -0.008, 78103/gDblProcessSpeed
LINE/v (10,11,12,14,15), 45.7, 82.025, -1.462, 1.924, -0.008, gDblProcessSpeed
LINE/t (10,11,12,14,15), 45.696, 4.287, -0.216, 0.105, -0.008, 78168/gDblProcessSpeed
LINE/t (10,11,12,14,15), 47.08, 0.479, -0.02, 0., -0.008, 4078/gDblProcessSpeed
LINE/t (10,11,12,14,15), 47.209, 0.922, 2.207, -2.966, -0.008, 380/gDblProcessSpeed
LINE/t (10,11,12,14,15), 47.338, 1.479, 4.419, -5.922, -0.008, 380/gDblProcessSpeed
LINE/t (10,11,12,14,15), 47.465, 2.135, 6.556, -8.825, -0.008, 373/gDblProcessSpeed
LINE/t (10,11,12,14,15), 47.591, 2.893, 8.644, -11.711, -0.008, 371/gDblProcessSpeed
LINE/t (10,11,12,14,15), 47.716, 3.756, 10.691, -14.598, -0.007, 371/gDblProcessSpeed
LINE/t (10,11,12,14,15), 47.84, 4.719, 12.687, -17.483, -0.007, 371/gDblProcessSpeed
LINE/t (10,11,12,14,15), 47.963, 5.779, 14.628, -20.363, -0.006, 370/gDblProcessSpeed
LINE/t (10,11,12,14,15), 48.083, 6.931, 16.505, -23.233, -0.006, 369/gDblProcessSpeed
LINE/t (10,11,12,14,15), 48.206, 8.23, 18.399, -26.23, -0.005, 385/gDblProcessSpeed
LINE/t (10,11,12,14,15), 48.328, 9.625, 20.219, -29.222, -0.005, 385/gDblProcessSpeed
LINE/t (10,11,12,14,15), 48.445, 11.109, 21.958, -32.211, -0.004, 384/gDblProcessSpeed
LINE/t (10,11,12,14,15), 48.559, 12.681, 23.618, -35.201, -0.004, 384/gDblProcessSpeed
LINE/t (10,11,12,14,15), 48.67, 14.337, 25.191, -38.193, -0.003, 385/gDblProcessSpeed
LINE/t (10,11,12,14,15), 48.777, 16.075, 26.677, -41.189, -0.003, 385/gDblProcessSpeed
LINE/t (10,11,12,14,15), 48.875, 17.824, 28.021, -44.084, -0.002, 372/gDblProcessSpeed
LINE/t (10,11,12,14,15), 48.932, 19.089, 28.91, -46.115, -0.002, 260/gDblProcessSpeed
LINE/t (10,11,12,14,15), 48.932, 20.917, 30.086, -48.985, -0.001, 369/gDblProcessSpeed
LINE/t (10,11,12,14,15), 48.933, 22.802, 31.165, -51.855, -0.001, 369/gDblProcessSpeed
LINE/t (10,11,12,14,15), 48.933, 24.738, 32.147, -54.725, 0., 369/gDblProcessSpeed
LINE/t (10,11,12,14,15), 48.933, 25.614, 32.553, -56., 0., 164/gDblProcessSpeed
LINE/v (10,11,12,14,15), 48.908, 25.614, 32.553, -56., 0., gDblProcessSpeed
LINE/t (10,11,12,14,15), 48.9, 27.494, 33.398, -58.922, 0., 535/gDblProcessSpeed
LINE/t (10,11,12,14,15), 48.907, 28.955, 33.972, -61.181, 0., 434/gDblProcessSpeed
LINE/t (10,11,12,14,15), 48.923, 28.923, 33.966, -61.158, 0., 20/gDblProcessSpeed
LINE/t (10,11,12,14,15), 48.967, 28.904, 33.958, -61.125, 0., 45/gDblProcessSpeed
LINE/t (10,11,12,14,15), 48.967, 28.91, 33.956, -61.113, 0., 15/gDblProcessSpeed
LINE/t (10,11,12,14,15), 48.967, 27.01, 33.184, -58.144, 0., 585/gDblProcessSpeed
LINE/t (10,11,12,14,15), 48.959, 25.826, 32.632, -56.259, 0., 371/gDblProcessSpeed
LINE/t (10,11,12,14,15), 48.908, 25.614, 32.553, -56., 0., 51/gDblProcessSpeed
LINE/t (10,11,12,14,15), 48.756, 24.242, 31.926, -54.047, 0., 265/gDblProcessSpeed
LINE/t (10,11,12,14,15), 48.756, 26.309, 32.848, -56.978, 0., 325/gDblProcessSpeed
LINE/t (10,11,12,14,15), 48.756, 28.421, 33.663, -59.91, 0., 325/gDblProcessSpeed
LINE/t (10,11,12,14,15), 48.756, 30.571, 34.371, -62.841, 0., 325/gDblProcessSpeed
LINE/t (10,11,12,14,15), 48.756, 32.756, 34.968, -65.773, 0., 325/gDblProcessSpeed
LINE/t (10,11,12,14,15), 48.756, 34.967, 35.45, -68.704, 0., 325/gDblProcessSpeed
LINE/t (10,11,12,14,15), 48.756, 37.201, 35.819, -71.636, 0., 325/gDblProcessSpeed
LINE/t (10,11,12,14,15), 48.756, 38.099, 35.937, -72.808, 0., 130/gDblProcessSpeed
LINE/v (10,11,12,14,15), 48.578, 38.099, 35.937, -72.808, 0., gDblProcessSpeed
LINE/t (10,11,12,14,15), 48.578, 35.826, 35.606, -69.834, 0., 330/gDblProcessSpeed
LINE/t (10,11,12,14,15), 48.578, 33.572, 35.16, -66.859, 0., 330/gDblProcessSpeed
LINE/t (10,11,12,14,15), 48.578, 32.084, 34.797, -64.876, 0., 220/gDblProcessSpeed
LINE/t (10,11,12,14,15), 48.567, 31.733, 34.704, -64.406, 0., 53/gDblProcessSpeed
LINE/t (10,11,12,14,15), 48.567, 29.801, 34.05, -61.473, 0., 562/gDblProcessSpeed
LINE/t (10,11,12,14,15), 48.573, 28.88, 33.692, -60.057, 0., 272/gDblProcessSpeed
LINE/t (10,11,12,14,15), 48.575, 28.893, 33.676, -60.003, 0., 59/gDblProcessSpeed
LINE/t (10,11,12,14,15), 48.589, 28.838, 33.67, -59.972, 0., 32/gDblProcessSpeed
LINE/t (10,11,12,14,15), 48.589, 30.76, 34.389, -62.928, 0., 576/gDblProcessSpeed
LINE/t (10,11,12,14,15), 48.589, 31.733, 34.704, -64.406, 0., 288/gDblProcessSpeed
LINE/v (10,11,12,14,15), 48.922, 31.733, 34.704, -64.406, 0., gDblProcessSpeed
LINE/t (10,11,12,14,15), 48.922, 29.801, 34.05, -61.473, 0., 562/gDblProcessSpeed
LINE/t (10,11,12,14,15), 48.928, 28.88, 33.692, -60.057, 0., 272/gDblProcessSpeed
LINE/t (10,11,12,14,15), 48.93, 28.893, 33.676, -60.003, 0., 59/gDblProcessSpeed
LINE/t (10,11,12,14,15), 48.945, 28.838, 33.67, -59.972, 0., 32/gDblProcessSpeed
LINE/t (10,11,12,14,15), 48.945, 30.76, 34.389, -62.928, 0., 576/gDblProcessSpeed
LINE/t (10,11,12,14,15), 48.945, 31.733, 34.704, -64.406, 0., 288/gDblProcessSpeed
LINE/t (10,11,12,14,15), 48.933, 32.084, 34.797, -64.876, 0., 53/gDblProcessSpeed
LINE/t (10,11,12,14,15), 48.933, 34.321, 35.321, -67.851, 0., 330/gDblProcessSpeed
LINE/t (10,11,12,14,15), 48.933, 36.581, 35.73, -70.825, 0., 330/gDblProcessSpeed
LINE/t (10,11,12,14,15), 48.933, 38.099, 35.937, -72.808, 0., 220/gDblProcessSpeed
LINE/v (10,11,12,14,15), 49.111, 38.099, 35.937, -72.808, 0., gDblProcessSpeed
LINE/t (10,11,12,14,15), 49.111, 35.858, 35.612, -69.877, 0., 325/gDblProcessSpeed
LINE/t (10,11,12,14,15), 49.111, 33.637, 35.173, -66.945, 0., 325/gDblProcessSpeed
LINE/t (10,11,12,14,15), 49.111, 31.441, 34.622, -64.014, 0., 325/gDblProcessSpeed
LINE/t (10,11,12,14,15), 49.111, 29.277, 33.961, -61.082, 0., 325/gDblProcessSpeed
LINE/t (10,11,12,14,15), 49.111, 27.149, 33.187, -58.151, 0., 325/gDblProcessSpeed
LINE/t (10,11,12,14,15), 49.111, 25.063, 32.307, -55.219, 0., 325/gDblProcessSpeed
LINE/t (10,11,12,14,15), 49.111, 24.242, 31.926, -54.047, 0., 130/gDblProcessSpeed
LINE/t (10,11,12,14,15), 49.122, 24.004, 31.812, -53.705, 0., 39/gDblProcessSpeed
LINE/t (10,11,12,14,15), 49.114, 22.394, 30.776, -50.814, 0., 694/gDblProcessSpeed
LINE/t (10,11,12,14,15), 49.1, 22.628, 30.933, -51.233, 0., 98/gDblProcessSpeed
LINE/t (10,11,12,14,15), 49.1, 24.004, 31.812, -53.705, 0., 597/gDblProcessSpeed
LINE/v (10,11,12,14,15), 48.767, 24.004, 31.812, -53.705, 0., gDblProcessSpeed
LINE/t (10,11,12,14,15), 48.759, 22.394, 30.776, -50.814, 0., 694/gDblProcessSpeed
LINE/t (10,11,12,14,15), 48.744, 22.628, 30.933, -51.233, 0., 98/gDblProcessSpeed
LINE/t (10,11,12,14,15), 48.744, 24.004, 31.812, -53.705, 0., 597/gDblProcessSpeed
LINE/v (10,11,12,14,15), 48.056, 24.004, 31.812, -53.705, 0., gDblProcessSpeed
LINE/t (10,11,12,14,15), 48.048, 22.394, 30.776, -50.814, 0., 694/gDblProcessSpeed
LINE/t (10,11,12,14,15), 48.033, 22.628, 30.933, -51.233, 0., 98/gDblProcessSpeed
LINE/t (10,11,12,14,15), 48.033, 24.004, 31.812, -53.705, 0., 597/gDblProcessSpeed
LINE/v (10,11,12,14,15), 47.344, 24.004, 31.812, -53.705, 0., gDblProcessSpeed
LINE/t (10,11,12,14,15), 47.336, 22.394, 30.776, -50.814, 0., 694/gDblProcessSpeed
LINE/t (10,11,12,14,15), 47.322, 22.628, 30.933, -51.233, 0., 98/gDblProcessSpeed
LINE/t (10,11,12,14,15), 47.322, 24.004, 31.812, -53.705, 0., 597/gDblProcessSpeed
LINE/v (10,11,12,14,15), 46.633, 24.004, 31.812, -53.705, 0., gDblProcessSpeed
LINE/t (10,11,12,14,15), 46.625, 22.394, 30.776, -50.814, 0., 694/gDblProcessSpeed
LINE/t (10,11,12,14,15), 46.611, 22.628, 30.933, -51.233, 0., 98/gDblProcessSpeed
LINE/t (10,11,12,14,15), 46.611, 24.004, 31.812, -53.705, 0., 597/gDblProcessSpeed
LINE/v (10,11,12,14,15), 45.922, 24.004, 31.812, -53.705, 0., gDblProcessSpeed
LINE/t (10,11,12,14,15), 45.914, 22.394, 30.776, -50.814, 0., 694/gDblProcessSpeed
LINE/t (10,11,12,14,15), 45.9, 22.628, 30.933, -51.233, 0., 98/gDblProcessSpeed
LINE/t (10,11,12,14,15), 45.9, 24.004, 31.812, -53.705, 0., 597/gDblProcessSpeed
LINE/t (10,11,12,14,15), 45.733, 25.614, 32.553, -56., 0., 304/gDblProcessSpeed
LINE/t (10,11,12,14,15), 45.733, 23.589, 31.586, -53.046, -0.001, 369/gDblProcessSpeed
LINE/t (10,11,12,14,15), 45.732, 21.615, 30.513, -50.089, -0.001, 369/gDblProcessSpeed
LINE/t (10,11,12,14,15), 45.732, 19.694, 29.334, -47.125, -0.002, 370/gDblProcessSpeed
LINE/t (10,11,12,14,15), 45.715, 18.242, 28.349, -44.82, -0.002, 287/gDblProcessSpeed
LINE/t (10,11,12,14,15), 45.646, 16.47, 27.026, -41.922, -0.003, 362/gDblProcessSpeed
LINE/t (10,11,12,14,15), 45.573, 14.773, 25.621, -39.035, -0.003, 361/gDblProcessSpeed
LINE/t (10,11,12,14,15), 45.498, 13.153, 24.131, -36.155, -0.004, 360/gDblProcessSpeed
LINE/t (10,11,12,14,15), 45.421, 11.611, 22.565, -33.281, -0.004, 359/gDblProcessSpeed
LINE/t (10,11,12,14,15), 45.34, 10.152, 20.923, -30.411, -0.005, 359/gDblProcessSpeed
LINE/t (10,11,12,14,15), 45.255, 8.716, 19.129, -27.411, -0.005, 375/gDblProcessSpeed
LINE/t (10,11,12,14,15), 45.171, 7.432, 17.345, -24.542, -0.006, 359/gDblProcessSpeed
LINE/t (10,11,12,14,15), 45.084, 6.236, 15.492, -21.668, -0.006, 359/gDblProcessSpeed
LINE/t (10,11,12,14,15), 44.997, 5.132, 13.579, -18.79, -0.007, 360/gDblProcessSpeed
LINE/t (10,11,12,14,15), 44.908, 4.124, 11.607, -15.907, -0.007, 360/gDblProcessSpeed
LINE/t (10,11,12,14,15), 44.817, 3.213, 9.576, -13.013, -0.008, 362/gDblProcessSpeed
LINE/t (10,11,12,14,15), 44.726, 2.403, 7.496, -10.11, -0.008, 363/gDblProcessSpeed
LINE/t (10,11,12,14,15), 44.635, 1.698, 5.37, -7.201, -0.009, 364/gDblProcessSpeed
LINE/t (10,11,12,14,15), 44.542, 1.099, 3.198, -4.281, -0.009, 365/gDblProcessSpeed
LINE/t (10,11,12,14,15), 44.45, 0.61, 0.996, -1.349, -0.009, 367/gDblProcessSpeed
LINE/t (10,11,12,14,15), 44.408, 0.423, -0.014, -0.006, -0.009, 167/gDblProcessSpeed
LINE/t (10,11,12,14,15), 43.507, 3.895, -0.196, 0.094, -0.009, 3613/gDblProcessSpeed
LINE/t (10,11,12,14,15), 43.519, 82.025, -1.462, 1.924, -0.009, 78563/gDblProcessSpeed
LINE/v (10,11,12,14,15), 43.397, 82.025, -1.462, 1.924, -0.009, gDblProcessSpeed
LINE/t (10,11,12,14,15), 43.398, 3.782, -0.191, 0.091, -0.009, 78677/gDblProcessSpeed
LINE/t (10,11,12,14,15), 44.26, 0.419, -0.013, -0.007, -0.009, 3497/gDblProcessSpeed
LINE/t (10,11,12,14,15), 44.354, 0.86, 2.239, -3.001, -0.009, 380/gDblProcessSpeed
LINE/t (10,11,12,14,15), 44.448, 1.416, 4.472, -5.984, -0.009, 380/gDblProcessSpeed
LINE/t (10,11,12,14,15), 44.542, 2.086, 6.665, -8.965, -0.008, 380/gDblProcessSpeed
LINE/t (10,11,12,14,15), 44.636, 2.868, 8.817, -11.943, -0.007, 379/gDblProcessSpeed
LINE/t (10,11,12,14,15), 44.729, 3.756, 10.913, -14.906, -0.007, 378/gDblProcessSpeed
LINE/t (10,11,12,14,15), 44.82, 4.748, 12.954, -17.862, -0.006, 377/gDblProcessSpeed
LINE/t (10,11,12,14,15), 44.91, 5.84, 14.932, -20.811, -0.006, 376/gDblProcessSpeed
LINE/t (10,11,12,14,15), 44.998, 7.03, 16.847, -23.754, -0.005, 375/gDblProcessSpeed
LINE/t (10,11,12,14,15), 45.084, 8.315, 18.693, -26.694, -0.004, 375/gDblProcessSpeed
LINE/t (10,11,12,14,15), 45.168, 9.692, 20.469, -29.633, -0.004, 374/gDblProcessSpeed
LINE/t (10,11,12,14,15), 45.251, 11.157, 22.17, -32.573, -0.003, 375/gDblProcessSpeed
LINE/t (10,11,12,14,15), 45.33, 12.71, 23.793, -35.517, -0.002, 375/gDblProcessSpeed
LINE/t (10,11,12,14,15), 45.406, 14.347, 25.337, -38.469, -0.002, 376/gDblProcessSpeed
LINE/t (10,11,12,14,15), 45.48, 16.07, 26.797, -41.434, -0.001, 378/gDblProcessSpeed
LINE/t (10,11,12,14,15), 45.552, 17.877, 28.175, -44.42, -0.001, 380/gDblProcessSpeed
LINE/t (10,11,12,14,15), 45.555, 19.585, 29.348, -47.151, 0., 348/gDblProcessSpeed
LINE/v (10,11,12,14,15), 45.581, 19.585, 29.348, -47.151, 0., gDblProcessSpeed
LINE/t (10,11,12,14,15), 45.522, 19.771, 29.455, -47.41, 0., 60/gDblProcessSpeed
LINE/t (10,11,12,14,15), 45.527, 21.364, 30.601, -50.342, 0., 679/gDblProcessSpeed
LINE/t (10,11,12,14,15), 45.53, 21.534, 30.716, -50.653, 0., 75/gDblProcessSpeed
LINE/t (10,11,12,14,15), 45.544, 21.587, 30.74, -50.717, 0., 15/gDblProcessSpeed
LINE/t (10,11,12,14,15), 45.589, 21.471, 30.68, -50.556, 0., 45/gDblProcessSpeed
LINE/t (10,11,12,14,15), 45.585, 19.832, 29.533, -47.603, 0., 653/gDblProcessSpeed
LINE/t (10,11,12,14,15), 45.581, 19.585, 29.348, -47.151, 0., 98/gDblProcessSpeed
LINE/t (10,11,12,14,15), 45.233, 19.654, 29.392, -47.257, 0., 348/gDblProcessSpeed
LINE/t (10,11,12,14,15), 45.166, 19.861, 29.503, -47.528, 0., 67/gDblProcessSpeed
LINE/t (10,11,12,14,15), 45.173, 21.404, 30.642, -50.456, 0., 729/gDblProcessSpeed
LINE/t (10,11,12,14,15), 45.174, 21.449, 30.675, -50.546, 0., 25/gDblProcessSpeed
LINE/t (10,11,12,14,15), 45.189, 21.496, 30.696, -50.6, 0., 15/gDblProcessSpeed
LINE/t (10,11,12,14,15), 45.233, 21.4, 30.645, -50.465, 0., 45/gDblProcessSpeed
LINE/t (10,11,12,14,15), 45.233, 19.82, 29.517, -47.564, 0., 670/gDblProcessSpeed
LINE/t (10,11,12,14,15), 45.233, 19.654, 29.392, -47.257, 0., 69/gDblProcessSpeed
LINE/t (10,11,12,14,15), 45.2, 19.585, 29.348, -47.151, 0., 36/gDblProcessSpeed
LINE/t (10,11,12,14,15), 45.193, 17.783, 28.107, -44.268, -0.001, 366/gDblProcessSpeed
LINE/t (10,11,12,14,15), 45.125, 15.99, 26.733, -41.299, -0.001, 378/gDblProcessSpeed
LINE/t (10,11,12,14,15), 45.055, 14.276, 25.273, -38.343, -0.002, 376/gDblProcessSpeed
LINE/t (10,11,12,14,15), 44.982, 12.644, 23.727, -35.394, -0.002, 375/gDblProcessSpeed
LINE/t (10,11,12,14,15), 44.906, 11.097, 22.102, -32.453, -0.003, 374/gDblProcessSpeed
LINE/t (10,11,12,14,15), 44.828, 9.637, 20.4, -29.517, -0.004, 374/gDblProcessSpeed
LINE/t (10,11,12,14,15), 44.747, 8.266, 18.624, -26.582, -0.004, 374/gDblProcessSpeed
LINE/t (10,11,12,14,15), 44.665, 6.987, 16.778, -23.646, -0.005, 374/gDblProcessSpeed
LINE/t (10,11,12,14,15), 44.581, 5.803, 14.863, -20.708, -0.006, 374/gDblProcessSpeed
LINE/t (10,11,12,14,15), 44.495, 4.716, 12.886, -17.763, -0.006, 375/gDblProcessSpeed
LINE/t (10,11,12,14,15), 44.408, 3.73, 10.847, -14.812, -0.007, 376/gDblProcessSpeed
LINE/t (10,11,12,14,15), 44.32, 2.847, 8.754, -11.854, -0.007, 377/gDblProcessSpeed
LINE/t (10,11,12,14,15), 44.231, 2.07, 6.603, -8.88, -0.008, 378/gDblProcessSpeed
LINE/t (10,11,12,14,15), 44.141, 1.404, 4.411, -5.903, -0.008, 379/gDblProcessSpeed
LINE/t (10,11,12,14,15), 44.053, 0.858, 2.203, -2.954, -0.008, 375/gDblProcessSpeed
LINE/t (10,11,12,14,15), 43.964, 0.425, -0.018, -0.001, -0.008, 375/gDblProcessSpeed
LINE/t (10,11,12,14,15), 43.144, 3.82, -0.193, 0.092, -0.008, 3517/gDblProcessSpeed
LINE/t (10,11,12,14,15), 43.155, 82.026, -1.462, 1.924, -0.008, 78638/gDblProcessSpeed
LINE/v (10,11,12,14,15), 43.034, 82.026, -1.462, 1.924, -0.008, gDblProcessSpeed
LINE/t (10,11,12,14,15), 43.034, 3.708, -0.187, 0.089, -0.008, 78751/gDblProcessSpeed
LINE/t (10,11,12,14,15), 43.821, 0.407, -0.01, -0.011, -0.008, 3419/gDblProcessSpeed
LINE/t (10,11,12,14,15), 43.903, 0.835, 2.15, -2.883, -0.008, 356/gDblProcessSpeed
LINE/t (10,11,12,14,15), 43.989, 1.398, 4.396, -5.882, -0.008, 373/gDblProcessSpeed
LINE/t (10,11,12,14,15), 44.072, 2.056, 6.543, -8.798, -0.008, 362/gDblProcessSpeed
LINE/t (10,11,12,14,15), 44.156, 2.821, 8.65, -11.71, -0.008, 362/gDblProcessSpeed
LINE/t (10,11,12,14,15), 44.238, 3.687, 10.701, -14.606, -0.007, 360/gDblProcessSpeed
LINE/t (10,11,12,14,15), 44.319, 4.652, 12.701, -17.496, -0.007, 359/gDblProcessSpeed
LINE/t (10,11,12,14,15), 44.4, 5.715, 14.644, -20.38, -0.006, 358/gDblProcessSpeed
LINE/t (10,11,12,14,15), 44.478, 6.871, 16.524, -23.256, -0.006, 357/gDblProcessSpeed
LINE/t (10,11,12,14,15), 44.555, 8.118, 18.342, -26.131, -0.005, 357/gDblProcessSpeed
LINE/t (10,11,12,14,15), 44.631, 9.454, 20.092, -29.004, -0.005, 357/gDblProcessSpeed
LINE/t (10,11,12,14,15), 44.705, 10.876, 21.772, -31.878, -0.004, 357/gDblProcessSpeed
LINE/t (10,11,12,14,15), 44.776, 12.381, 23.38, -34.756, -0.004, 357/gDblProcessSpeed
LINE/t (10,11,12,14,15), 44.846, 13.967, 24.909, -37.639, -0.003, 358/gDblProcessSpeed
LINE/t (10,11,12,14,15), 44.913, 15.633, 26.359, -40.529, -0.003, 359/gDblProcessSpeed
LINE/t (10,11,12,14,15), 44.977, 17.383, 27.733, -43.443, -0.002, 362/gDblProcessSpeed
LINE/t (10,11,12,14,15), 45.02, 19.033, 28.901, -46.094, -0.002, 328/gDblProcessSpeed
LINE/t (10,11,12,14,15), 45.021, 20.939, 30.117, -49.066, -0.001, 369/gDblProcessSpeed
LINE/t (10,11,12,14,15), 45.021, 22.907, 31.231, -52.038, -0.001, 369/gDblProcessSpeed
LINE/t (10,11,12,14,15), 45.022, 24.929, 32.239, -55.01, 0., 369/gDblProcessSpeed
LINE/t (10,11,12,14,15), 45.022, 25.614, 32.553, -56., 0., 123/gDblProcessSpeed
LINE/v (10,11,12,14,15), 45.047, 25.614, 32.553, -56., 0., gDblProcessSpeed
LINE/t (10,11,12,14,15), 44.988, 25.863, 32.651, -56.322, 0., 61/gDblProcessSpeed
LINE/t (10,11,12,14,15), 44.988, 27.78, 33.504, -59.319, 0., 565/gDblProcessSpeed
LINE/t (10,11,12,14,15), 44.994, 28.959, 33.961, -61.129, 0., 341/gDblProcessSpeed
LINE/t (10,11,12,14,15), 44.996, 29.009, 33.993, -61.265, 0., 64/gDblProcessSpeed
LINE/t (10,11,12,14,15), 45.026, 29.07, 34.009, -61.329, 0., 30/gDblProcessSpeed
LINE/t (10,11,12,14,15), 45.055, 28.959, 33.971, -61.171, 0., 37/gDblProcessSpeed
LINE/t (10,11,12,14,15), 45.055, 27.033, 33.201, -58.208, 0., 555/gDblProcessSpeed
LINE/t (10,11,12,14,15), 45.047, 25.614, 32.553, -56., 0., 401/gDblProcessSpeed
LINE/t (10,11,12,14,15), 45.2, 24.242, 31.926, -54.047, 0., 265/gDblProcessSpeed
LINE/t (10,11,12,14,15), 45.2, 26.309, 32.848, -56.978, 0., 325/gDblProcessSpeed
LINE/t (10,11,12,14,15), 45.2, 28.421, 33.663, -59.91, 0., 325/gDblProcessSpeed
LINE/t (10,11,12,14,15), 45.2, 30.571, 34.371, -62.841, 0., 325/gDblProcessSpeed
LINE/t (10,11,12,14,15), 45.2, 32.756, 34.968, -65.773, 0., 325/gDblProcessSpeed
LINE/t (10,11,12,14,15), 45.2, 34.967, 35.45, -68.704, 0., 325/gDblProcessSpeed
LINE/t (10,11,12,14,15), 45.2, 37.201, 35.819, -71.636, 0., 325/gDblProcessSpeed
LINE/t (10,11,12,14,15), 45.2, 38.099, 35.937, -72.808, 0., 130/gDblProcessSpeed
LINE/v (10,11,12,14,15), 45.022, 38.099, 35.937, -72.808, 0., gDblProcessSpeed
LINE/t (10,11,12,14,15), 45.022, 35.826, 35.606, -69.834, 0., 330/gDblProcessSpeed
LINE/t (10,11,12,14,15), 45.022, 33.572, 35.16, -66.859, 0., 330/gDblProcessSpeed
LINE/t (10,11,12,14,15), 45.022, 32.084, 34.797, -64.876, 0., 220/gDblProcessSpeed
LINE/t (10,11,12,14,15), 45.011, 31.733, 34.704, -64.406, 0., 53/gDblProcessSpeed
LINE/t (10,11,12,14,15), 45.011, 29.801, 34.05, -61.473, 0., 562/gDblProcessSpeed
LINE/t (10,11,12,14,15), 45.017, 28.88, 33.692, -60.057, 0., 272/gDblProcessSpeed
LINE/t (10,11,12,14,15), 45.019, 28.893, 33.676, -60.003, 0., 59/gDblProcessSpeed
LINE/t (10,11,12,14,15), 45.033, 28.838, 33.67, -59.972, 0., 32/gDblProcessSpeed
LINE/t (10,11,12,14,15), 45.033, 30.76, 34.389, -62.928, 0., 576/gDblProcessSpeed
LINE/t (10,11,12,14,15), 45.033, 31.733, 34.704, -64.406, 0., 288/gDblProcessSpeed
LINE/t (10,11,12,14,15), 45.344, 31.958, 34.764, -64.707, 0., 313/gDblProcessSpeed
LINE/t (10,11,12,14,15), 45.367, 31.793, 34.729, -64.532, 0., 27/gDblProcessSpeed
LINE/t (10,11,12,14,15), 45.411, 31.613, 34.684, -64.31, 0., 45/gDblProcessSpeed
LINE/t (10,11,12,14,15), 45.411, 29.704, 34.023, -61.36, 0., 600/gDblProcessSpeed
LINE/t (10,11,12,14,15), 45.405, 28.737, 33.636, -59.844, 0., 308/gDblProcessSpeed
LINE/t (10,11,12,14,15), 45.403, 28.708, 33.605, -59.734, 0., 63/gDblProcessSpeed
LINE/t (10,11,12,14,15), 45.373, 28.656, 33.592, -59.681, 0., 30/gDblProcessSpeed
LINE/t (10,11,12,14,15), 45.344, 28.753, 33.63, -59.823, 0., 37/gDblProcessSpeed
LINE/t (10,11,12,14,15), 45.344, 30.695, 34.362, -62.81, 0., 580/gDblProcessSpeed
LINE/t (10,11,12,14,15), 45.344, 31.958, 34.764, -64.707, 0., 357/gDblProcessSpeed
LINE/t (10,11,12,14,15), 45.377, 32.084, 34.797, -64.876, 0., 38/gDblProcessSpeed
LINE/t (10,11,12,14,15), 45.377, 34.321, 35.321, -67.851, 0., 330/gDblProcessSpeed
LINE/t (10,11,12,14,15), 45.377, 36.581, 35.73, -70.825, 0., 330/gDblProcessSpeed
LINE/t (10,11,12,14,15), 45.377, 38.099, 35.937, -72.808, 0., 220/gDblProcessSpeed
LINE/v (10,11,12,14,15), 45.555, 38.099, 35.937, -72.808, 0., gDblProcessSpeed
LINE/t (10,11,12,14,15), 45.555, 35.858, 35.612, -69.877, 0., 325/gDblProcessSpeed
LINE/t (10,11,12,14,15), 45.555, 33.637, 35.173, -66.945, 0., 325/gDblProcessSpeed
LINE/t (10,11,12,14,15), 45.555, 31.441, 34.622, -64.014, 0., 325/gDblProcessSpeed
LINE/t (10,11,12,14,15), 45.555, 29.277, 33.961, -61.082, 0., 325/gDblProcessSpeed
LINE/t (10,11,12,14,15), 45.555, 27.149, 33.187, -58.151, 0., 325/gDblProcessSpeed
LINE/t (10,11,12,14,15), 45.555, 25.063, 32.307, -55.219, 0., 325/gDblProcessSpeed
LINE/t (10,11,12,14,15), 45.555, 24.242, 31.926, -54.047, 0., 130/gDblProcessSpeed
LINE/t (10,11,12,14,15), 45.566, 24.004, 31.812, -53.705, 0., 39/gDblProcessSpeed
LINE/t (10,11,12,14,15), 45.558, 22.394, 30.776, -50.814, 0., 694/gDblProcessSpeed
LINE/t (10,11,12,14,15), 45.544, 22.628, 30.933, -51.233, 0., 98/gDblProcessSpeed
LINE/t (10,11,12,14,15), 45.544, 24.004, 31.812, -53.705, 0., 597/gDblProcessSpeed
LINE/t (10,11,12,14,15), 45.377, 25.614, 32.553, -56., 0., 304/gDblProcessSpeed
LINE/t (10,11,12,14,15), 45.377, 23.581, 31.583, -53.037, -0.001, 369/gDblProcessSpeed
LINE/t (10,11,12,14,15), 45.377, 21.6, 30.506, -50.071, -0.001, 369/gDblProcessSpeed
LINE/t (10,11,12,14,15), 45.376, 19.672, 29.323, -47.097, -0.002, 370/gDblProcessSpeed
LINE/t (10,11,12,14,15), 45.361, 18.217, 28.335, -44.786, -0.002, 287/gDblProcessSpeed
LINE/t (10,11,12,14,15), 45.294, 16.443, 27.009, -41.884, -0.003, 362/gDblProcessSpeed
LINE/t (10,11,12,14,15), 45.225, 14.745, 25.6, -38.995, -0.003, 360/gDblProcessSpeed
LINE/t (10,11,12,14,15), 45.153, 13.123, 24.108, -36.112, -0.004, 359/gDblProcessSpeed
LINE/t (10,11,12,14,15), 45.079, 11.581, 22.539, -33.235, -0.004, 358/gDblProcessSpeed
LINE/t (10,11,12,14,15), 45.003, 10.122, 20.895, -30.363, -0.005, 358/gDblProcessSpeed
LINE/t (10,11,12,14,15), 44.924, 8.746, 19.179, -27.491, -0.005, 358/gDblProcessSpeed
LINE/t (10,11,12,14,15), 44.844, 7.458, 17.395, -24.62, -0.006, 358/gDblProcessSpeed
LINE/t (10,11,12,14,15), 44.762, 6.259, 15.543, -21.745, -0.006, 358/gDblProcessSpeed
LINE/t (10,11,12,14,15), 44.679, 5.153, 13.63, -18.866, -0.007, 359/gDblProcessSpeed
LINE/t (10,11,12,14,15), 44.594, 4.142, 11.659, -15.982, -0.007, 359/gDblProcessSpeed
LINE/t (10,11,12,14,15), 44.508, 3.227, 9.629, -13.086, -0.008, 361/gDblProcessSpeed
LINE/t (10,11,12,14,15), 44.421, 2.414, 7.549, -10.182, -0.008, 362/gDblProcessSpeed
LINE/t (10,11,12,14,15), 44.333, 1.706, 5.423, -7.272, -0.009, 363/gDblProcessSpeed
LINE/t (10,11,12,14,15), 44.246, 1.106, 3.262, -4.365, -0.009, 362/gDblProcessSpeed
LINE/t (10,11,12,14,15), 44.158, 0.619, 1.085, -1.467, -0.009, 361/gDblProcessSpeed
LINE/t (10,11,12,14,15), 44.115, 0.415, -0.012, -0.008, -0.009, 181/gDblProcessSpeed
LINE/t (10,11,12,14,15), 43.266, 3.845, -0.194, 0.093, -0.009, 3559/gDblProcessSpeed
LINE/t (10,11,12,14,15), 43.278, 82.025, -1.462, 1.924, -0.009, 78613/gDblProcessSpeed
LINE/v (10,11,12,14,15), 42.912, 82.026, -1.462, 1.924, -0.009, gDblProcessSpeed
LINE/t (10,11,12,14,15), 42.911, 3.683, -0.186, 0.089, -0.009, 78776/gDblProcessSpeed
LINE/t (10,11,12,14,15), 43.75, 0.823, 2.083, -2.793, -0.009, 3730/gDblProcessSpeed
LINE/t (10,11,12,14,15), 43.833, 1.357, 4.268, -5.709, -0.009, 370/gDblProcessSpeed
LINE/t (10,11,12,14,15), 43.918, 2.017, 6.466, -8.692, -0.008, 378/gDblProcessSpeed
LINE/t (10,11,12,14,15), 44.004, 2.788, 8.622, -11.669, -0.008, 378/gDblProcessSpeed
LINE/t (10,11,12,14,15), 44.087, 3.665, 10.72, -14.63, -0.007, 375/gDblProcessSpeed
LINE/t (10,11,12,14,15), 44.17, 4.646, 12.764, -17.584, -0.006, 375/gDblProcessSpeed
LINE/t (10,11,12,14,15), 44.252, 5.729, 14.747, -20.532, -0.006, 374/gDblProcessSpeed
LINE/t (10,11,12,14,15), 44.332, 6.909, 16.667, -23.474, -0.005, 373/gDblProcessSpeed
LINE/t (10,11,12,14,15), 44.41, 8.185, 18.52, -26.413, -0.004, 373/gDblProcessSpeed
LINE/t (10,11,12,14,15), 44.487, 9.553, 20.303, -29.353, -0.004, 373/gDblProcessSpeed
LINE/t (10,11,12,14,15), 44.562, 11.011, 22.012, -32.293, -0.003, 373/gDblProcessSpeed
LINE/t (10,11,12,14,15), 44.634, 12.557, 23.644, -35.239, -0.003, 374/gDblProcessSpeed
LINE/t (10,11,12,14,15), 44.703, 14.188, 25.197, -38.193, -0.002, 374/gDblProcessSpeed
LINE/t (10,11,12,14,15), 44.77, 15.904, 26.665, -41.158, -0.001, 376/gDblProcessSpeed
LINE/t (10,11,12,14,15), 44.835, 17.707, 28.052, -44.147, -0.001, 379/gDblProcessSpeed
LINE/t (10,11,12,14,15), 44.844, 19.481, 29.28, -46.987, 0., 360/gDblProcessSpeed
LINE/t (10,11,12,14,15), 44.844, 19.585, 29.348, -47.151, 0., 21/gDblProcessSpeed
LINE/v (10,11,12,14,15), 44.87, 19.585, 29.348, -47.151, 0., gDblProcessSpeed
LINE/t (10,11,12,14,15), 44.811, 19.771, 29.455, -47.41, 0., 60/gDblProcessSpeed
LINE/t (10,11,12,14,15), 44.816, 21.364, 30.601, -50.342, 0., 679/gDblProcessSpeed
LINE/t (10,11,12,14,15), 44.819, 21.534, 30.716, -50.653, 0., 75/gDblProcessSpeed
LINE/t (10,11,12,14,15), 44.833, 21.587, 30.74, -50.717, 0., 15/gDblProcessSpeed
LINE/t (10,11,12,14,15), 44.878, 21.471, 30.68, -50.556, 0., 45/gDblProcessSpeed
LINE/t (10,11,12,14,15), 44.874, 19.832, 29.533, -47.603, 0., 653/gDblProcessSpeed
LINE/t (10,11,12,14,15), 44.87, 19.585, 29.348, -47.151, 0., 98/gDblProcessSpeed
LINE/t (10,11,12,14,15), 44.522, 19.654, 29.392, -47.257, 0., 348/gDblProcessSpeed
LINE/t (10,11,12,14,15), 44.455, 19.861, 29.503, -47.528, 0., 67/gDblProcessSpeed
LINE/t (10,11,12,14,15), 44.462, 21.404, 30.642, -50.456, 0., 729/gDblProcessSpeed
LINE/t (10,11,12,14,15), 44.463, 21.449, 30.675, -50.546, 0., 25/gDblProcessSpeed
LINE/t (10,11,12,14,15), 44.478, 21.496, 30.696, -50.6, 0., 15/gDblProcessSpeed
LINE/t (10,11,12,14,15), 44.522, 21.4, 30.645, -50.465, 0., 45/gDblProcessSpeed
LINE/t (10,11,12,14,15), 44.522, 19.82, 29.517, -47.564, 0., 670/gDblProcessSpeed
LINE/t (10,11,12,14,15), 44.522, 19.654, 29.392, -47.257, 0., 69/gDblProcessSpeed
LINE/t (10,11,12,14,15), 44.488, 19.585, 29.348, -47.151, 0., 36/gDblProcessSpeed
LINE/t (10,11,12,14,15), 44.482, 17.768, 28.098, -44.249, -0.001, 366/gDblProcessSpeed
LINE/t (10,11,12,14,15), 44.421, 15.967, 26.718, -41.269, -0.001, 377/gDblProcessSpeed
LINE/t (10,11,12,14,15), 44.358, 14.247, 25.252, -38.301, -0.002, 375/gDblProcessSpeed
LINE/t (10,11,12,14,15), 44.292, 12.609, 23.699, -35.343, -0.003, 374/gDblProcessSpeed
LINE/t (10,11,12,14,15), 44.224, 11.058, 22.068, -32.392, -0.003, 373/gDblProcessSpeed
LINE/t (10,11,12,14,15), 44.153, 9.594, 20.359, -29.447, -0.004, 372/gDblProcessSpeed
LINE/t (10,11,12,14,15), 44.081, 8.221, 18.576, -26.504, -0.004, 372/gDblProcessSpeed
LINE/t (10,11,12,14,15), 44.007, 6.941, 16.724, -23.561, -0.005, 372/gDblProcessSpeed
LINE/t (10,11,12,14,15), 43.931, 5.756, 14.803, -20.616, -0.006, 372/gDblProcessSpeed
LINE/t (10,11,12,14,15), 43.854, 4.669, 12.82, -17.666, -0.006, 373/gDblProcessSpeed
LINE/t (10,11,12,14,15), 43.775, 3.684, 10.776, -14.71, -0.007, 374/gDblProcessSpeed
LINE/t (10,11,12,14,15), 43.696, 2.803, 8.678, -11.747, -0.008, 374/gDblProcessSpeed
LINE/t (10,11,12,14,15), 43.616, 2.028, 6.523, -8.769, -0.008, 376/gDblProcessSpeed
LINE/t (10,11,12,14,15), 43.535, 1.365, 4.323, -5.782, -0.008, 377/gDblProcessSpeed
LINE/t (10,11,12,14,15), 43.457, 0.831, 2.157, -2.891, -0.008, 365/gDblProcessSpeed
LINE/t (10,11,12,14,15), 43.379, 0.409, -0.015, -0.005, -0.008, 364/gDblProcessSpeed
LINE/t (10,11,12,14,15), 42.659, 3.739, -0.188, 0.09, -0.008, 3432/gDblProcessSpeed
LINE/t (10,11,12,14,15), 42.67, 82.026, -1.462, 1.924, -0.008, 78720/gDblProcessSpeed
LINE/v (10,11,12,14,15), 42.792, 82.026, -1.462, 1.924, -0.008, gDblProcessSpeed
LINE/t (10,11,12,14,15), 42.792, 3.659, -0.185, 0.088, -0.008, 78801/gDblProcessSpeed
LINE/t (10,11,12,14,15), 43.526, 0.412, -0.016, -0.003, -0.008, 3352/gDblProcessSpeed
LINE/t (10,11,12,14,15), 43.606, 0.854, 2.209, -2.961, -0.008, 366/gDblProcessSpeed
LINE/t (10,11,12,14,15), 43.687, 1.411, 4.427, -5.924, -0.008, 368/gDblProcessSpeed
LINE/t (10,11,12,14,15), 43.766, 2.069, 6.57, -8.836, -0.008, 361/gDblProcessSpeed
LINE/t (10,11,12,14,15), 43.845, 2.834, 8.673, -11.743, -0.008, 361/gDblProcessSpeed
LINE/t (10,11,12,14,15), 43.923, 3.699, 10.721, -14.635, -0.007, 359/gDblProcessSpeed
LINE/t (10,11,12,14,15), 44., 4.663, 12.717, -17.52, -0.007, 358/gDblProcessSpeed
LINE/t (10,11,12,14,15), 44.076, 5.725, 14.657, -20.399, -0.006, 357/gDblProcessSpeed
LINE/t (10,11,12,14,15), 44.151, 6.879, 16.534, -23.271, -0.006, 356/gDblProcessSpeed
LINE/t (10,11,12,14,15), 44.224, 8.124, 18.349, -26.142, -0.005, 356/gDblProcessSpeed
LINE/t (10,11,12,14,15), 44.296, 9.458, 20.097, -29.012, -0.005, 356/gDblProcessSpeed
LINE/t (10,11,12,14,15), 44.366, 10.878, 21.774, -31.882, -0.004, 356/gDblProcessSpeed
LINE/t (10,11,12,14,15), 44.433, 12.381, 23.38, -34.757, -0.004, 357/gDblProcessSpeed
LINE/t (10,11,12,14,15), 44.499, 13.965, 24.907, -37.636, -0.003, 357/gDblProcessSpeed
LINE/t (10,11,12,14,15), 44.563, 15.629, 26.356, -40.523, -0.003, 358/gDblProcessSpeed
LINE/t (10,11,12,14,15), 44.624, 17.376, 27.729, -43.434, -0.002, 361/gDblProcessSpeed
LINE/t (10,11,12,14,15), 44.665, 19.129, 28.967, -46.25, -0.002, 348/gDblProcessSpeed
LINE/t (10,11,12,14,15), 44.665, 21.042, 30.179, -49.224, -0.001, 369/gDblProcessSpeed
LINE/t (10,11,12,14,15), 44.666, 23.014, 31.288, -52.199, -0.001, 369/gDblProcessSpeed
LINE/t (10,11,12,14,15), 44.666, 25.042, 32.292, -55.174, 0., 369/gDblProcessSpeed
LINE/t (10,11,12,14,15), 44.666, 25.614, 32.553, -56., 0., 103/gDblProcessSpeed
LINE/v (10,11,12,14,15), 44.641, 25.614, 32.553, -56., 0., gDblProcessSpeed
LINE/t (10,11,12,14,15), 44.633, 27.494, 33.398, -58.922, 0., 535/gDblProcessSpeed
LINE/t (10,11,12,14,15), 44.64, 28.955, 33.972, -61.181, 0., 434/gDblProcessSpeed
LINE/t (10,11,12,14,15), 44.655, 28.923, 33.966, -61.158, 0., 20/gDblProcessSpeed
LINE/t (10,11,12,14,15), 44.699, 28.904, 33.958, -61.125, 0., 45/gDblProcessSpeed
LINE/t (10,11,12,14,15), 44.699, 28.91, 33.956, -61.113, 0., 15/gDblProcessSpeed
LINE/t (10,11,12,14,15), 44.7, 27.01, 33.184, -58.144, 0., 585/gDblProcessSpeed
LINE/t (10,11,12,14,15), 44.692, 25.826, 32.632, -56.259, 0., 371/gDblProcessSpeed
LINE/t (10,11,12,14,15), 44.641, 25.614, 32.553, -56., 0., 51/gDblProcessSpeed
LINE/t (10,11,12,14,15), 44.488, 24.242, 31.926, -54.047, 0., 265/gDblProcessSpeed
LINE/t (10,11,12,14,15), 44.488, 26.309, 32.848, -56.978, 0., 325/gDblProcessSpeed
LINE/t (10,11,12,14,15), 44.488, 28.421, 33.663, -59.91, 0., 325/gDblProcessSpeed
LINE/t (10,11,12,14,15), 44.488, 30.571, 34.371, -62.841, 0., 325/gDblProcessSpeed
LINE/t (10,11,12,14,15), 44.488, 32.756, 34.968, -65.773, 0., 325/gDblProcessSpeed
LINE/t (10,11,12,14,15), 44.488, 34.967, 35.45, -68.704, 0., 325/gDblProcessSpeed
LINE/t (10,11,12,14,15), 44.488, 37.201, 35.819, -71.636, 0., 325/gDblProcessSpeed
LINE/t (10,11,12,14,15), 44.488, 38.099, 35.937, -72.808, 0., 130/gDblProcessSpeed
LINE/v (10,11,12,14,15), 44.311, 38.099, 35.937, -72.808, 0., gDblProcessSpeed
LINE/t (10,11,12,14,15), 44.311, 35.826, 35.606, -69.834, 0., 330/gDblProcessSpeed
LINE/t (10,11,12,14,15), 44.311, 33.572, 35.16, -66.859, 0., 330/gDblProcessSpeed
LINE/t (10,11,12,14,15), 44.311, 32.084, 34.797, -64.876, 0., 220/gDblProcessSpeed
LINE/v (10,11,12,14,15), 44.285, 32.084, 34.797, -64.876, 0., gDblProcessSpeed
LINE/t (10,11,12,14,15), 44.344, 31.833, 34.736, -64.567, 0., 60/gDblProcessSpeed
LINE/t (10,11,12,14,15), 44.344, 29.911, 34.09, -61.64, 0., 570/gDblProcessSpeed
LINE/t (10,11,12,14,15), 44.337, 28.691, 33.611, -59.752, 0., 369/gDblProcessSpeed
LINE/t (10,11,12,14,15), 44.336, 28.717, 33.608, -59.746, 0., 32/gDblProcessSpeed
LINE/t (10,11,12,14,15), 44.277, 28.693, 33.606, -59.734, 0., 61/gDblProcessSpeed
LINE/t (10,11,12,14,15), 44.277, 30.626, 34.336, -62.693, 0., 565/gDblProcessSpeed
LINE/t (10,11,12,14,15), 44.285, 32.084, 34.797, -64.876, 0., 405/gDblProcessSpeed
LINE/t (10,11,12,14,15), 44.299, 31.733, 34.704, -64.406, 0., 54/gDblProcessSpeed
LINE/t (10,11,12,14,15), 44.299, 29.801, 34.05, -61.473, 0., 562/gDblProcessSpeed
LINE/t (10,11,12,14,15), 44.305, 28.88, 33.692, -60.057, 0., 272/gDblProcessSpeed
LINE/t (10,11,12,14,15), 44.307, 28.893, 33.676, -60.003, 0., 59/gDblProcessSpeed
LINE/t (10,11,12,14,15), 44.322, 28.838, 33.67, -59.972, 0., 32/gDblProcessSpeed
LINE/t (10,11,12,14,15), 44.322, 30.76, 34.389, -62.928, 0., 576/gDblProcessSpeed
LINE/t (10,11,12,14,15), 44.322, 31.733, 34.704, -64.406, 0., 288/gDblProcessSpeed
LINE/v (10,11,12,14,15), 44.655, 31.733, 34.704, -64.406, 0., gDblProcessSpeed
LINE/t (10,11,12,14,15), 44.655, 29.801, 34.05, -61.473, 0., 562/gDblProcessSpeed
LINE/t (10,11,12,14,15), 44.661, 28.88, 33.692, -60.057, 0., 272/gDblProcessSpeed
LINE/t (10,11,12,14,15), 44.663, 28.893, 33.676, -60.003, 0., 59/gDblProcessSpeed
LINE/t (10,11,12,14,15), 44.677, 28.838, 33.67, -59.972, 0., 32/gDblProcessSpeed
LINE/t (10,11,12,14,15), 44.677, 30.76, 34.389, -62.928, 0., 576/gDblProcessSpeed
LINE/t (10,11,12,14,15), 44.677, 31.733, 34.704, -64.406, 0., 288/gDblProcessSpeed
LINE/t (10,11,12,14,15), 44.666, 32.084, 34.797, -64.876, 0., 53/gDblProcessSpeed
LINE/t (10,11,12,14,15), 44.666, 34.321, 35.321, -67.851, 0., 330/gDblProcessSpeed
LINE/t (10,11,12,14,15), 44.666, 36.581, 35.73, -70.825, 0., 330/gDblProcessSpeed
LINE/t (10,11,12,14,15), 44.666, 38.099, 35.937, -72.808, 0., 220/gDblProcessSpeed
LINE/v (10,11,12,14,15), 44.844, 38.099, 35.937, -72.808, 0., gDblProcessSpeed
LINE/t (10,11,12,14,15), 44.844, 35.858, 35.612, -69.877, 0., 325/gDblProcessSpeed
LINE/t (10,11,12,14,15), 44.844, 33.637, 35.173, -66.945, 0., 325/gDblProcessSpeed
LINE/t (10,11,12,14,15), 44.844, 31.441, 34.622, -64.014, 0., 325/gDblProcessSpeed
LINE/t (10,11,12,14,15), 44.844, 29.277, 33.961, -61.082, 0., 325/gDblProcessSpeed
LINE/t (10,11,12,14,15), 44.844, 27.149, 33.187, -58.151, 0., 325/gDblProcessSpeed
LINE/t (10,11,12,14,15), 44.844, 25.063, 32.307, -55.219, 0., 325/gDblProcessSpeed
LINE/t (10,11,12,14,15), 44.844, 24.242, 31.926, -54.047, 0., 130/gDblProcessSpeed
LINE/t (10,11,12,14,15), 44.855, 24.004, 31.812, -53.705, 0., 39/gDblProcessSpeed
LINE/t (10,11,12,14,15), 44.847, 22.394, 30.776, -50.814, 0., 694/gDblProcessSpeed
LINE/t (10,11,12,14,15), 44.833, 22.628, 30.933, -51.233, 0., 98/gDblProcessSpeed
LINE/t (10,11,12,14,15), 44.833, 24.004, 31.812, -53.705, 0., 597/gDblProcessSpeed
LINE/v (10,11,12,14,15), 44.5, 24.004, 31.812, -53.705, 0., gDblProcessSpeed
LINE/t (10,11,12,14,15), 44.492, 22.394, 30.776, -50.814, 0., 694/gDblProcessSpeed
LINE/t (10,11,12,14,15), 44.477, 22.628, 30.933, -51.233, 0., 98/gDblProcessSpeed
LINE/t (10,11,12,14,15), 44.477, 24.004, 31.812, -53.705, 0., 597/gDblProcessSpeed
LINE/t (10,11,12,14,15), 44.311, 25.614, 32.553, -56., 0., 304/gDblProcessSpeed
LINE/t (10,11,12,14,15), 44.31, 23.564, 31.575, -53.016, -0.001, 369/gDblProcessSpeed
LINE/t (10,11,12,14,15), 44.31, 21.567, 30.49, -50.029, -0.001, 369/gDblProcessSpeed
LINE/t (10,11,12,14,15), 44.309, 19.626, 29.297, -47.036, -0.002, 370/gDblProcessSpeed
LINE/t (10,11,12,14,15), 44.291, 17.997, 28.185, -44.448, -0.002, 319/gDblProcessSpeed
LINE/t (10,11,12,14,15), 44.234, 16.226, 26.846, -41.539, -0.003, 360/gDblProcessSpeed
LINE/t (10,11,12,14,15), 44.174, 14.534, 25.424, -38.645, -0.003, 358/gDblProcessSpeed
LINE/t (10,11,12,14,15), 44.113, 12.918, 23.92, -35.759, -0.004, 357/gDblProcessSpeed
LINE/t (10,11,12,14,15), 44.05, 11.384, 22.34, -32.879, -0.004, 356/gDblProcessSpeed
LINE/t (10,11,12,14,15), 43.984, 9.934, 20.686, -30.005, -0.005, 356/gDblProcessSpeed
LINE/t (10,11,12,14,15), 43.917, 8.568, 18.96, -27.133, -0.005, 355/gDblProcessSpeed
LINE/t (10,11,12,14,15), 43.848, 7.291, 17.168, -24.261, -0.006, 355/gDblProcessSpeed
LINE/t (10,11,12,14,15), 43.778, 6.104, 15.309, -21.387, -0.006, 356/gDblProcessSpeed
LINE/t (10,11,12,14,15), 43.706, 5.01, 13.391, -18.51, -0.007, 356/gDblProcessSpeed
LINE/t (10,11,12,14,15), 43.634, 4.012, 11.414, -15.628, -0.007, 357/gDblProcessSpeed
LINE/t (10,11,12,14,15), 43.56, 3.112, 9.382, -12.737, -0.008, 358/gDblProcessSpeed
LINE/t (10,11,12,14,15), 43.485, 2.313, 7.299, -9.835, -0.008, 359/gDblProcessSpeed
LINE/t (10,11,12,14,15), 43.411, 1.618, 5.168, -6.926, -0.008, 360/gDblProcessSpeed
LINE/t (10,11,12,14,15), 43.334, 1.018, 2.948, -3.945, -0.008, 369/gDblProcessSpeed
LINE/t (10,11,12,14,15), 43.259, 0.545, 0.757, -1.029, -0.008, 361/gDblProcessSpeed
LINE/t (10,11,12,14,15), 43.233, 0.405, -0.014, -0.005, -0.008, 125/gDblProcessSpeed
LINE/t (10,11,12,14,15), 42.537, 3.714, -0.187, 0.089, -0.008, 3406/gDblProcessSpeed
LINE/t (10,11,12,14,15), 42.548, 82.026, -1.462, 1.924, -0.008, 78745/gDblProcessSpeed
LINE/v (10,11,12,14,15), 42.426, 82.026, -1.462, 1.924, -0.008, gDblProcessSpeed
LINE/t (10,11,12,14,15), 42.425, 3.584, -0.181, 0.086, -0.008, 78876/gDblProcessSpeed
LINE/t (10,11,12,14,15), 43.087, 0.4, -0.013, -0.006, -0.008, 3276/gDblProcessSpeed
LINE/t (10,11,12,14,15), 43.162, 0.838, 2.225, -2.981, -0.008, 373/gDblProcessSpeed
LINE/t (10,11,12,14,15), 43.239, 1.397, 4.47, -5.98, -0.008, 378/gDblProcessSpeed
LINE/t (10,11,12,14,15), 43.315, 2.069, 6.67, -8.968, -0.008, 376/gDblProcessSpeed
LINE/t (10,11,12,14,15), 43.391, 2.852, 8.822, -11.948, -0.007, 375/gDblProcessSpeed
LINE/t (10,11,12,14,15), 43.466, 3.742, 10.919, -14.913, -0.007, 373/gDblProcessSpeed
LINE/t (10,11,12,14,15), 43.539, 4.735, 12.961, -17.871, -0.006, 372/gDblProcessSpeed
LINE/t (10,11,12,14,15), 43.612, 5.83, 14.941, -20.824, -0.006, 372/gDblProcessSpeed
LINE/t (10,11,12,14,15), 43.684, 7.024, 16.86, -23.773, -0.005, 371/gDblProcessSpeed
LINE/t (10,11,12,14,15), 43.754, 8.313, 18.709, -26.719, -0.004, 371/gDblProcessSpeed
LINE/t (10,11,12,14,15), 43.822, 9.696, 20.49, -29.667, -0.004, 371/gDblProcessSpeed
LINE/t (10,11,12,14,15), 43.888, 11.169, 22.195, -32.617, -0.003, 371/gDblProcessSpeed
LINE/t (10,11,12,14,15), 43.953, 12.731, 23.823, -35.573, -0.002, 372/gDblProcessSpeed
LINE/t (10,11,12,14,15), 44.015, 14.379, 25.372, -38.538, -0.002, 373/gDblProcessSpeed
LINE/t (10,11,12,14,15), 44.075, 16.113, 26.837, -41.518, -0.001, 375/gDblProcessSpeed
LINE/t (10,11,12,14,15), 44.132, 17.933, 28.218, -44.517, -0.001, 378/gDblProcessSpeed
LINE/t (10,11,12,14,15), 44.133, 19.585, 29.348, -47.151, 0., 332/gDblProcessSpeed
LINE/v (10,11,12,14,15), 44.158, 19.585, 29.348, -47.151, 0., gDblProcessSpeed
LINE/t (10,11,12,14,15), 44.099, 19.771, 29.455, -47.41, 0., 60/gDblProcessSpeed
LINE/t (10,11,12,14,15), 44.104, 21.364, 30.601, -50.342, 0., 679/gDblProcessSpeed
LINE/t (10,11,12,14,15), 44.107, 21.534, 30.716, -50.653, 0., 75/gDblProcessSpeed
LINE/t (10,11,12,14,15), 44.122, 21.587, 30.74, -50.717, 0., 15/gDblProcessSpeed
LINE/t (10,11,12,14,15), 44.166, 21.471, 30.68, -50.556, 0., 45/gDblProcessSpeed
LINE/t (10,11,12,14,15), 44.162, 19.832, 29.533, -47.603, 0., 653/gDblProcessSpeed
LINE/t (10,11,12,14,15), 44.158, 19.585, 29.348, -47.151, 0., 98/gDblProcessSpeed
LINE/t (10,11,12,14,15), 43.811, 19.654, 29.392, -47.257, 0., 348/gDblProcessSpeed
LINE/t (10,11,12,14,15), 43.744, 19.861, 29.503, -47.528, 0., 67/gDblProcessSpeed
LINE/t (10,11,12,14,15), 43.751, 21.404, 30.642, -50.456, 0., 729/gDblProcessSpeed
LINE/t (10,11,12,14,15), 43.752, 21.449, 30.675, -50.546, 0., 25/gDblProcessSpeed
LINE/t (10,11,12,14,15), 43.766, 21.496, 30.696, -50.6, 0., 15/gDblProcessSpeed
LINE/t (10,11,12,14,15), 43.811, 21.4, 30.645, -50.465, 0., 45/gDblProcessSpeed
LINE/t (10,11,12,14,15), 43.811, 19.82, 29.517, -47.564, 0., 670/gDblProcessSpeed
LINE/t (10,11,12,14,15), 43.811, 19.654, 29.392, -47.257, 0., 69/gDblProcessSpeed
LINE/t (10,11,12,14,15), 43.777, 19.585, 29.348, -47.151, 0., 36/gDblProcessSpeed
LINE/t (10,11,12,14,15), 43.772, 17.755, 28.09, -44.23, -0.001, 366/gDblProcessSpeed
LINE/t (10,11,12,14,15), 43.718, 15.945, 26.703, -41.238, -0.001, 376/gDblProcessSpeed
LINE/t (10,11,12,14,15), 43.661, 14.217, 25.23, -38.258, -0.002, 374/gDblProcessSpeed
LINE/t (10,11,12,14,15), 43.603, 12.573, 23.67, -35.288, -0.003, 373/gDblProcessSpeed
LINE/t (10,11,12,14,15), 43.542, 11.016, 22.031, -32.327, -0.003, 372/gDblProcessSpeed
LINE/t (10,11,12,14,15), 43.48, 9.549, 20.315, -29.373, -0.004, 371/gDblProcessSpeed
LINE/t (10,11,12,14,15), 43.415, 8.174, 18.526, -26.421, -0.004, 370/gDblProcessSpeed
LINE/t (10,11,12,14,15), 43.35, 6.892, 16.666, -23.471, -0.005, 370/gDblProcessSpeed
LINE/t (10,11,12,14,15), 43.282, 5.707, 14.74, -20.519, -0.006, 370/gDblProcessSpeed
LINE/t (10,11,12,14,15), 43.214, 4.621, 12.751, -17.563, -0.006, 371/gDblProcessSpeed
LINE/t (10,11,12,14,15), 43.144, 3.637, 10.701, -14.602, -0.007, 372/gDblProcessSpeed
LINE/t (10,11,12,14,15), 43.074, 2.758, 8.598, -11.634, -0.008, 372/gDblProcessSpeed
LINE/t (10,11,12,14,15), 43.002, 1.985, 6.439, -8.652, -0.008, 374/gDblProcessSpeed
LINE/t (10,11,12,14,15), 42.931, 1.324, 4.233, -5.659, -0.008, 376/gDblProcessSpeed
LINE/t (10,11,12,14,15), 42.86, 0.785, 2.017, -2.703, -0.008, 371/gDblProcessSpeed
LINE/t (10,11,12,14,15), 42.796, 0.392, -0.012, -0.007, -0.008, 337/gDblProcessSpeed
LINE/t (10,11,12,14,15), 42.174, 3.639, -0.183, 0.087, -0.008, 3330/gDblProcessSpeed
LINE/t (10,11,12,14,15), 42.185, 82.026, -1.462, 1.924, -0.008, 78821/gDblProcessSpeed
LINE/v (10,11,12,14,15), 42.063, 82.026, -1.462, 1.924, -0.008, gDblProcessSpeed
LINE/t (10,11,12,14,15), 42.063, 3.488, -0.199, 0.116, -0.008, 78965/gDblProcessSpeed
LINE/t (10,11,12,14,15), 42.755, -0.171, 0.002, 0., -0.008, 3754/gDblProcessSpeed
LINE/t (10,11,12,14,15), 42.817, 0.303, 2.259, -2.986, -0.008, 339/gDblProcessSpeed
LINE/t (10,11,12,14,15), 42.879, 0.897, 4.49, -5.975, -0.008, 337/gDblProcessSpeed
LINE/t (10,11,12,14,15), 42.941, 1.606, 6.685, -8.963, -0.008, 337/gDblProcessSpeed
LINE/t (10,11,12,14,15), 43.002, 2.428, 8.842, -11.951, -0.008, 337/gDblProcessSpeed
LINE/t (10,11,12,14,15), 43.063, 3.362, 10.952, -14.939, -0.007, 337/gDblProcessSpeed
LINE/t (10,11,12,14,15), 43.124, 4.404, 13.011, -17.928, -0.007, 337/gDblProcessSpeed
LINE/t (10,11,12,14,15), 43.183, 5.552, 15.012, -20.916, -0.006, 337/gDblProcessSpeed
LINE/t (10,11,12,14,15), 43.241, 6.803, 16.951, -23.905, -0.006, 337/gDblProcessSpeed
LINE/t (10,11,12,14,15), 43.298, 8.153, 18.823, -26.893, -0.005, 337/gDblProcessSpeed
LINE/t (10,11,12,14,15), 43.353, 9.598, 20.621, -29.882, -0.005, 337/gDblProcessSpeed
LINE/t (10,11,12,14,15), 43.408, 11.136, 22.342, -32.871, -0.004, 337/gDblProcessSpeed
LINE/t (10,11,12,14,15), 43.46, 12.761, 23.98, -35.862, -0.004, 337/gDblProcessSpeed
LINE/t (10,11,12,14,15), 43.51, 14.471, 25.534, -38.855, -0.003, 338/gDblProcessSpeed
LINE/t (10,11,12,14,15), 43.558, 16.26, 26.996, -41.85, -0.003, 338/gDblProcessSpeed
LINE/t (10,11,12,14,15), 43.598, 18.051, 28.312, -44.731, -0.002, 325/gDblProcessSpeed
LINE/t (10,11,12,14,15), 43.598, 19.921, 29.548, -47.639, -0.002, 328/gDblProcessSpeed
LINE/t (10,11,12,14,15), 43.599, 21.851, 30.687, -50.548, -0.001, 328/gDblProcessSpeed
LINE/t (10,11,12,14,15), 43.599, 23.836, 31.726, -53.456, 0., 328/gDblProcessSpeed
LINE/t (10,11,12,14,15), 43.599, 25.614, 32.553, -56., 0., 287/gDblProcessSpeed
LINE/v (10,11,12,14,15), 43.625, 25.614, 32.553, -56., 0., gDblProcessSpeed
LINE/t (10,11,12,14,15), 43.566, 25.863, 32.651, -56.322, 0., 61/gDblProcessSpeed
LINE/t (10,11,12,14,15), 43.566, 27.78, 33.504, -59.319, 0., 565/gDblProcessSpeed
LINE/t (10,11,12,14,15), 43.572, 28.959, 33.961, -61.129, 0., 341/gDblProcessSpeed
LINE/t (10,11,12,14,15), 43.574, 29.009, 33.993, -61.265, 0., 64/gDblProcessSpeed
LINE/t (10,11,12,14,15), 43.603, 29.07, 34.009, -61.329, 0., 30/gDblProcessSpeed
LINE/t (10,11,12,14,15), 43.633, 28.959, 33.971, -61.171, 0., 37/gDblProcessSpeed
LINE/t (10,11,12,14,15), 43.633, 27.033, 33.201, -58.208, 0., 555/gDblProcessSpeed
LINE/t (10,11,12,14,15), 43.625, 25.614, 32.553, -56., 0., 401/gDblProcessSpeed
LINE/t (10,11,12,14,15), 43.777, 24.242, 31.926, -54.047, 0., 265/gDblProcessSpeed
LINE/t (10,11,12,14,15), 43.777, 26.309, 32.848, -56.978, 0., 325/gDblProcessSpeed
LINE/t (10,11,12,14,15), 43.777, 28.421, 33.663, -59.91, 0., 325/gDblProcessSpeed
LINE/t (10,11,12,14,15), 43.777, 30.571, 34.371, -62.841, 0., 325/gDblProcessSpeed
LINE/t (10,11,12,14,15), 43.777, 32.756, 34.968, -65.773, 0., 325/gDblProcessSpeed
LINE/t (10,11,12,14,15), 43.777, 34.967, 35.45, -68.704, 0., 325/gDblProcessSpeed
LINE/t (10,11,12,14,15), 43.777, 37.201, 35.819, -71.636, 0., 325/gDblProcessSpeed
LINE/t (10,11,12,14,15), 43.777, 38.099, 35.937, -72.808, 0., 130/gDblProcessSpeed
LINE/v (10,11,12,14,15), 43.599, 38.099, 35.937, -72.808, 0., gDblProcessSpeed
LINE/t (10,11,12,14,15), 43.599, 35.826, 35.606, -69.834, 0., 330/gDblProcessSpeed
LINE/t (10,11,12,14,15), 43.599, 33.572, 35.16, -66.859, 0., 330/gDblProcessSpeed
LINE/t (10,11,12,14,15), 43.599, 32.084, 34.797, -64.876, 0., 220/gDblProcessSpeed
LINE/t (10,11,12,14,15), 43.588, 31.733, 34.704, -64.406, 0., 53/gDblProcessSpeed
LINE/t (10,11,12,14,15), 43.588, 29.801, 34.05, -61.473, 0., 562/gDblProcessSpeed
LINE/t (10,11,12,14,15), 43.594, 28.88, 33.692, -60.057, 0., 272/gDblProcessSpeed
LINE/t (10,11,12,14,15), 43.596, 28.893, 33.676, -60.003, 0., 59/gDblProcessSpeed
LINE/t (10,11,12,14,15), 43.611, 28.838, 33.67, -59.972, 0., 32/gDblProcessSpeed
LINE/t (10,11,12,14,15), 43.611, 30.76, 34.389, -62.928, 0., 576/gDblProcessSpeed
LINE/t (10,11,12,14,15), 43.611, 31.733, 34.704, -64.406, 0., 288/gDblProcessSpeed
LINE/t (10,11,12,14,15), 43.922, 31.958, 34.764, -64.707, 0., 313/gDblProcessSpeed
LINE/t (10,11,12,14,15), 43.944, 31.793, 34.729, -64.532, 0., 27/gDblProcessSpeed
LINE/t (10,11,12,14,15), 43.988, 31.613, 34.684, -64.31, 0., 45/gDblProcessSpeed
LINE/t (10,11,12,14,15), 43.989, 29.704, 34.023, -61.36, 0., 600/gDblProcessSpeed
LINE/t (10,11,12,14,15), 43.983, 28.737, 33.636, -59.844, 0., 308/gDblProcessSpeed
LINE/t (10,11,12,14,15), 43.981, 28.708, 33.605, -59.734, 0., 63/gDblProcessSpeed
LINE/t (10,11,12,14,15), 43.951, 28.656, 33.592, -59.681, 0., 30/gDblProcessSpeed
LINE/t (10,11,12,14,15), 43.922, 28.753, 33.63, -59.823, 0., 37/gDblProcessSpeed
LINE/t (10,11,12,14,15), 43.922, 30.695, 34.362, -62.81, 0., 580/gDblProcessSpeed
LINE/t (10,11,12,14,15), 43.922, 31.958, 34.764, -64.707, 0., 357/gDblProcessSpeed
LINE/t (10,11,12,14,15), 43.955, 32.084, 34.797, -64.876, 0., 38/gDblProcessSpeed
LINE/t (10,11,12,14,15), 43.955, 34.321, 35.321, -67.851, 0., 330/gDblProcessSpeed
LINE/t (10,11,12,14,15), 43.955, 36.581, 35.73, -70.825, 0., 330/gDblProcessSpeed
LINE/t (10,11,12,14,15), 43.955, 38.099, 35.937, -72.808, 0., 220/gDblProcessSpeed
LINE/v (10,11,12,14,15), 44.133, 38.099, 35.937, -72.808, 0., gDblProcessSpeed
LINE/t (10,11,12,14,15), 44.133, 35.858, 35.612, -69.877, 0., 325/gDblProcessSpeed
LINE/t (10,11,12,14,15), 44.133, 33.637, 35.173, -66.945, 0., 325/gDblProcessSpeed
LINE/t (10,11,12,14,15), 44.133, 31.441, 34.622, -64.014, 0., 325/gDblProcessSpeed
LINE/t (10,11,12,14,15), 44.133, 29.277, 33.961, -61.082, 0., 325/gDblProcessSpeed
LINE/t (10,11,12,14,15), 44.133, 27.149, 33.187, -58.151, 0., 325/gDblProcessSpeed
LINE/t (10,11,12,14,15), 44.133, 25.063, 32.307, -55.219, 0., 325/gDblProcessSpeed
LINE/t (10,11,12,14,15), 44.133, 24.242, 31.926, -54.047, 0., 130/gDblProcessSpeed
LINE/t (10,11,12,14,15), 44.144, 24.004, 31.812, -53.705, 0., 39/gDblProcessSpeed
LINE/t (10,11,12,14,15), 44.136, 22.394, 30.776, -50.814, 0., 694/gDblProcessSpeed
LINE/t (10,11,12,14,15), 44.122, 22.628, 30.933, -51.233, 0., 98/gDblProcessSpeed
LINE/t (10,11,12,14,15), 44.122, 24.004, 31.812, -53.705, 0., 597/gDblProcessSpeed
LINE/t (10,11,12,14,15), 43.955, 25.614, 32.553, -56., 0., 304/gDblProcessSpeed
LINE/t (10,11,12,14,15), 43.955, 23.557, 31.572, -53.007, -0.001, 369/gDblProcessSpeed
LINE/t (10,11,12,14,15), 43.954, 21.554, 30.483, -50.011, -0.001, 369/gDblProcessSpeed
LINE/t (10,11,12,14,15), 43.954, 19.712, 29.356, -47.177, -0.002, 350/gDblProcessSpeed
LINE/t (10,11,12,14,15), 43.936, 17.973, 28.17, -44.415, -0.002, 340/gDblProcessSpeed
LINE/t (10,11,12,14,15), 43.883, 16.199, 26.828, -41.501, -0.003, 359/gDblProcessSpeed
LINE/t (10,11,12,14,15), 43.827, 14.504, 25.402, -38.602, -0.003, 358/gDblProcessSpeed
LINE/t (10,11,12,14,15), 43.769, 12.887, 23.895, -35.711, -0.004, 357/gDblProcessSpeed
LINE/t (10,11,12,14,15), 43.709, 11.352, 22.312, -32.827, -0.004, 356/gDblProcessSpeed
LINE/t (10,11,12,14,15), 43.647, 9.901, 20.654, -29.951, -0.005, 355/gDblProcessSpeed
LINE/t (10,11,12,14,15), 43.584, 8.536, 18.925, -27.075, -0.005, 355/gDblProcessSpeed
LINE/t (10,11,12,14,15), 43.519, 7.259, 17.13, -24.201, -0.006, 355/gDblProcessSpeed
LINE/t (10,11,12,14,15), 43.453, 6.073, 15.269, -21.326, -0.006, 355/gDblProcessSpeed
LINE/t (10,11,12,14,15), 43.386, 4.98, 13.349, -18.447, -0.007, 355/gDblProcessSpeed
LINE/t (10,11,12,14,15), 43.318, 3.984, 11.371, -15.564, -0.007, 356/gDblProcessSpeed
LINE/t (10,11,12,14,15), 43.248, 3.086, 9.337, -12.673, -0.008, 357/gDblProcessSpeed
LINE/t (10,11,12,14,15), 43.178, 2.288, 7.253, -9.771, -0.008, 358/gDblProcessSpeed
LINE/t (10,11,12,14,15), 43.108, 1.596, 5.122, -6.861, -0.008, 359/gDblProcessSpeed
LINE/t (10,11,12,14,15), 43.036, 1.002, 2.913, -3.897, -0.008, 366/gDblProcessSpeed
LINE/t (10,11,12,14,15), 42.966, 0.535, 0.749, -1.018, -0.008, 355/gDblProcessSpeed
LINE/t (10,11,12,14,15), 42.942, 0.396, -0.013, -0.007, -0.008, 124/gDblProcessSpeed
LINE/t (10,11,12,14,15), 42.296, 3.664, -0.185, 0.088, -0.008, 3356/gDblProcessSpeed
LINE/t (10,11,12,14,15), 42.307, 82.026, -1.462, 1.924, -0.008, 78795/gDblProcessSpeed
LINE/v (10,11,12,14,15), 41.941, 82.026, -1.462, 1.924, -0.008, gDblProcessSpeed
LINE/t (10,11,12,14,15), 41.941, 3.463, -0.197, 0.115, -0.008, 78990/gDblProcessSpeed
LINE/t (10,11,12,14,15), 42.605, -0.172, 0.002, 0., -0.008, 3725/gDblProcessSpeed
LINE/t (10,11,12,14,15), 42.665, 0.301, 2.254, -2.979, -0.008, 338/gDblProcessSpeed
LINE/t (10,11,12,14,15), 42.725, 0.891, 4.477, -5.957, -0.008, 337/gDblProcessSpeed
LINE/t (10,11,12,14,15), 42.785, 1.596, 6.665, -8.935, -0.008, 337/gDblProcessSpeed
LINE/t (10,11,12,14,15), 42.845, 2.413, 8.815, -11.913, -0.007, 337/gDblProcessSpeed
LINE/t (10,11,12,14,15), 42.904, 3.34, 10.918, -14.891, -0.007, 337/gDblProcessSpeed
LINE/t (10,11,12,14,15), 42.962, 4.376, 12.971, -17.869, -0.006, 337/gDblProcessSpeed
LINE/t (10,11,12,14,15), 43.019, 5.517, 14.967, -20.848, -0.006, 337/gDblProcessSpeed
LINE/t (10,11,12,14,15), 43.076, 6.76, 16.901, -23.826, -0.005, 337/gDblProcessSpeed
LINE/t (10,11,12,14,15), 43.131, 8.101, 18.768, -26.804, -0.004, 337/gDblProcessSpeed
LINE/t (10,11,12,14,15), 43.185, 9.538, 20.562, -29.783, -0.004, 337/gDblProcessSpeed
LINE/t (10,11,12,14,15), 43.237, 11.066, 22.281, -32.762, -0.003, 337/gDblProcessSpeed
LINE/t (10,11,12,14,15), 43.287, 12.681, 23.917, -35.742, -0.002, 337/gDblProcessSpeed
LINE/t (10,11,12,14,15), 43.336, 14.38, 25.468, -38.725, -0.002, 337/gDblProcessSpeed
LINE/t (10,11,12,14,15), 43.383, 16.159, 26.929, -41.709, -0.001, 338/gDblProcessSpeed
LINE/t (10,11,12,14,15), 43.421, 17.942, 28.247, -44.585, -0.001, 325/gDblProcessSpeed
LINE/t (10,11,12,14,15), 43.422, 19.585, 29.348, -47.151, 0., 290/gDblProcessSpeed
LINE/v (10,11,12,14,15), 43.447, 19.585, 29.348, -47.151, 0., gDblProcessSpeed
LINE/t (10,11,12,14,15), 43.388, 19.771, 29.455, -47.41, 0., 60/gDblProcessSpeed
LINE/t (10,11,12,14,15), 43.393, 21.364, 30.601, -50.342, 0., 679/gDblProcessSpeed
LINE/t (10,11,12,14,15), 43.396, 21.534, 30.716, -50.653, 0., 75/gDblProcessSpeed
LINE/t (10,11,12,14,15), 43.411, 21.587, 30.74, -50.717, 0., 15/gDblProcessSpeed
LINE/t (10,11,12,14,15), 43.455, 21.471, 30.68, -50.556, 0., 45/gDblProcessSpeed
LINE/t (10,11,12,14,15), 43.451, 19.832, 29.533, -47.603, 0., 653/gDblProcessSpeed
LINE/t (10,11,12,14,15), 43.447, 19.585, 29.348, -47.151, 0., 98/gDblProcessSpeed
LINE/t (10,11,12,14,15), 43.1, 19.654, 29.392, -47.257, 0., 348/gDblProcessSpeed
LINE/t (10,11,12,14,15), 43.033, 19.861, 29.503, -47.528, 0., 67/gDblProcessSpeed
LINE/t (10,11,12,14,15), 43.04, 21.404, 30.642, -50.456, 0., 729/gDblProcessSpeed
LINE/t (10,11,12,14,15), 43.041, 21.449, 30.675, -50.546, 0., 25/gDblProcessSpeed
LINE/t (10,11,12,14,15), 43.055, 21.496, 30.696, -50.6, 0., 15/gDblProcessSpeed
LINE/t (10,11,12,14,15), 43.1, 21.4, 30.645, -50.465, 0., 45/gDblProcessSpeed
LINE/t (10,11,12,14,15), 43.1, 19.82, 29.517, -47.564, 0., 670/gDblProcessSpeed
LINE/t (10,11,12,14,15), 43.1, 19.654, 29.392, -47.257, 0., 69/gDblProcessSpeed
LINE/t (10,11,12,14,15), 43.066, 19.585, 29.348, -47.151, 0., 36/gDblProcessSpeed
LINE/t (10,11,12,14,15), 43.065, 17.685, 28.068, -44.18, -0.001, 334/gDblProcessSpeed
LINE/t (10,11,12,14,15), 43.023, 15.837, 26.679, -41.186, -0.001, 336/gDblProcessSpeed
LINE/t (10,11,12,14,15), 42.979, 14.064, 25.197, -38.192, -0.002, 336/gDblProcessSpeed
LINE/t (10,11,12,14,15), 42.934, 12.371, 23.624, -35.197, -0.003, 336/gDblProcessSpeed
LINE/t (10,11,12,14,15), 42.887, 10.762, 21.964, -32.203, -0.003, 336/gDblProcessSpeed
LINE/t (10,11,12,14,15), 42.838, 9.242, 20.223, -29.209, -0.004, 336/gDblProcessSpeed
LINE/t (10,11,12,14,15), 42.788, 7.814, 18.404, -26.215, -0.004, 336/gDblProcessSpeed
LINE/t (10,11,12,14,15), 42.736, 6.484, 16.514, -23.221, -0.005, 336/gDblProcessSpeed
LINE/t (10,11,12,14,15), 42.684, 5.254, 14.556, -20.227, -0.006, 336/gDblProcessSpeed
LINE/t (10,11,12,14,15), 42.63, 4.127, 12.538, -17.233, -0.006, 336/gDblProcessSpeed
LINE/t (10,11,12,14,15), 42.576, 3.108, 10.462, -14.24, -0.007, 336/gDblProcessSpeed
LINE/t (10,11,12,14,15), 42.521, 2.198, 8.337, -11.246, -0.008, 336/gDblProcessSpeed
LINE/t (10,11,12,14,15), 42.465, 1.4, 6.167, -8.252, -0.008, 336/gDblProcessSpeed
LINE/t (10,11,12,14,15), 42.41, 0.717, 3.958, -5.259, -0.008, 336/gDblProcessSpeed
LINE/t (10,11,12,14,15), 42.354, 0.15, 1.717, -2.265, -0.008, 336/gDblProcessSpeed
LINE/t (10,11,12,14,15), 42.312, -0.2, 0.003, 0., -0.008, 256/gDblProcessSpeed
LINE/t (10,11,12,14,15), 41.689, 3.534, -0.19, 0.102, -0.008, 3813/gDblProcessSpeed
LINE/t (10,11,12,14,15), 41.7, 82.026, -1.462, 1.924, -0.008, 78922/gDblProcessSpeed
LINE/v (10,11,12,14,15), 41.822, 82.026, -1.462, 1.924, -0.008, gDblProcessSpeed
LINE/t (10,11,12,14,15), 41.821, 3.439, -0.196, 0.114, -0.008, 79014/gDblProcessSpeed
LINE/t (10,11,12,14,15), 42.457, -0.172, 0.002, 0., -0.008, 3697/gDblProcessSpeed
LINE/t (10,11,12,14,15), 42.515, 0.301, 2.255, -2.981, -0.008, 337/gDblProcessSpeed
LINE/t (10,11,12,14,15), 42.573, 0.894, 4.485, -5.968, -0.008, 336/gDblProcessSpeed
LINE/t (10,11,12,14,15), 42.63, 1.603, 6.68, -8.956, -0.008, 336/gDblProcessSpeed
LINE/t (10,11,12,14,15), 42.687, 2.425, 8.836, -11.943, -0.008, 336/gDblProcessSpeed
LINE/t (10,11,12,14,15), 42.744, 3.357, 10.946, -14.931, -0.007, 336/gDblProcessSpeed
LINE/t (10,11,12,14,15), 42.8, 4.399, 13.004, -17.918, -0.007, 336/gDblProcessSpeed
LINE/t (10,11,12,14,15), 42.856, 5.546, 15.005, -20.906, -0.006, 336/gDblProcessSpeed
LINE/t (10,11,12,14,15), 42.91, 6.796, 16.944, -23.893, -0.006, 336/gDblProcessSpeed
LINE/t (10,11,12,14,15), 42.963, 8.145, 18.815, -26.881, -0.005, 337/gDblProcessSpeed
LINE/t (10,11,12,14,15), 43.015, 9.59, 20.613, -29.869, -0.005, 337/gDblProcessSpeed
LINE/t (10,11,12,14,15), 43.065, 11.126, 22.335, -32.857, -0.004, 337/gDblProcessSpeed
LINE/t (10,11,12,14,15), 43.113, 12.751, 23.972, -35.847, -0.004, 337/gDblProcessSpeed
LINE/t (10,11,12,14,15), 43.16, 14.459, 25.526, -38.839, -0.003, 337/gDblProcessSpeed
LINE/t (10,11,12,14,15), 43.205, 16.247, 26.987, -41.832, -0.003, 337/gDblProcessSpeed
LINE/t (10,11,12,14,15), 43.242, 18.038, 28.304, -44.713, -0.002, 324/gDblProcessSpeed
LINE/t (10,11,12,14,15), 43.243, 19.91, 29.542, -47.626, -0.002, 328/gDblProcessSpeed
LINE/t (10,11,12,14,15), 43.243, 21.844, 30.684, -50.539, -0.001, 328/gDblProcessSpeed
LINE/t (10,11,12,14,15), 43.243, 23.832, 31.725, -53.452, 0., 328/gDblProcessSpeed
LINE/t (10,11,12,14,15), 43.244, 25.614, 32.553, -56., 0., 287/gDblProcessSpeed
LINE/v (10,11,12,14,15), 43.218, 25.614, 32.553, -56., 0., gDblProcessSpeed
LINE/t (10,11,12,14,15), 43.21, 27.494, 33.398, -58.922, 0., 535/gDblProcessSpeed
LINE/t (10,11,12,14,15), 43.218, 28.955, 33.972, -61.181, 0., 434/gDblProcessSpeed
LINE/t (10,11,12,14,15), 43.233, 28.923, 33.966, -61.158, 0., 20/gDblProcessSpeed
LINE/t (10,11,12,14,15), 43.277, 28.904, 33.958, -61.125, 0., 45/gDblProcessSpeed
LINE/t (10,11,12,14,15), 43.277, 28.91, 33.956, -61.113, 0., 15/gDblProcessSpeed
LINE/t (10,11,12,14,15), 43.277, 27.01, 33.184, -58.144, 0., 585/gDblProcessSpeed
LINE/t (10,11,12,14,15), 43.269, 25.826, 32.632, -56.259, 0., 371/gDblProcessSpeed
LINE/t (10,11,12,14,15), 43.218, 25.614, 32.553, -56., 0., 51/gDblProcessSpeed
LINE/t (10,11,12,14,15), 43.066, 24.242, 31.926, -54.047, 0., 265/gDblProcessSpeed
LINE/t (10,11,12,14,15), 43.066, 26.309, 32.848, -56.978, 0., 325/gDblProcessSpeed
LINE/t (10,11,12,14,15), 43.066, 28.421, 33.663, -59.91, 0., 325/gDblProcessSpeed
LINE/t (10,11,12,14,15), 43.066, 30.571, 34.371, -62.841, 0., 325/gDblProcessSpeed
LINE/t (10,11,12,14,15), 43.066, 32.756, 34.968, -65.773, 0., 325/gDblProcessSpeed
LINE/t (10,11,12,14,15), 43.066, 34.967, 35.45, -68.704, 0., 325/gDblProcessSpeed
LINE/t (10,11,12,14,15), 43.066, 37.201, 35.819, -71.636, 0., 325/gDblProcessSpeed
LINE/t (10,11,12,14,15), 43.066, 38.099, 35.937, -72.808, 0., 130/gDblProcessSpeed
LINE/v (10,11,12,14,15), 42.888, 38.099, 35.937, -72.808, 0., gDblProcessSpeed
LINE/t (10,11,12,14,15), 42.888, 35.826, 35.606, -69.834, 0., 330/gDblProcessSpeed
LINE/t (10,11,12,14,15), 42.888, 33.572, 35.16, -66.859, 0., 330/gDblProcessSpeed
LINE/t (10,11,12,14,15), 42.888, 32.084, 34.797, -64.876, 0., 220/gDblProcessSpeed
LINE/v (10,11,12,14,15), 42.863, 32.084, 34.797, -64.876, 0., gDblProcessSpeed
LINE/t (10,11,12,14,15), 42.921, 31.833, 34.736, -64.567, 0., 60/gDblProcessSpeed
LINE/t (10,11,12,14,15), 42.922, 29.911, 34.09, -61.64, 0., 570/gDblProcessSpeed
LINE/t (10,11,12,14,15), 42.915, 28.691, 33.611, -59.752, 0., 369/gDblProcessSpeed
LINE/t (10,11,12,14,15), 42.914, 28.717, 33.608, -59.746, 0., 32/gDblProcessSpeed
LINE/t (10,11,12,14,15), 42.855, 28.693, 33.606, -59.734, 0., 61/gDblProcessSpeed
LINE/t (10,11,12,14,15), 42.855, 30.626, 34.336, -62.693, 0., 565/gDblProcessSpeed
LINE/t (10,11,12,14,15), 42.863, 32.084, 34.797, -64.876, 0., 405/gDblProcessSpeed
LINE/t (10,11,12,14,15), 42.877, 31.733, 34.704, -64.406, 0., 54/gDblProcessSpeed
LINE/t (10,11,12,14,15), 42.877, 29.801, 34.05, -61.473, 0., 562/gDblProcessSpeed
LINE/t (10,11,12,14,15), 42.883, 28.88, 33.692, -60.057, 0., 272/gDblProcessSpeed
LINE/t (10,11,12,14,15), 42.885, 28.893, 33.676, -60.003, 0., 59/gDblProcessSpeed
LINE/t (10,11,12,14,15), 42.899, 28.838, 33.67, -59.972, 0., 32/gDblProcessSpeed
LINE/t (10,11,12,14,15), 42.899, 30.76, 34.389, -62.928, 0., 576/gDblProcessSpeed
LINE/t (10,11,12,14,15), 42.899, 31.733, 34.704, -64.406, 0., 288/gDblProcessSpeed
LINE/v (10,11,12,14,15), 43.233, 31.733, 34.704, -64.406, 0., gDblProcessSpeed
LINE/t (10,11,12,14,15), 43.233, 29.801, 34.05, -61.473, 0., 562/gDblProcessSpeed
LINE/t (10,11,12,14,15), 43.239, 28.88, 33.692, -60.057, 0., 272/gDblProcessSpeed
LINE/t (10,11,12,14,15), 43.241, 28.893, 33.676, -60.003, 0., 59/gDblProcessSpeed
LINE/t (10,11,12,14,15), 43.255, 28.838, 33.67, -59.972, 0., 32/gDblProcessSpeed
LINE/t (10,11,12,14,15), 43.255, 30.76, 34.389, -62.928, 0., 576/gDblProcessSpeed
LINE/t (10,11,12,14,15), 43.255, 31.733, 34.704, -64.406, 0., 288/gDblProcessSpeed
LINE/t (10,11,12,14,15), 43.244, 32.084, 34.797, -64.876, 0., 53/gDblProcessSpeed
LINE/t (10,11,12,14,15), 43.244, 34.321, 35.321, -67.851, 0., 330/gDblProcessSpeed
LINE/t (10,11,12,14,15), 43.244, 36.581, 35.73, -70.825, 0., 330/gDblProcessSpeed
LINE/t (10,11,12,14,15), 43.244, 38.099, 35.937, -72.808, 0., 220/gDblProcessSpeed
LINE/v (10,11,12,14,15), 43.422, 38.099, 35.937, -72.808, 0., gDblProcessSpeed
LINE/t (10,11,12,14,15), 43.422, 35.858, 35.612, -69.877, 0., 325/gDblProcessSpeed
LINE/t (10,11,12,14,15), 43.422, 33.637, 35.173, -66.945, 0., 325/gDblProcessSpeed
LINE/t (10,11,12,14,15), 43.422, 31.441, 34.622, -64.014, 0., 325/gDblProcessSpeed
LINE/t (10,11,12,14,15), 43.422, 29.277, 33.961, -61.082, 0., 325/gDblProcessSpeed
LINE/t (10,11,12,14,15), 43.422, 27.149, 33.187, -58.151, 0., 325/gDblProcessSpeed
LINE/t (10,11,12,14,15), 43.422, 25.063, 32.307, -55.219, 0., 325/gDblProcessSpeed
LINE/t (10,11,12,14,15), 43.422, 24.242, 31.926, -54.047, 0., 130/gDblProcessSpeed
LINE/t (10,11,12,14,15), 43.433, 24.004, 31.812, -53.705, 0., 39/gDblProcessSpeed
LINE/t (10,11,12,14,15), 43.425, 22.394, 30.776, -50.814, 0., 694/gDblProcessSpeed
LINE/t (10,11,12,14,15), 43.41, 22.628, 30.933, -51.233, 0., 98/gDblProcessSpeed
LINE/t (10,11,12,14,15), 43.41, 24.004, 31.812, -53.705, 0., 597/gDblProcessSpeed
LINE/v (10,11,12,14,15), 43.077, 24.004, 31.812, -53.705, 0., gDblProcessSpeed
LINE/t (10,11,12,14,15), 43.069, 22.394, 30.776, -50.814, 0., 694/gDblProcessSpeed
LINE/t (10,11,12,14,15), 43.055, 22.628, 30.933, -51.233, 0., 98/gDblProcessSpeed
LINE/t (10,11,12,14,15), 43.055, 24.004, 31.812, -53.705, 0., 597/gDblProcessSpeed
LINE/t (10,11,12,14,15), 42.888, 25.614, 32.553, -56., 0., 304/gDblProcessSpeed
LINE/t (10,11,12,14,15), 42.888, 23.567, 31.595, -53.069, -0.001, 328/gDblProcessSpeed
LINE/t (10,11,12,14,15), 42.887, 21.571, 30.534, -50.138, -0.001, 328/gDblProcessSpeed
LINE/t (10,11,12,14,15), 42.887, 19.628, 29.369, -47.201, -0.002, 329/gDblProcessSpeed
LINE/t (10,11,12,14,15), 42.886, 17.747, 28.106, -44.264, -0.002, 329/gDblProcessSpeed
LINE/t (10,11,12,14,15), 42.847, 15.966, 26.774, -41.384, -0.003, 323/gDblProcessSpeed
LINE/t (10,11,12,14,15), 42.807, 14.253, 25.357, -38.504, -0.003, 323/gDblProcessSpeed
LINE/t (10,11,12,14,15), 42.765, 12.614, 23.853, -35.623, -0.004, 323/gDblProcessSpeed
LINE/t (10,11,12,14,15), 42.722, 11.052, 22.27, -32.743, -0.004, 323/gDblProcessSpeed
LINE/t (10,11,12,14,15), 42.677, 9.572, 20.609, -29.863, -0.005, 323/gDblProcessSpeed
LINE/t (10,11,12,14,15), 42.631, 8.176, 18.878, -26.982, -0.005, 323/gDblProcessSpeed
LINE/t (10,11,12,14,15), 42.584, 6.87, 17.077, -24.102, -0.006, 323/gDblProcessSpeed
LINE/t (10,11,12,14,15), 42.534, 5.607, 15.136, -21.102, -0.006, 336/gDblProcessSpeed
LINE/t (10,11,12,14,15), 42.483, 4.447, 13.129, -18.102, -0.007, 336/gDblProcessSpeed
LINE/t (10,11,12,14,15), 42.431, 3.393, 11.066, -15.103, -0.007, 336/gDblProcessSpeed
LINE/t (10,11,12,14,15), 42.378, 2.449, 8.95, -12.103, -0.008, 336/gDblProcessSpeed
LINE/t (10,11,12,14,15), 42.325, 1.617, 6.788, -9.103, -0.008, 336/gDblProcessSpeed
LINE/t (10,11,12,14,15), 42.272, 0.899, 4.585, -6.104, -0.008, 336/gDblProcessSpeed
LINE/t (10,11,12,14,15), 42.218, 0.297, 2.347, -3.104, -0.008, 336/gDblProcessSpeed
LINE/t (10,11,12,14,15), 42.167, -0.17, 0.173, -0.224, -0.008, 322/gDblProcessSpeed
LINE/t (10,11,12,14,15), 42.162, -0.2, 0.003, 0., -0.008, 27/gDblProcessSpeed
LINE/t (10,11,12,14,15), 41.567, 3.529, -0.19, 0.101, -0.008, 3802/gDblProcessSpeed
LINE/t (10,11,12,14,15), 41.578, 82.026, -1.462, 1.924, -0.008, 78928/gDblProcessSpeed
LINE/v (10,11,12,14,15), 41.459, 82.026, -1.462, 1.924, -0.008, gDblProcessSpeed
LINE/t (10,11,12,14,15), 41.459, 3.352, -0.191, 0.111, -0.008, 79103/gDblProcessSpeed
LINE/t (10,11,12,14,15), 42.01, -0.173, 0.002, 0., -0.008, 3596/gDblProcessSpeed
LINE/t (10,11,12,14,15), 42.062, 0.298, 2.247, -2.97, -0.008, 336/gDblProcessSpeed
LINE/t (10,11,12,14,15), 42.113, 0.887, 4.471, -5.948, -0.008, 336/gDblProcessSpeed
LINE/t (10,11,12,14,15), 42.164, 1.592, 6.659, -8.927, -0.008, 336/gDblProcessSpeed
LINE/t (10,11,12,14,15), 42.216, 2.408, 8.809, -11.905, -0.007, 336/gDblProcessSpeed
LINE/t (10,11,12,14,15), 42.266, 3.336, 10.912, -14.883, -0.007, 336/gDblProcessSpeed
LINE/t (10,11,12,14,15), 42.316, 4.371, 12.965, -17.861, -0.006, 336/gDblProcessSpeed
LINE/t (10,11,12,14,15), 42.366, 5.511, 14.961, -20.839, -0.006, 336/gDblProcessSpeed
LINE/t (10,11,12,14,15), 42.414, 6.754, 16.896, -23.817, -0.005, 336/gDblProcessSpeed
LINE/t (10,11,12,14,15), 42.461, 8.095, 18.763, -26.796, -0.004, 336/gDblProcessSpeed
LINE/t (10,11,12,14,15), 42.507, 9.531, 20.557, -29.775, -0.004, 336/gDblProcessSpeed
LINE/t (10,11,12,14,15), 42.552, 11.059, 22.276, -32.753, -0.003, 336/gDblProcessSpeed
LINE/t (10,11,12,14,15), 42.595, 12.674, 23.912, -35.733, -0.002, 336/gDblProcessSpeed
LINE/t (10,11,12,14,15), 42.637, 14.373, 25.463, -38.715, -0.002, 336/gDblProcessSpeed
LINE/t (10,11,12,14,15), 42.677, 16.151, 26.924, -41.699, -0.001, 336/gDblProcessSpeed
LINE/t (10,11,12,14,15), 42.71, 17.934, 28.243, -44.574, -0.001, 324/gDblProcessSpeed
LINE/t (10,11,12,14,15), 42.71, 19.585, 29.348, -47.151, 0., 290/gDblProcessSpeed
LINE/v (10,11,12,14,15), 42.736, 19.585, 29.348, -47.151, 0., gDblProcessSpeed
LINE/t (10,11,12,14,15), 42.677, 19.771, 29.455, -47.41, 0., 60/gDblProcessSpeed
LINE/t (10,11,12,14,15), 42.682, 21.364, 30.601, -50.342, 0., 679/gDblProcessSpeed
LINE/t (10,11,12,14,15), 42.685, 21.534, 30.716, -50.653, 0., 75/gDblProcessSpeed
LINE/t (10,11,12,14,15), 42.7, 21.587, 30.74, -50.717, 0., 15/gDblProcessSpeed
LINE/t (10,11,12,14,15), 42.744, 21.471, 30.68, -50.556, 0., 45/gDblProcessSpeed
LINE/t (10,11,12,14,15), 42.74, 19.832, 29.533, -47.603, 0., 653/gDblProcessSpeed
LINE/t (10,11,12,14,15), 42.736, 19.585, 29.348, -47.151, 0., 98/gDblProcessSpeed
LINE/t (10,11,12,14,15), 42.388, 19.654, 29.392, -47.257, 0., 348/gDblProcessSpeed
LINE/t (10,11,12,14,15), 42.321, 19.861, 29.503, -47.528, 0., 67/gDblProcessSpeed
LINE/t (10,11,12,14,15), 42.328, 21.404, 30.642, -50.456, 0., 729/gDblProcessSpeed
LINE/t (10,11,12,14,15), 42.329, 21.449, 30.675, -50.546, 0., 25/gDblProcessSpeed
LINE/t (10,11,12,14,15), 42.344, 21.496, 30.696, -50.6, 0., 15/gDblProcessSpeed
LINE/t (10,11,12,14,15), 42.388, 21.4, 30.645, -50.465, 0., 45/gDblProcessSpeed
LINE/t (10,11,12,14,15), 42.388, 19.82, 29.517, -47.564, 0., 670/gDblProcessSpeed
LINE/t (10,11,12,14,15), 42.388, 19.654, 29.392, -47.257, 0., 69/gDblProcessSpeed
LINE/t (10,11,12,14,15), 42.355, 19.585, 29.348, -47.151, 0., 36/gDblProcessSpeed
LINE/t (10,11,12,14,15), 42.354, 17.679, 28.065, -44.172, -0.001, 333/gDblProcessSpeed
LINE/t (10,11,12,14,15), 42.319, 15.831, 26.676, -41.178, -0.001, 335/gDblProcessSpeed
LINE/t (10,11,12,14,15), 42.281, 14.059, 25.194, -38.185, -0.002, 335/gDblProcessSpeed
LINE/t (10,11,12,14,15), 42.243, 12.366, 23.62, -35.191, -0.003, 335/gDblProcessSpeed
LINE/t (10,11,12,14,15), 42.203, 10.757, 21.961, -32.197, -0.003, 335/gDblProcessSpeed
LINE/t (10,11,12,14,15), 42.162, 9.237, 20.219, -29.203, -0.004, 335/gDblProcessSpeed
LINE/t (10,11,12,14,15), 42.119, 7.81, 18.401, -26.21, -0.004, 335/gDblProcessSpeed
LINE/t (10,11,12,14,15), 42.075, 6.48, 16.511, -23.216, -0.005, 335/gDblProcessSpeed
LINE/t (10,11,12,14,15), 42.031, 5.25, 14.553, -20.223, -0.006, 335/gDblProcessSpeed
LINE/t (10,11,12,14,15), 41.986, 4.124, 12.535, -17.229, -0.006, 335/gDblProcessSpeed
LINE/t (10,11,12,14,15), 41.94, 3.105, 10.46, -14.236, -0.007, 335/gDblProcessSpeed
LINE/t (10,11,12,14,15), 41.893, 2.196, 8.335, -11.243, -0.008, 335/gDblProcessSpeed
LINE/t (10,11,12,14,15), 41.846, 1.399, 6.165, -8.25, -0.008, 335/gDblProcessSpeed
LINE/t (10,11,12,14,15), 41.799, 0.716, 3.956, -5.256, -0.008, 335/gDblProcessSpeed
LINE/t (10,11,12,14,15), 41.752, 0.149, 1.715, -2.263, -0.008, 335/gDblProcessSpeed
LINE/t (10,11,12,14,15), 41.716, -0.2, 0.003, 0., -0.008, 254/gDblProcessSpeed
LINE/t (10,11,12,14,15), 41.204, 3.454, -0.185, 0.099, -0.008, 3716/gDblProcessSpeed
LINE/t (10,11,12,14,15), 41.215, 82.026, -1.462, 1.924, -0.008, 79003/gDblProcessSpeed
LINE/v (10,11,12,14,15), 41.093, 82.026, -1.462, 1.924, -0.008, gDblProcessSpeed
LINE/t (10,11,12,14,15), 41.093, 3.264, -0.186, 0.108, -0.008, 79191/gDblProcessSpeed
LINE/t (10,11,12,14,15), 41.564, -0.174, 0.002, 0., -0.008, 3498/gDblProcessSpeed
LINE/t (10,11,12,14,15), 41.609, 0.296, 2.243, -2.965, -0.008, 334/gDblProcessSpeed
LINE/t (10,11,12,14,15), 41.654, 0.888, 4.472, -5.951, -0.008, 335/gDblProcessSpeed
LINE/t (10,11,12,14,15), 41.698, 1.594, 6.666, -8.936, -0.008, 335/gDblProcessSpeed
LINE/t (10,11,12,14,15), 41.743, 2.414, 8.821, -11.921, -0.008, 335/gDblProcessSpeed
LINE/t (10,11,12,14,15), 41.787, 3.345, 10.929, -14.907, -0.007, 335/gDblProcessSpeed
LINE/t (10,11,12,14,15), 41.831, 4.385, 12.986, -17.892, -0.007, 335/gDblProcessSpeed
LINE/t (10,11,12,14,15), 41.874, 5.53, 14.987, -20.877, -0.006, 335/gDblProcessSpeed
LINE/t (10,11,12,14,15), 41.916, 6.777, 16.925, -23.863, -0.006, 335/gDblProcessSpeed
LINE/t (10,11,12,14,15), 41.958, 8.124, 18.795, -26.849, -0.005, 335/gDblProcessSpeed
LINE/t (10,11,12,14,15), 41.998, 9.566, 20.593, -29.834, -0.005, 335/gDblProcessSpeed
LINE/t (10,11,12,14,15), 42.037, 11.1, 22.314, -32.82, -0.004, 335/gDblProcessSpeed
LINE/t (10,11,12,14,15), 42.075, 12.722, 23.951, -35.807, -0.004, 335/gDblProcessSpeed
LINE/t (10,11,12,14,15), 42.112, 14.428, 25.504, -38.796, -0.003, 335/gDblProcessSpeed
LINE/t (10,11,12,14,15), 42.147, 16.213, 26.965, -41.786, -0.003, 335/gDblProcessSpeed
LINE/t (10,11,12,14,15), 42.175, 18.002, 28.283, -44.664, -0.002, 323/gDblProcessSpeed
LINE/t (10,11,12,14,15), 42.176, 19.883, 29.528, -47.59, -0.002, 328/gDblProcessSpeed
LINE/t (10,11,12,14,15), 42.176, 21.825, 30.675, -50.515, -0.001, 328/gDblProcessSpeed
LINE/t (10,11,12,14,15), 42.177, 23.824, 31.721, -53.441, 0., 328/gDblProcessSpeed
LINE/t (10,11,12,14,15), 42.177, 25.614, 32.553, -56., 0., 287/gDblProcessSpeed
LINE/v (10,11,12,14,15), 42.203, 25.614, 32.553, -56., 0., gDblProcessSpeed
LINE/t (10,11,12,14,15), 42.144, 25.863, 32.651, -56.322, 0., 61/gDblProcessSpeed
LINE/t (10,11,12,14,15), 42.144, 27.78, 33.504, -59.319, 0., 565/gDblProcessSpeed
LINE/t (10,11,12,14,15), 42.15, 28.959, 33.961, -61.129, 0., 341/gDblProcessSpeed
LINE/t (10,11,12,14,15), 42.152, 29.009, 33.993, -61.265, 0., 64/gDblProcessSpeed
LINE/t (10,11,12,14,15), 42.181, 29.07, 34.009, -61.329, 0., 30/gDblProcessSpeed
LINE/t (10,11,12,14,15), 42.21, 28.959, 33.971, -61.171, 0., 37/gDblProcessSpeed
LINE/t (10,11,12,14,15), 42.211, 27.033, 33.201, -58.208, 0., 555/gDblProcessSpeed
LINE/t (10,11,12,14,15), 42.203, 25.614, 32.553, -56., 0., 401/gDblProcessSpeed
LINE/t (10,11,12,14,15), 42.355, 24.242, 31.926, -54.047, 0., 265/gDblProcessSpeed
LINE/t (10,11,12,14,15), 42.355, 26.309, 32.848, -56.978, 0., 325/gDblProcessSpeed
LINE/t (10,11,12,14,15), 42.355, 28.421, 33.663, -59.91, 0., 325/gDblProcessSpeed
LINE/t (10,11,12,14,15), 42.355, 30.571, 34.371, -62.841, 0., 325/gDblProcessSpeed
LINE/t (10,11,12,14,15), 42.355, 32.756, 34.968, -65.773, 0., 325/gDblProcessSpeed
LINE/t (10,11,12,14,15), 42.355, 34.967, 35.45, -68.704, 0., 325/gDblProcessSpeed
LINE/t (10,11,12,14,15), 42.355, 37.201, 35.819, -71.636, 0., 325/gDblProcessSpeed
LINE/t (10,11,12,14,15), 42.355, 38.099, 35.937, -72.808, 0., 130/gDblProcessSpeed
LINE/v (10,11,12,14,15), 42.177, 38.099, 35.937, -72.808, 0., gDblProcessSpeed
LINE/t (10,11,12,14,15), 42.177, 35.826, 35.606, -69.834, 0., 330/gDblProcessSpeed
LINE/t (10,11,12,14,15), 42.177, 33.572, 35.16, -66.859, 0., 330/gDblProcessSpeed
LINE/t (10,11,12,14,15), 42.177, 32.084, 34.797, -64.876, 0., 220/gDblProcessSpeed
LINE/t (10,11,12,14,15), 42.166, 31.733, 34.704, -64.406, 0., 53/gDblProcessSpeed
LINE/t (10,11,12,14,15), 42.166, 29.801, 34.05, -61.473, 0., 562/gDblProcessSpeed
LINE/t (10,11,12,14,15), 42.172, 28.88, 33.692, -60.057, 0., 272/gDblProcessSpeed
LINE/t (10,11,12,14,15), 42.174, 28.893, 33.676, -60.003, 0., 59/gDblProcessSpeed
LINE/t (10,11,12,14,15), 42.188, 28.838, 33.67, -59.972, 0., 32/gDblProcessSpeed
LINE/t (10,11,12,14,15), 42.188, 30.76, 34.389, -62.928, 0., 576/gDblProcessSpeed
LINE/t (10,11,12,14,15), 42.188, 31.733, 34.704, -64.406, 0., 288/gDblProcessSpeed
LINE/t (10,11,12,14,15), 42.499, 31.958, 34.764, -64.707, 0., 313/gDblProcessSpeed
LINE/t (10,11,12,14,15), 42.522, 31.793, 34.729, -64.532, 0., 27/gDblProcessSpeed
LINE/t (10,11,12,14,15), 42.566, 31.613, 34.684, -64.31, 0., 45/gDblProcessSpeed
LINE/t (10,11,12,14,15), 42.566, 29.704, 34.023, -61.36, 0., 600/gDblProcessSpeed
LINE/t (10,11,12,14,15), 42.56, 28.737, 33.636, -59.844, 0., 308/gDblProcessSpeed
LINE/t (10,11,12,14,15), 42.558, 28.708, 33.605, -59.734, 0., 63/gDblProcessSpeed
LINE/t (10,11,12,14,15), 42.529, 28.656, 33.592, -59.681, 0., 30/gDblProcessSpeed
LINE/t (10,11,12,14,15), 42.499, 28.753, 33.63, -59.823, 0., 37/gDblProcessSpeed
LINE/t (10,11,12,14,15), 42.499, 30.695, 34.362, -62.81, 0., 580/gDblProcessSpeed
LINE/t (10,11,12,14,15), 42.499, 31.958, 34.764, -64.707, 0., 357/gDblProcessSpeed
LINE/t (10,11,12,14,15), 42.533, 32.084, 34.797, -64.876, 0., 38/gDblProcessSpeed
LINE/t (10,11,12,14,15), 42.533, 34.321, 35.321, -67.851, 0., 330/gDblProcessSpeed
LINE/t (10,11,12,14,15), 42.533, 36.581, 35.73, -70.825, 0., 330/gDblProcessSpeed
LINE/t (10,11,12,14,15), 42.533, 38.099, 35.937, -72.808, 0., 220/gDblProcessSpeed
LINE/v (10,11,12,14,15), 42.71, 38.099, 35.937, -72.808, 0., gDblProcessSpeed
LINE/t (10,11,12,14,15), 42.71, 35.858, 35.612, -69.877, 0., 325/gDblProcessSpeed
LINE/t (10,11,12,14,15), 42.71, 33.637, 35.173, -66.945, 0., 325/gDblProcessSpeed
LINE/t (10,11,12,14,15), 42.71, 31.441, 34.622, -64.014, 0., 325/gDblProcessSpeed
LINE/t (10,11,12,14,15), 42.71, 29.277, 33.961, -61.082, 0., 325/gDblProcessSpeed
LINE/t (10,11,12,14,15), 42.71, 27.149, 33.187, -58.151, 0., 325/gDblProcessSpeed
LINE/t (10,11,12,14,15), 42.71, 25.063, 32.307, -55.219, 0., 325/gDblProcessSpeed
LINE/t (10,11,12,14,15), 42.71, 24.242, 31.926, -54.047, 0., 130/gDblProcessSpeed
LINE/t (10,11,12,14,15), 42.722, 24.004, 31.812, -53.705, 0., 39/gDblProcessSpeed
LINE/t (10,11,12,14,15), 42.714, 22.394, 30.776, -50.814, 0., 694/gDblProcessSpeed
LINE/t (10,11,12,14,15), 42.699, 22.628, 30.933, -51.233, 0., 98/gDblProcessSpeed
LINE/t (10,11,12,14,15), 42.699, 24.004, 31.812, -53.705, 0., 597/gDblProcessSpeed
LINE/t (10,11,12,14,15), 42.533, 25.614, 32.553, -56., 0., 304/gDblProcessSpeed
LINE/t (10,11,12,14,15), 42.532, 23.563, 31.594, -53.065, -0.001, 328/gDblProcessSpeed
LINE/t (10,11,12,14,15), 42.532, 21.564, 30.531, -50.13, -0.001, 328/gDblProcessSpeed
LINE/t (10,11,12,14,15), 42.531, 19.619, 29.364, -47.19, -0.002, 329/gDblProcessSpeed
LINE/t (10,11,12,14,15), 42.531, 17.736, 28.099, -44.249, -0.002, 329/gDblProcessSpeed
LINE/t (10,11,12,14,15), 42.494, 15.883, 26.71, -41.25, -0.003, 335/gDblProcessSpeed
LINE/t (10,11,12,14,15), 42.455, 14.104, 25.227, -38.251, -0.003, 335/gDblProcessSpeed
LINE/t (10,11,12,14,15), 42.415, 12.406, 23.653, -35.251, -0.004, 335/gDblProcessSpeed
LINE/t (10,11,12,14,15), 42.373, 10.792, 21.992, -32.252, -0.004, 335/gDblProcessSpeed
LINE/t (10,11,12,14,15), 42.33, 9.267, 20.249, -29.253, -0.005, 335/gDblProcessSpeed
LINE/t (10,11,12,14,15), 42.286, 7.835, 18.428, -26.253, -0.005, 335/gDblProcessSpeed
LINE/t (10,11,12,14,15), 42.24, 6.501, 16.535, -23.254, -0.006, 335/gDblProcessSpeed
LINE/t (10,11,12,14,15), 42.194, 5.267, 14.575, -20.255, -0.006, 335/gDblProcessSpeed
LINE/t (10,11,12,14,15), 42.147, 4.137, 12.553, -17.256, -0.007, 335/gDblProcessSpeed
LINE/t (10,11,12,14,15), 42.099, 3.115, 10.475, -14.257, -0.007, 335/gDblProcessSpeed
LINE/t (10,11,12,14,15), 42.05, 2.202, 8.346, -11.259, -0.008, 335/gDblProcessSpeed
LINE/t (10,11,12,14,15), 42.001, 1.403, 6.172, -8.26, -0.008, 335/gDblProcessSpeed
LINE/t (10,11,12,14,15), 41.952, 0.718, 3.96, -5.261, -0.008, 335/gDblProcessSpeed
LINE/t (10,11,12,14,15), 41.903, 0.149, 1.715, -2.262, -0.008, 335/gDblProcessSpeed
LINE/t (10,11,12,14,15), 41.865, -0.2, 0.003, 0., -0.008, 255/gDblProcessSpeed
LINE/t (10,11,12,14,15), 41.325, 3.479, -0.187, 0.099, -0.008, 3745/gDblProcessSpeed
LINE/t (10,11,12,14,15), 41.337, 82.026, -1.462, 1.924, -0.008, 78978/gDblProcessSpeed
LINE/v (10,11,12,14,15), 40.974, 82.026, -1.462, 1.924, -0.008, gDblProcessSpeed
LINE/t (10,11,12,14,15), 40.973, 3.24, -0.184, 0.107, -0.008, 79215/gDblProcessSpeed
LINE/t (10,11,12,14,15), 41.417, -0.174, 0.002, 0., -0.008, 3470/gDblProcessSpeed
LINE/t (10,11,12,14,15), 41.459, 0.295, 2.24, -2.961, -0.008, 334/gDblProcessSpeed
LINE/t (10,11,12,14,15), 41.502, 0.884, 4.464, -5.94, -0.008, 335/gDblProcessSpeed
LINE/t (10,11,12,14,15), 41.545, 1.588, 6.653, -8.918, -0.008, 335/gDblProcessSpeed
LINE/t (10,11,12,14,15), 41.587, 2.404, 8.803, -11.896, -0.008, 335/gDblProcessSpeed
LINE/t (10,11,12,14,15), 41.629, 3.331, 10.906, -14.874, -0.007, 335/gDblProcessSpeed
LINE/t (10,11,12,14,15), 41.671, 4.366, 12.96, -17.853, -0.006, 335/gDblProcessSpeed
LINE/t (10,11,12,14,15), 41.712, 5.506, 14.956, -20.831, -0.006, 335/gDblProcessSpeed
LINE/t (10,11,12,14,15), 41.752, 6.748, 16.891, -23.81, -0.005, 335/gDblProcessSpeed
LINE/t (10,11,12,14,15), 41.792, 8.089, 18.758, -26.788, -0.004, 335/gDblProcessSpeed
LINE/t (10,11,12,14,15), 41.83, 9.525, 20.553, -29.767, -0.004, 335/gDblProcessSpeed
LINE/t (10,11,12,14,15), 41.867, 11.052, 22.272, -32.745, -0.003, 335/gDblProcessSpeed
LINE/t (10,11,12,14,15), 41.903, 12.668, 23.907, -35.725, -0.002, 335/gDblProcessSpeed
LINE/t (10,11,12,14,15), 41.938, 14.366, 25.459, -38.706, -0.002, 335/gDblProcessSpeed
LINE/t (10,11,12,14,15), 41.971, 16.144, 26.92, -41.689, -0.001, 335/gDblProcessSpeed
LINE/t (10,11,12,14,15), 41.999, 17.928, 28.239, -44.565, -0.001, 323/gDblProcessSpeed
LINE/t (10,11,12,14,15), 41.999, 19.585, 29.348, -47.151, 0., 290/gDblProcessSpeed
LINE/v (10,11,12,14,15), 42.025, 19.585, 29.348, -47.151, 0., gDblProcessSpeed
LINE/t (10,11,12,14,15), 41.966, 19.771, 29.455, -47.41, 0., 60/gDblProcessSpeed
LINE/t (10,11,12,14,15), 41.971, 21.364, 30.601, -50.342, 0., 679/gDblProcessSpeed
LINE/t (10,11,12,14,15), 41.974, 21.534, 30.716, -50.653, 0., 75/gDblProcessSpeed
LINE/t (10,11,12,14,15), 41.988, 21.587, 30.74, -50.717, 0., 15/gDblProcessSpeed
LINE/t (10,11,12,14,15), 42.033, 21.471, 30.68, -50.556, 0., 45/gDblProcessSpeed
LINE/t (10,11,12,14,15), 42.029, 19.832, 29.533, -47.603, 0., 653/gDblProcessSpeed
LINE/t (10,11,12,14,15), 42.025, 19.585, 29.348, -47.151, 0., 98/gDblProcessSpeed
LINE/t (10,11,12,14,15), 41.677, 19.654, 29.392, -47.257, 0., 348/gDblProcessSpeed
LINE/t (10,11,12,14,15), 41.61, 19.861, 29.503, -47.528, 0., 67/gDblProcessSpeed
LINE/t (10,11,12,14,15), 41.617, 21.404, 30.642, -50.456, 0., 729/gDblProcessSpeed
LINE/t (10,11,12,14,15), 41.618, 21.449, 30.675, -50.546, 0., 25/gDblProcessSpeed
LINE/t (10,11,12,14,15), 41.633, 21.496, 30.696, -50.6, 0., 15/gDblProcessSpeed
LINE/t (10,11,12,14,15), 41.677, 21.4, 30.645, -50.465, 0., 45/gDblProcessSpeed
LINE/t (10,11,12,14,15), 41.677, 19.82, 29.517, -47.564, 0., 670/gDblProcessSpeed
LINE/t (10,11,12,14,15), 41.677, 19.654, 29.392, -47.257, 0., 69/gDblProcessSpeed
LINE/t (10,11,12,14,15), 41.644, 19.585, 29.348, -47.151, 0., 36/gDblProcessSpeed
LINE/t (10,11,12,14,15), 41.643, 17.674, 28.062, -44.165, -0.001, 333/gDblProcessSpeed
LINE/t (10,11,12,14,15), 41.614, 15.826, 26.673, -41.172, -0.001, 334/gDblProcessSpeed
LINE/t (10,11,12,14,15), 41.584, 14.054, 25.191, -38.179, -0.002, 334/gDblProcessSpeed
LINE/t (10,11,12,14,15), 41.552, 12.361, 23.617, -35.185, -0.003, 334/gDblProcessSpeed
LINE/t (10,11,12,14,15), 41.52, 10.753, 21.958, -32.192, -0.003, 334/gDblProcessSpeed
LINE/t (10,11,12,14,15), 41.486, 9.233, 20.217, -29.199, -0.004, 334/gDblProcessSpeed
LINE/t (10,11,12,14,15), 41.451, 7.807, 18.398, -26.205, -0.004, 334/gDblProcessSpeed
LINE/t (10,11,12,14,15), 41.416, 6.477, 16.508, -23.212, -0.005, 334/gDblProcessSpeed
LINE/t (10,11,12,14,15), 41.38, 5.247, 14.55, -20.219, -0.006, 334/gDblProcessSpeed
LINE/t (10,11,12,14,15), 41.343, 4.122, 12.533, -17.226, -0.006, 334/gDblProcessSpeed
LINE/t (10,11,12,14,15), 41.305, 3.103, 10.457, -14.233, -0.007, 334/gDblProcessSpeed
LINE/t (10,11,12,14,15), 41.267, 2.194, 8.332, -11.24, -0.008, 334/gDblProcessSpeed
LINE/t (10,11,12,14,15), 41.229, 1.397, 6.163, -8.247, -0.008, 334/gDblProcessSpeed
LINE/t (10,11,12,14,15), 41.191, 0.715, 3.954, -5.254, -0.008, 334/gDblProcessSpeed
LINE/t (10,11,12,14,15), 41.153, 0.148, 1.714, -2.261, -0.008, 334/gDblProcessSpeed
LINE/t (10,11,12,14,15), 41.123, -0.2, 0.003, 0., -0.008, 253/gDblProcessSpeed
LINE/t (10,11,12,14,15), 40.718, 3.373, -0.181, 0.095, -0.008, 3622/gDblProcessSpeed
LINE/t (10,11,12,14,15), 40.73, 82.026, -1.462, 1.924, -0.008, 79085/gDblProcessSpeed
LINE/v (10,11,12,14,15), 40.852, 82.026, -1.462, 1.924, -0.008, gDblProcessSpeed
LINE/t (10,11,12,14,15), 40.852, 3.202, -0.182, 0.105, -0.008, 79254/gDblProcessSpeed
LINE/t (10,11,12,14,15), 41.269, -0.174, 0.002, 0., -0.008, 3429/gDblProcessSpeed
LINE/t (10,11,12,14,15), 41.309, 0.295, 2.239, -2.96, -0.008, 333/gDblProcessSpeed
LINE/t (10,11,12,14,15), 41.35, 0.886, 4.468, -5.945, -0.008, 334/gDblProcessSpeed
LINE/t (10,11,12,14,15), 41.39, 1.592, 6.661, -8.93, -0.008, 334/gDblProcessSpeed
LINE/t (10,11,12,14,15), 41.43, 2.411, 8.816, -11.914, -0.008, 334/gDblProcessSpeed
LINE/t (10,11,12,14,15), 41.47, 3.341, 10.924, -14.899, -0.007, 334/gDblProcessSpeed
LINE/t (10,11,12,14,15), 41.509, 4.38, 12.981, -17.884, -0.007, 334/gDblProcessSpeed
LINE/t (10,11,12,14,15), 41.548, 5.525, 14.981, -20.869, -0.006, 334/gDblProcessSpeed
LINE/t (10,11,12,14,15), 41.586, 6.772, 16.919, -23.854, -0.006, 334/gDblProcessSpeed
LINE/t (10,11,12,14,15), 41.624, 8.118, 18.789, -26.839, -0.005, 334/gDblProcessSpeed
LINE/t (10,11,12,14,15), 41.66, 9.56, 20.586, -29.824, -0.005, 334/gDblProcessSpeed
LINE/t (10,11,12,14,15), 41.695, 11.093, 22.307, -32.809, -0.004, 334/gDblProcessSpeed
LINE/t (10,11,12,14,15), 41.729, 12.714, 23.945, -35.795, -0.004, 335/gDblProcessSpeed
LINE/t (10,11,12,14,15), 41.762, 14.419, 25.497, -38.783, -0.003, 335/gDblProcessSpeed
LINE/t (10,11,12,14,15), 41.794, 16.203, 26.959, -41.772, -0.003, 335/gDblProcessSpeed
LINE/t (10,11,12,14,15), 41.82, 17.991, 28.276, -44.65, -0.002, 322/gDblProcessSpeed
LINE/t (10,11,12,14,15), 41.82, 19.875, 29.523, -47.579, -0.002, 328/gDblProcessSpeed
LINE/t (10,11,12,14,15), 41.821, 21.82, 30.672, -50.508, -0.001, 328/gDblProcessSpeed
LINE/t (10,11,12,14,15), 41.821, 23.821, 31.72, -53.437, 0., 328/gDblProcessSpeed
LINE/t (10,11,12,14,15), 41.821, 25.614, 32.553, -56., 0., 287/gDblProcessSpeed
LINE/v (10,11,12,14,15), 41.796, 25.614, 32.553, -56., 0., gDblProcessSpeed
LINE/t (10,11,12,14,15), 41.788, 27.494, 33.398, -58.922, 0., 535/gDblProcessSpeed
LINE/t (10,11,12,14,15), 41.795, 28.955, 33.972, -61.181, 0., 434/gDblProcessSpeed
LINE/t (10,11,12,14,15), 41.811, 28.923, 33.966, -61.158, 0., 20/gDblProcessSpeed
LINE/t (10,11,12,14,15), 41.855, 28.904, 33.958, -61.125, 0., 45/gDblProcessSpeed
LINE/t (10,11,12,14,15), 41.855, 28.91, 33.956, -61.113, 0., 15/gDblProcessSpeed
LINE/t (10,11,12,14,15), 41.855, 27.01, 33.184, -58.144, 0., 585/gDblProcessSpeed
LINE/t (10,11,12,14,15), 41.847, 25.826, 32.632, -56.259, 0., 371/gDblProcessSpeed
LINE/t (10,11,12,14,15), 41.796, 25.614, 32.553, -56., 0., 51/gDblProcessSpeed
LINE/t (10,11,12,14,15), 41.644, 24.242, 31.926, -54.047, 0., 265/gDblProcessSpeed
LINE/t (10,11,12,14,15), 41.644, 26.309, 32.848, -56.978, 0., 325/gDblProcessSpeed
LINE/t (10,11,12,14,15), 41.644, 28.421, 33.663, -59.91, 0., 325/gDblProcessSpeed
LINE/t (10,11,12,14,15), 41.644, 30.571, 34.371, -62.841, 0., 325/gDblProcessSpeed
LINE/t (10,11,12,14,15), 41.644, 32.756, 34.968, -65.773, 0., 325/gDblProcessSpeed
LINE/t (10,11,12,14,15), 41.644, 34.967, 35.45, -68.704, 0., 325/gDblProcessSpeed
LINE/t (10,11,12,14,15), 41.644, 37.201, 35.819, -71.636, 0., 325/gDblProcessSpeed
LINE/t (10,11,12,14,15), 41.644, 38.099, 35.937, -72.808, 0., 130/gDblProcessSpeed
LINE/v (10,11,12,14,15), 41.466, 38.099, 35.937, -72.808, 0., gDblProcessSpeed
LINE/t (10,11,12,14,15), 41.466, 35.826, 35.606, -69.834, 0., 330/gDblProcessSpeed
LINE/t (10,11,12,14,15), 41.466, 33.572, 35.16, -66.859, 0., 330/gDblProcessSpeed
LINE/t (10,11,12,14,15), 41.466, 32.084, 34.797, -64.876, 0., 220/gDblProcessSpeed
LINE/v (10,11,12,14,15), 41.44, 32.084, 34.797, -64.876, 0., gDblProcessSpeed
LINE/t (10,11,12,14,15), 41.499, 31.833, 34.736, -64.567, 0., 60/gDblProcessSpeed
LINE/t (10,11,12,14,15), 41.499, 29.911, 34.09, -61.64, 0., 570/gDblProcessSpeed
LINE/t (10,11,12,14,15), 41.492, 28.691, 33.611, -59.752, 0., 369/gDblProcessSpeed
LINE/t (10,11,12,14,15), 41.491, 28.717, 33.608, -59.746, 0., 32/gDblProcessSpeed
LINE/t (10,11,12,14,15), 41.432, 28.693, 33.606, -59.734, 0., 61/gDblProcessSpeed
LINE/t (10,11,12,14,15), 41.432, 30.626, 34.336, -62.693, 0., 565/gDblProcessSpeed
LINE/t (10,11,12,14,15), 41.44, 32.084, 34.797, -64.876, 0., 405/gDblProcessSpeed
LINE/t (10,11,12,14,15), 41.455, 31.733, 34.704, -64.406, 0., 54/gDblProcessSpeed
LINE/t (10,11,12,14,15), 41.455, 29.801, 34.05, -61.473, 0., 562/gDblProcessSpeed
LINE/t (10,11,12,14,15), 41.461, 28.88, 33.692, -60.057, 0., 272/gDblProcessSpeed
LINE/t (10,11,12,14,15), 41.463, 28.893, 33.676, -60.003, 0., 59/gDblProcessSpeed
LINE/t (10,11,12,14,15), 41.477, 28.838, 33.67, -59.972, 0., 32/gDblProcessSpeed
LINE/t (10,11,12,14,15), 41.477, 30.76, 34.389, -62.928, 0., 576/gDblProcessSpeed
LINE/t (10,11,12,14,15), 41.477, 31.733, 34.704, -64.406, 0., 288/gDblProcessSpeed
LINE/v (10,11,12,14,15), 41.81, 31.733, 34.704, -64.406, 0., gDblProcessSpeed
LINE/t (10,11,12,14,15), 41.81, 29.801, 34.05, -61.473, 0., 562/gDblProcessSpeed
LINE/t (10,11,12,14,15), 41.816, 28.88, 33.692, -60.057, 0., 272/gDblProcessSpeed
LINE/t (10,11,12,14,15), 41.818, 28.893, 33.676, -60.003, 0., 59/gDblProcessSpeed
LINE/t (10,11,12,14,15), 41.833, 28.838, 33.67, -59.972, 0., 32/gDblProcessSpeed
LINE/t (10,11,12,14,15), 41.833, 30.76, 34.389, -62.928, 0., 576/gDblProcessSpeed
LINE/t (10,11,12,14,15), 41.833, 31.733, 34.704, -64.406, 0., 288/gDblProcessSpeed
LINE/t (10,11,12,14,15), 41.821, 32.084, 34.797, -64.876, 0., 53/gDblProcessSpeed
LINE/t (10,11,12,14,15), 41.821, 34.321, 35.321, -67.851, 0., 330/gDblProcessSpeed
LINE/t (10,11,12,14,15), 41.821, 36.581, 35.73, -70.825, 0., 330/gDblProcessSpeed
LINE/t (10,11,12,14,15), 41.821, 38.099, 35.937, -72.808, 0., 220/gDblProcessSpeed
LINE/v (10,11,12,14,15), 41.999, 38.099, 35.937, -72.808, 0., gDblProcessSpeed
LINE/t (10,11,12,14,15), 41.999, 35.858, 35.612, -69.877, 0., 325/gDblProcessSpeed
LINE/t (10,11,12,14,15), 41.999, 33.637, 35.173, -66.945, 0., 325/gDblProcessSpeed
LINE/t (10,11,12,14,15), 41.999, 31.441, 34.622, -64.014, 0., 325/gDblProcessSpeed
LINE/t (10,11,12,14,15), 41.999, 29.277, 33.961, -61.082, 0., 325/gDblProcessSpeed
LINE/t (10,11,12,14,15), 41.999, 27.149, 33.187, -58.151, 0., 325/gDblProcessSpeed
LINE/t (10,11,12,14,15), 41.999, 25.063, 32.307, -55.219, 0., 325/gDblProcessSpeed
LINE/t (10,11,12,14,15), 41.999, 24.242, 31.926, -54.047, 0., 130/gDblProcessSpeed
LINE/t (10,11,12,14,15), 42.01, 24.004, 31.812, -53.705, 0., 39/gDblProcessSpeed
LINE/t (10,11,12,14,15), 42.002, 22.394, 30.776, -50.814, 0., 694/gDblProcessSpeed
LINE/t (10,11,12,14,15), 41.988, 22.628, 30.933, -51.233, 0., 98/gDblProcessSpeed
LINE/t (10,11,12,14,15), 41.988, 24.004, 31.812, -53.705, 0., 597/gDblProcessSpeed
LINE/v (10,11,12,14,15), 41.655, 24.004, 31.812, -53.705, 0., gDblProcessSpeed
LINE/t (10,11,12,14,15), 41.647, 22.394, 30.776, -50.814, 0., 694/gDblProcessSpeed
LINE/t (10,11,12,14,15), 41.632, 22.628, 30.933, -51.233, 0., 98/gDblProcessSpeed
LINE/t (10,11,12,14,15), 41.632, 24.004, 31.812, -53.705, 0., 597/gDblProcessSpeed
LINE/t (10,11,12,14,15), 41.466, 25.614, 32.553, -56., 0., 304/gDblProcessSpeed
LINE/t (10,11,12,14,15), 41.465, 23.555, 31.59, -53.055, -0.001, 328/gDblProcessSpeed
LINE/t (10,11,12,14,15), 41.465, 21.549, 30.523, -50.11, -0.001, 328/gDblProcessSpeed
LINE/t (10,11,12,14,15), 41.464, 19.597, 29.352, -47.161, -0.002, 329/gDblProcessSpeed
LINE/t (10,11,12,14,15), 41.464, 17.708, 28.082, -44.212, -0.002, 329/gDblProcessSpeed
LINE/t (10,11,12,14,15), 41.437, 15.857, 26.693, -41.215, -0.003, 334/gDblProcessSpeed
LINE/t (10,11,12,14,15), 41.408, 14.081, 25.211, -38.218, -0.003, 334/gDblProcessSpeed
LINE/t (10,11,12,14,15), 41.379, 12.385, 23.636, -35.221, -0.004, 334/gDblProcessSpeed
LINE/t (10,11,12,14,15), 41.348, 10.773, 21.976, -32.224, -0.004, 334/gDblProcessSpeed
LINE/t (10,11,12,14,15), 41.316, 9.25, 20.234, -29.227, -0.005, 334/gDblProcessSpeed
LINE/t (10,11,12,14,15), 41.284, 7.821, 18.414, -26.23, -0.005, 334/gDblProcessSpeed
LINE/t (10,11,12,14,15), 41.25, 6.488, 16.522, -23.234, -0.006, 334/gDblProcessSpeed
LINE/t (10,11,12,14,15), 41.216, 5.256, 14.563, -20.237, -0.006, 334/gDblProcessSpeed
LINE/t (10,11,12,14,15), 41.182, 4.128, 12.542, -17.24, -0.007, 334/gDblProcessSpeed
LINE/t (10,11,12,14,15), 41.146, 3.108, 10.465, -14.244, -0.007, 334/gDblProcessSpeed
LINE/t (10,11,12,14,15), 41.111, 2.197, 8.338, -11.247, -0.008, 334/gDblProcessSpeed
LINE/t (10,11,12,14,15), 41.074, 1.398, 6.166, -8.251, -0.009, 334/gDblProcessSpeed
LINE/t (10,11,12,14,15), 41.039, 0.715, 3.955, -5.254, -0.009, 334/gDblProcessSpeed
LINE/t (10,11,12,14,15), 41.002, 0.148, 1.711, -2.258, -0.009, 334/gDblProcessSpeed
LINE/t (10,11,12,14,15), 40.975, -0.2, 0.003, 0., -0.009, 253/gDblProcessSpeed
LINE/t (10,11,12,14,15), 40.596, 3.367, -0.18, 0.095, -0.009, 3613/gDblProcessSpeed
LINE/t (10,11,12,14,15), 40.608, 82.026, -1.462, 1.924, -0.009, 79091/gDblProcessSpeed
LINE/v (10,11,12,14,15), 40.489, 82.026, -1.462, 1.924, -0.009, gDblProcessSpeed
LINE/t (10,11,12,14,15), 40.489, 3.102, -0.177, 0.102, -0.009, 79354/gDblProcessSpeed
LINE/t (10,11,12,14,15), 40.826, -0.175, 0.002, 0., -0.009, 3321/gDblProcessSpeed
LINE/t (10,11,12,14,15), 40.86, 0.292, 2.233, -2.952, -0.009, 332/gDblProcessSpeed
LINE/t (10,11,12,14,15), 40.893, 0.881, 4.457, -5.931, -0.009, 334/gDblProcessSpeed
LINE/t (10,11,12,14,15), 40.927, 1.584, 6.646, -8.909, -0.008, 334/gDblProcessSpeed
LINE/t (10,11,12,14,15), 40.961, 2.4, 8.797, -11.888, -0.008, 334/gDblProcessSpeed
LINE/t (10,11,12,14,15), 40.995, 3.326, 10.901, -14.866, -0.007, 334/gDblProcessSpeed
LINE/t (10,11,12,14,15), 41.028, 4.361, 12.954, -17.845, -0.006, 334/gDblProcessSpeed
LINE/t (10,11,12,14,15), 41.06, 5.501, 14.951, -20.824, -0.006, 334/gDblProcessSpeed
LINE/t (10,11,12,14,15), 41.092, 6.743, 16.886, -23.802, -0.005, 334/gDblProcessSpeed
LINE/t (10,11,12,14,15), 41.123, 8.084, 18.754, -26.781, -0.004, 334/gDblProcessSpeed
LINE/t (10,11,12,14,15), 41.154, 9.52, 20.549, -29.76, -0.004, 334/gDblProcessSpeed
LINE/t (10,11,12,14,15), 41.183, 11.047, 22.268, -32.739, -0.003, 334/gDblProcessSpeed
LINE/t (10,11,12,14,15), 41.212, 12.662, 23.904, -35.718, -0.002, 334/gDblProcessSpeed
LINE/t (10,11,12,14,15), 41.239, 14.36, 25.455, -38.699, -0.002, 334/gDblProcessSpeed
LINE/t (10,11,12,14,15), 41.266, 16.138, 26.916, -41.681, -0.001, 334/gDblProcessSpeed
LINE/t (10,11,12,14,15), 41.288, 17.922, 28.235, -44.558, -0.001, 322/gDblProcessSpeed
LINE/t (10,11,12,14,15), 41.288, 19.585, 29.348, -47.151, 0., 291/gDblProcessSpeed
LINE/v (10,11,12,14,15), 41.314, 19.585, 29.348, -47.151, 0., gDblProcessSpeed
LINE/t (10,11,12,14,15), 41.255, 19.771, 29.455, -47.41, 0., 60/gDblProcessSpeed
LINE/t (10,11,12,14,15), 41.26, 21.364, 30.601, -50.342, 0., 679/gDblProcessSpeed
LINE/t (10,11,12,14,15), 41.263, 21.534, 30.716, -50.653, 0., 75/gDblProcessSpeed
LINE/t (10,11,12,14,15), 41.277, 21.587, 30.74, -50.717, 0., 15/gDblProcessSpeed
LINE/t (10,11,12,14,15), 41.322, 21.471, 30.68, -50.556, 0., 45/gDblProcessSpeed
LINE/t (10,11,12,14,15), 41.318, 19.832, 29.533, -47.603, 0., 653/gDblProcessSpeed
LINE/t (10,11,12,14,15), 41.314, 19.585, 29.348, -47.151, 0., 98/gDblProcessSpeed
LINE/t (10,11,12,14,15), 40.966, 19.654, 29.392, -47.257, 0., 348/gDblProcessSpeed
LINE/t (10,11,12,14,15), 40.899, 19.861, 29.503, -47.528, 0., 67/gDblProcessSpeed
LINE/t (10,11,12,14,15), 40.906, 21.404, 30.642, -50.456, 0., 729/gDblProcessSpeed
LINE/t (10,11,12,14,15), 40.907, 21.449, 30.675, -50.546, 0., 25/gDblProcessSpeed
LINE/t (10,11,12,14,15), 40.922, 21.496, 30.696, -50.6, 0., 15/gDblProcessSpeed
LINE/t (10,11,12,14,15), 40.966, 21.4, 30.645, -50.465, 0., 45/gDblProcessSpeed
LINE/t (10,11,12,14,15), 40.966, 19.82, 29.517, -47.564, 0., 670/gDblProcessSpeed
LINE/t (10,11,12,14,15), 40.966, 19.654, 29.392, -47.257, 0., 69/gDblProcessSpeed
LINE/t (10,11,12,14,15), 40.932, 19.585, 29.348, -47.151, 0., 36/gDblProcessSpeed
LINE/t (10,11,12,14,15), 40.932, 17.67, 28.059, -44.16, -0.001, 333/gDblProcessSpeed
LINE/t (10,11,12,14,15), 40.91, 15.822, 26.67, -41.167, -0.001, 333/gDblProcessSpeed
LINE/t (10,11,12,14,15), 40.886, 14.05, 25.188, -38.174, -0.002, 333/gDblProcessSpeed
LINE/t (10,11,12,14,15), 40.862, 12.357, 23.615, -35.181, -0.003, 333/gDblProcessSpeed
LINE/t (10,11,12,14,15), 40.837, 10.749, 21.955, -32.188, -0.003, 333/gDblProcessSpeed
LINE/t (10,11,12,14,15), 40.811, 9.23, 20.214, -29.195, -0.004, 333/gDblProcessSpeed
LINE/t (10,11,12,14,15), 40.785, 7.803, 18.396, -26.202, -0.004, 333/gDblProcessSpeed
LINE/t (10,11,12,14,15), 40.758, 6.474, 16.506, -23.209, -0.005, 333/gDblProcessSpeed
LINE/t (10,11,12,14,15), 40.73, 5.245, 14.548, -20.216, -0.006, 333/gDblProcessSpeed
LINE/t (10,11,12,14,15), 40.702, 4.119, 12.53, -17.223, -0.006, 333/gDblProcessSpeed
LINE/t (10,11,12,14,15), 40.673, 3.101, 10.455, -14.23, -0.007, 333/gDblProcessSpeed
LINE/t (10,11,12,14,15), 40.644, 2.192, 8.33, -11.237, -0.008, 333/gDblProcessSpeed
LINE/t (10,11,12,14,15), 40.614, 1.396, 6.161, -8.244, -0.008, 333/gDblProcessSpeed
LINE/t (10,11,12,14,15), 40.585, 0.714, 3.952, -5.251, -0.008, 333/gDblProcessSpeed
LINE/t (10,11,12,14,15), 40.556, 0.148, 1.712, -2.258, -0.008, 333/gDblProcessSpeed
LINE/t (10,11,12,14,15), 40.534, -0.201, 0.003, 0., -0.008, 252/gDblProcessSpeed
LINE/t (10,11,12,14,15), 40.233, 3.312, -0.177, 0.093, -0.008, 3550/gDblProcessSpeed
LINE/t (10,11,12,14,15), 40.245, 82.026, -1.462, 1.924, -0.008, 79147/gDblProcessSpeed
LINE/v (10,11,12,14,15), 40.367, 82.026, -1.462, 1.924, -0.008, gDblProcessSpeed
LINE/t (10,11,12,14,15), 40.367, 3.078, -0.176, 0.101, -0.008, 79379/gDblProcessSpeed
LINE/t (10,11,12,14,15), 40.679, -0.175, 0.002, 0., -0.008, 3295/gDblProcessSpeed
LINE/t (10,11,12,14,15), 40.71, 0.292, 2.232, -2.95, -0.008, 331/gDblProcessSpeed
LINE/t (10,11,12,14,15), 40.742, 0.882, 4.46, -5.934, -0.008, 334/gDblProcessSpeed
LINE/t (10,11,12,14,15), 40.773, 1.587, 6.652, -8.918, -0.009, 334/gDblProcessSpeed
LINE/t (10,11,12,14,15), 40.804, 2.405, 8.807, -11.902, -0.008, 334/gDblProcessSpeed
LINE/t (10,11,12,14,15), 40.836, 3.335, 10.914, -14.886, -0.007, 334/gDblProcessSpeed
LINE/t (10,11,12,14,15), 40.866, 4.372, 12.971, -17.869, -0.007, 334/gDblProcessSpeed
LINE/t (10,11,12,14,15), 40.897, 5.516, 14.971, -20.853, -0.006, 334/gDblProcessSpeed
LINE/t (10,11,12,14,15), 40.926, 6.762, 16.908, -23.838, -0.006, 334/gDblProcessSpeed
LINE/t (10,11,12,14,15), 40.955, 8.107, 18.779, -26.822, -0.005, 334/gDblProcessSpeed
LINE/t (10,11,12,14,15), 40.984, 9.547, 20.576, -29.806, -0.005, 334/gDblProcessSpeed
LINE/t (10,11,12,14,15), 41.011, 11.08, 22.297, -32.79, -0.004, 334/gDblProcessSpeed
LINE/t (10,11,12,14,15), 41.038, 12.7, 23.934, -35.775, -0.004, 334/gDblProcessSpeed
LINE/t (10,11,12,14,15), 41.064, 14.403, 25.486, -38.761, -0.003, 334/gDblProcessSpeed
LINE/t (10,11,12,14,15), 41.088, 16.186, 26.948, -41.748, -0.003, 334/gDblProcessSpeed
LINE/t (10,11,12,14,15), 41.109, 17.973, 28.265, -44.625, -0.002, 322/gDblProcessSpeed
LINE/t (10,11,12,14,15), 41.109, 19.861, 29.516, -47.561, -0.002, 328/gDblProcessSpeed
LINE/t (10,11,12,14,15), 41.109, 21.811, 30.668, -50.496, -0.001, 328/gDblProcessSpeed
LINE/t (10,11,12,14,15), 41.11, 23.817, 31.718, -53.432, 0., 328/gDblProcessSpeed
LINE/t (10,11,12,14,15), 41.11, 25.614, 32.553, -56., 0., 287/gDblProcessSpeed
LINE/v (10,11,12,14,15), 41.136, 25.614, 32.553, -56., 0., gDblProcessSpeed
LINE/t (10,11,12,14,15), 41.077, 25.863, 32.651, -56.322, 0., 61/gDblProcessSpeed
LINE/t (10,11,12,14,15), 41.077, 27.78, 33.504, -59.319, 0., 565/gDblProcessSpeed
LINE/t (10,11,12,14,15), 41.083, 28.959, 33.961, -61.129, 0., 341/gDblProcessSpeed
LINE/t (10,11,12,14,15), 41.085, 29.009, 33.993, -61.265, 0., 64/gDblProcessSpeed
LINE/t (10,11,12,14,15), 41.114, 29.07, 34.009, -61.329, 0., 30/gDblProcessSpeed
LINE/t (10,11,12,14,15), 41.143, 28.959, 33.971, -61.171, 0., 37/gDblProcessSpeed
LINE/t (10,11,12,14,15), 41.144, 27.033, 33.201, -58.208, 0., 555/gDblProcessSpeed
LINE/t (10,11,12,14,15), 41.136, 25.614, 32.553, -56., 0., 401/gDblProcessSpeed
LINE/t (10,11,12,14,15), 41.288, 24.242, 31.926, -54.047, 0., 265/gDblProcessSpeed
LINE/t (10,11,12,14,15), 41.288, 26.309, 32.848, -56.978, 0., 325/gDblProcessSpeed
LINE/t (10,11,12,14,15), 41.288, 28.421, 33.663, -59.91, 0., 325/gDblProcessSpeed
LINE/t (10,11,12,14,15), 41.288, 30.571, 34.371, -62.841, 0., 325/gDblProcessSpeed
LINE/t (10,11,12,14,15), 41.288, 32.756, 34.968, -65.773, 0., 325/gDblProcessSpeed
LINE/t (10,11,12,14,15), 41.288, 34.967, 35.45, -68.704, 0., 325/gDblProcessSpeed
LINE/t (10,11,12,14,15), 41.288, 37.201, 35.819, -71.636, 0., 325/gDblProcessSpeed
LINE/t (10,11,12,14,15), 41.288, 38.099, 35.937, -72.808, 0., 130/gDblProcessSpeed
LINE/v (10,11,12,14,15), 41.11, 38.099, 35.937, -72.808, 0., gDblProcessSpeed
LINE/t (10,11,12,14,15), 41.11, 35.826, 35.606, -69.834, 0., 330/gDblProcessSpeed
LINE/t (10,11,12,14,15), 41.11, 33.572, 35.16, -66.859, 0., 330/gDblProcessSpeed
LINE/t (10,11,12,14,15), 41.11, 32.084, 34.797, -64.876, 0., 220/gDblProcessSpeed
LINE/t (10,11,12,14,15), 41.099, 31.733, 34.704, -64.406, 0., 53/gDblProcessSpeed
LINE/t (10,11,12,14,15), 41.099, 29.801, 34.05, -61.473, 0., 562/gDblProcessSpeed
LINE/t (10,11,12,14,15), 41.105, 28.88, 33.692, -60.057, 0., 272/gDblProcessSpeed
LINE/t (10,11,12,14,15), 41.107, 28.893, 33.676, -60.003, 0., 59/gDblProcessSpeed
LINE/t (10,11,12,14,15), 41.121, 28.838, 33.67, -59.972, 0., 32/gDblProcessSpeed
LINE/t (10,11,12,14,15), 41.121, 30.76, 34.389, -62.928, 0., 576/gDblProcessSpeed
LINE/t (10,11,12,14,15), 41.121, 31.733, 34.704, -64.406, 0., 288/gDblProcessSpeed
LINE/t (10,11,12,14,15), 40.788, 31.958, 34.764, -64.707, 0., 335/gDblProcessSpeed
LINE/t (10,11,12,14,15), 40.788, 29.972, 34.117, -61.747, 0., 535/gDblProcessSpeed
LINE/t (10,11,12,14,15), 40.782, 28.628, 33.603, -59.714, 0., 368/gDblProcessSpeed
LINE/t (10,11,12,14,15), 40.78, 28.573, 33.564, -59.573, 0., 63/gDblProcessSpeed
LINE/t (10,11,12,14,15), 40.751, 28.509, 33.547, -59.505, 0., 30/gDblProcessSpeed
LINE/t (10,11,12,14,15), 40.721, 28.625, 33.591, -59.67, 0., 37/gDblProcessSpeed
LINE/t (10,11,12,14,15), 40.721, 30.532, 34.328, -62.653, 0., 610/gDblProcessSpeed
LINE/t (10,11,12,14,15), 40.729, 31.659, 34.698, -64.381, 0., 346/gDblProcessSpeed
LINE/t (10,11,12,14,15), 40.788, 31.958, 34.764, -64.707, 0., 62/gDblProcessSpeed
LINE/t (10,11,12,14,15), 40.755, 32.084, 34.797, -64.876, 0., 38/gDblProcessSpeed
LINE/t (10,11,12,14,15), 40.755, 34.321, 35.321, -67.851, 0., 330/gDblProcessSpeed
LINE/t (10,11,12,14,15), 40.755, 36.581, 35.73, -70.825, 0., 330/gDblProcessSpeed
LINE/t (10,11,12,14,15), 40.755, 38.099, 35.937, -72.808, 0., 220/gDblProcessSpeed
LINE/v (10,11,12,14,15), 40.932, 38.099, 35.937, -72.808, 0., gDblProcessSpeed
LINE/t (10,11,12,14,15), 40.932, 35.858, 35.612, -69.877, 0., 325/gDblProcessSpeed
LINE/t (10,11,12,14,15), 40.932, 33.637, 35.173, -66.945, 0., 325/gDblProcessSpeed
LINE/t (10,11,12,14,15), 40.932, 31.441, 34.622, -64.014, 0., 325/gDblProcessSpeed
LINE/t (10,11,12,14,15), 40.932, 29.277, 33.961, -61.082, 0., 325/gDblProcessSpeed
LINE/t (10,11,12,14,15), 40.932, 27.149, 33.187, -58.151, 0., 325/gDblProcessSpeed
LINE/t (10,11,12,14,15), 40.932, 25.063, 32.307, -55.219, 0., 325/gDblProcessSpeed
LINE/t (10,11,12,14,15), 40.932, 24.242, 31.926, -54.047, 0., 130/gDblProcessSpeed
LINE/t (10,11,12,14,15), 40.944, 24.004, 31.812, -53.705, 0., 39/gDblProcessSpeed
LINE/t (10,11,12,14,15), 40.936, 22.394, 30.776, -50.814, 0., 694/gDblProcessSpeed
LINE/t (10,11,12,14,15), 40.921, 22.628, 30.933, -51.233, 0., 98/gDblProcessSpeed
LINE/t (10,11,12,14,15), 40.921, 24.004, 31.812, -53.705, 0., 597/gDblProcessSpeed
LINE/t (10,11,12,14,15), 40.755, 25.614, 32.553, -56., 0., 304/gDblProcessSpeed
LINE/t (10,11,12,14,15), 40.754, 23.551, 31.588, -53.05, -0.001, 328/gDblProcessSpeed
LINE/t (10,11,12,14,15), 40.754, 21.54, 30.519, -50.099, -0.001, 328/gDblProcessSpeed
LINE/t (10,11,12,14,15), 40.753, 19.585, 29.346, -47.146, -0.002, 329/gDblProcessSpeed
LINE/t (10,11,12,14,15), 40.753, 17.694, 28.074, -44.192, -0.002, 329/gDblProcessSpeed
LINE/t (10,11,12,14,15), 40.732, 15.844, 26.685, -41.197, -0.003, 333/gDblProcessSpeed
LINE/t (10,11,12,14,15), 40.711, 14.069, 25.202, -38.201, -0.003, 333/gDblProcessSpeed
LINE/t (10,11,12,14,15), 40.689, 12.374, 23.628, -35.205, -0.004, 333/gDblProcessSpeed
LINE/t (10,11,12,14,15), 40.666, 10.763, 21.968, -32.21, -0.004, 333/gDblProcessSpeed
LINE/t (10,11,12,14,15), 40.642, 9.241, 20.226, -29.214, -0.005, 333/gDblProcessSpeed
LINE/t (10,11,12,14,15), 40.618, 7.813, 18.406, -26.219, -0.005, 333/gDblProcessSpeed
LINE/t (10,11,12,14,15), 40.592, 6.481, 16.515, -23.223, -0.006, 333/gDblProcessSpeed
LINE/t (10,11,12,14,15), 40.567, 5.25, 14.556, -20.227, -0.006, 333/gDblProcessSpeed
LINE/t (10,11,12,14,15), 40.541, 4.123, 12.537, -17.232, -0.007, 333/gDblProcessSpeed
LINE/t (10,11,12,14,15), 40.514, 3.104, 10.46, -14.236, -0.007, 333/gDblProcessSpeed
LINE/t (10,11,12,14,15), 40.487, 2.194, 8.333, -11.241, -0.008, 333/gDblProcessSpeed
LINE/t (10,11,12,14,15), 40.46, 1.396, 6.162, -8.246, -0.009, 333/gDblProcessSpeed
LINE/t (10,11,12,14,15), 40.433, 0.713, 3.952, -5.25, -0.009, 333/gDblProcessSpeed
LINE/t (10,11,12,14,15), 40.406, 0.147, 1.709, -2.255, -0.009, 333/gDblProcessSpeed
LINE/t (10,11,12,14,15), 40.386, -0.201, 0.003, 0., -0.009, 252/gDblProcessSpeed
LINE/t (10,11,12,14,15), 40.111, 3.306, -0.176, 0.092, -0.009, 3542/gDblProcessSpeed
LINE/t (10,11,12,14,15), 40.123, 82.026, -1.462, 1.924, -0.009, 79153/gDblProcessSpeed
LINE/v (10,11,12,14,15), 40.004, 82.026, -1.462, 1.924, -0.009, gDblProcessSpeed
LINE/t (10,11,12,14,15), 40.003, 2.967, -0.17, 0.098, -0.009, 79491/gDblProcessSpeed
LINE/t (10,11,12,14,15), 40.239, -0.176, 0.002, 0., -0.009, 3177/gDblProcessSpeed
LINE/t (10,11,12,14,15), 40.263, 0.29, 2.227, -2.943, -0.009, 330/gDblProcessSpeed
LINE/t (10,11,12,14,15), 40.288, 0.878, 4.451, -5.922, -0.009, 333/gDblProcessSpeed
LINE/t (10,11,12,14,15), 40.312, 1.58, 6.64, -8.901, -0.008, 333/gDblProcessSpeed
LINE/t (10,11,12,14,15), 40.337, 2.396, 8.791, -11.88, -0.008, 333/gDblProcessSpeed
LINE/t (10,11,12,14,15), 40.362, 3.322, 10.895, -14.859, -0.007, 333/gDblProcessSpeed
LINE/t (10,11,12,14,15), 40.386, 4.357, 12.949, -17.838, -0.006, 333/gDblProcessSpeed
LINE/t (10,11,12,14,15), 40.41, 5.496, 14.947, -20.817, -0.006, 333/gDblProcessSpeed
LINE/t (10,11,12,14,15), 40.433, 6.738, 16.882, -23.796, -0.005, 333/gDblProcessSpeed
LINE/t (10,11,12,14,15), 40.456, 8.079, 18.75, -26.775, -0.004, 333/gDblProcessSpeed
LINE/t (10,11,12,14,15), 40.478, 9.515, 20.545, -29.754, -0.004, 333/gDblProcessSpeed
LINE/t (10,11,12,14,15), 40.5, 11.043, 22.264, -32.733, -0.003, 333/gDblProcessSpeed
LINE/t (10,11,12,14,15), 40.521, 12.658, 23.9, -35.712, -0.002, 333/gDblProcessSpeed
LINE/t (10,11,12,14,15), 40.541, 14.356, 25.452, -38.693, -0.002, 333/gDblProcessSpeed
LINE/t (10,11,12,14,15), 40.56, 16.133, 26.913, -41.674, -0.001, 333/gDblProcessSpeed
LINE/t (10,11,12,14,15), 40.576, 17.917, 28.232, -44.551, -0.001, 322/gDblProcessSpeed
LINE/t (10,11,12,14,15), 40.577, 19.585, 29.348, -47.151, 0., 291/gDblProcessSpeed
LINE/v (10,11,12,14,15), 40.602, 19.585, 29.348, -47.151, 0., gDblProcessSpeed
LINE/t (10,11,12,14,15), 40.543, 19.771, 29.455, -47.41, 0., 60/gDblProcessSpeed
LINE/t (10,11,12,14,15), 40.548, 21.364, 30.601, -50.342, 0., 679/gDblProcessSpeed
LINE/t (10,11,12,14,15), 40.551, 21.534, 30.716, -50.653, 0., 75/gDblProcessSpeed
LINE/t (10,11,12,14,15), 40.566, 21.587, 30.74, -50.717, 0., 15/gDblProcessSpeed
LINE/t (10,11,12,14,15), 40.61, 21.471, 30.68, -50.556, 0., 45/gDblProcessSpeed
LINE/t (10,11,12,14,15), 40.606, 19.832, 29.533, -47.603, 0., 653/gDblProcessSpeed
LINE/t (10,11,12,14,15), 40.602, 19.585, 29.348, -47.151, 0., 98/gDblProcessSpeed
LINE/t (10,11,12,14,15), 40.255, 19.654, 29.392, -47.257, 0., 348/gDblProcessSpeed
LINE/t (10,11,12,14,15), 40.188, 19.861, 29.503, -47.528, 0., 67/gDblProcessSpeed
LINE/t (10,11,12,14,15), 40.195, 21.404, 30.642, -50.456, 0., 729/gDblProcessSpeed
LINE/t (10,11,12,14,15), 40.196, 21.449, 30.675, -50.546, 0., 25/gDblProcessSpeed
LINE/t (10,11,12,14,15), 40.21, 21.496, 30.696, -50.6, 0., 15/gDblProcessSpeed
LINE/t (10,11,12,14,15), 40.255, 21.4, 30.645, -50.465, 0., 45/gDblProcessSpeed
LINE/t (10,11,12,14,15), 40.255, 19.82, 29.517, -47.564, 0., 670/gDblProcessSpeed
LINE/t (10,11,12,14,15), 40.255, 19.654, 29.392, -47.257, 0., 69/gDblProcessSpeed
LINE/t (10,11,12,14,15), 40.221, 19.585, 29.348, -47.151, 0., 36/gDblProcessSpeed
LINE/t (10,11,12,14,15), 40.221, 17.667, 28.058, -44.156, -0.001, 333/gDblProcessSpeed
LINE/t (10,11,12,14,15), 40.205, 15.82, 26.669, -41.164, -0.001, 333/gDblProcessSpeed
LINE/t (10,11,12,14,15), 40.189, 14.047, 25.187, -38.171, -0.002, 333/gDblProcessSpeed
LINE/t (10,11,12,14,15), 40.173, 12.355, 23.613, -35.178, -0.003, 333/gDblProcessSpeed
LINE/t (10,11,12,14,15), 40.155, 10.747, 21.954, -32.185, -0.003, 333/gDblProcessSpeed
LINE/t (10,11,12,14,15), 40.138, 9.227, 20.212, -29.192, -0.004, 333/gDblProcessSpeed
LINE/t (10,11,12,14,15), 40.119, 7.801, 18.394, -26.199, -0.004, 333/gDblProcessSpeed
LINE/t (10,11,12,14,15), 40.101, 6.472, 16.504, -23.206, -0.005, 333/gDblProcessSpeed
LINE/t (10,11,12,14,15), 40.082, 5.243, 14.546, -20.213, -0.006, 333/gDblProcessSpeed
LINE/t (10,11,12,14,15), 40.062, 4.117, 12.529, -17.22, -0.006, 333/gDblProcessSpeed
LINE/t (10,11,12,14,15), 40.042, 3.099, 10.453, -14.227, -0.007, 333/gDblProcessSpeed
LINE/t (10,11,12,14,15), 40.022, 2.191, 8.329, -11.234, -0.008, 333/gDblProcessSpeed
LINE/t (10,11,12,14,15), 40.002, 1.394, 6.159, -8.241, -0.008, 333/gDblProcessSpeed
LINE/t (10,11,12,14,15), 39.982, 0.713, 3.95, -5.249, -0.008, 333/gDblProcessSpeed
LINE/t (10,11,12,14,15), 39.962, 0.147, 1.71, -2.256, -0.008, 333/gDblProcessSpeed
LINE/t (10,11,12,14,15), 39.947, -0.201, 0.003, 0., -0.008, 252/gDblProcessSpeed
LINE/t (10,11,12,14,15), 39.748, 3.289, -0.175, 0.091, -0.008, 3520/gDblProcessSpeed
LINE/t (10,11,12,14,15), 39.76, 82.026, -1.462, 1.924, -0.008, 79170/gDblProcessSpeed
LINE/v (10,11,12,14,15), 39.64, 82.026, -1.462, 1.924, -0.008, gDblProcessSpeed
LINE/t (10,11,12,14,15), 39.641, 2.819, -0.162, 0.094, -0.008, 79640/gDblProcessSpeed
LINE/t (10,11,12,14,15), 39.801, -0.177, 0.002, 0., -0.008, 3025/gDblProcessSpeed
LINE/t (10,11,12,14,15), 39.818, 0.287, 2.221, -2.935, -0.008, 329/gDblProcessSpeed
LINE/t (10,11,12,14,15), 39.835, 0.876, 4.448, -5.918, -0.008, 333/gDblProcessSpeed
LINE/t (10,11,12,14,15), 39.853, 1.581, 6.641, -8.902, -0.008, 333/gDblProcessSpeed
LINE/t (10,11,12,14,15), 39.871, 2.398, 8.795, -11.885, -0.008, 333/gDblProcessSpeed
LINE/t (10,11,12,14,15), 39.888, 3.326, 10.902, -14.868, -0.007, 333/gDblProcessSpeed
LINE/t (10,11,12,14,15), 39.905, 4.363, 12.959, -17.851, -0.007, 333/gDblProcessSpeed
LINE/t (10,11,12,14,15), 39.922, 5.505, 14.958, -20.835, -0.006, 333/gDblProcessSpeed
LINE/t (10,11,12,14,15), 39.939, 6.75, 16.896, -23.818, -0.006, 333/gDblProcessSpeed
LINE/t (10,11,12,14,15), 39.955, 8.094, 18.766, -26.801, -0.005, 333/gDblProcessSpeed
LINE/t (10,11,12,14,15), 39.971, 9.534, 20.563, -29.785, -0.005, 333/gDblProcessSpeed
LINE/t (10,11,12,14,15), 39.987, 11.065, 22.284, -32.768, -0.004, 333/gDblProcessSpeed
LINE/t (10,11,12,14,15), 40.002, 12.683, 23.921, -35.752, -0.004, 333/gDblProcessSpeed
LINE/t (10,11,12,14,15), 40.016, 14.386, 25.474, -38.736, -0.003, 333/gDblProcessSpeed
LINE/t (10,11,12,14,15), 40.03, 16.167, 26.935, -41.721, -0.003, 333/gDblProcessSpeed
LINE/t (10,11,12,14,15), 40.042, 17.952, 28.253, -44.597, -0.002, 321/gDblProcessSpeed
LINE/t (10,11,12,14,15), 40.042, 19.845, 29.507, -47.54, -0.002, 328/gDblProcessSpeed
LINE/t (10,11,12,14,15), 40.043, 21.8, 30.663, -50.483, -0.001, 328/gDblProcessSpeed
LINE/t (10,11,12,14,15), 40.043, 23.812, 31.716, -53.425, 0., 328/gDblProcessSpeed
LINE/t (10,11,12,14,15), 40.043, 25.614, 32.553, -56., 0., 287/gDblProcessSpeed
LINE/v (10,11,12,14,15), 40.018, 25.614, 32.553, -56., 0., gDblProcessSpeed
LINE/t (10,11,12,14,15), 40.01, 27.494, 33.398, -58.922, 0., 535/gDblProcessSpeed
LINE/t (10,11,12,14,15), 40.017, 28.955, 33.972, -61.181, 0., 434/gDblProcessSpeed
LINE/t (10,11,12,14,15), 40.033, 28.923, 33.966, -61.158, 0., 20/gDblProcessSpeed
LINE/t (10,11,12,14,15), 40.077, 28.904, 33.958, -61.125, 0., 45/gDblProcessSpeed
LINE/t (10,11,12,14,15), 40.077, 28.91, 33.956, -61.113, 0., 15/gDblProcessSpeed
LINE/t (10,11,12,14,15), 40.077, 27.01, 33.184, -58.144, 0., 585/gDblProcessSpeed
LINE/t (10,11,12,14,15), 40.069, 25.826, 32.632, -56.259, 0., 371/gDblProcessSpeed
LINE/t (10,11,12,14,15), 40.018, 25.614, 32.553, -56., 0., 51/gDblProcessSpeed
LINE/t (10,11,12,14,15), 39.891, 24.242, 31.926, -54.047, 0., 251/gDblProcessSpeed
LINE/t (10,11,12,14,15), 39.895, 22.558, 30.885, -51.105, 0., 667/gDblProcessSpeed
LINE/t (10,11,12,14,15), 39.891, 22.315, 30.722, -50.671, 0., 98/gDblProcessSpeed
LINE/t (10,11,12,14,15), 39.832, 22.36, 30.75, -50.744, 0., 60/gDblProcessSpeed
LINE/t (10,11,12,14,15), 39.832, 22.359, 30.761, -50.772, 0., 23/gDblProcessSpeed
LINE/t (10,11,12,14,15), 39.839, 24.01, 31.819, -53.729, 0., 705/gDblProcessSpeed
LINE/t (10,11,12,14,15), 39.853, 24.112, 31.873, -53.887, 0., 28/gDblProcessSpeed
LINE/t (10,11,12,14,15), 39.891, 24.242, 31.926, -54.047, 0., 38/gDblProcessSpeed
LINE/v (10,11,12,14,15), 39.866, 24.242, 31.926, -54.047, 0., gDblProcessSpeed
LINE/t (10,11,12,14,15), 39.866, 26.309, 32.848, -56.978, 0., 325/gDblProcessSpeed
LINE/t (10,11,12,14,15), 39.866, 28.421, 33.663, -59.91, 0., 325/gDblProcessSpeed
LINE/t (10,11,12,14,15), 39.866, 30.571, 34.371, -62.841, 0., 325/gDblProcessSpeed
LINE/t (10,11,12,14,15), 39.866, 32.756, 34.968, -65.773, 0., 325/gDblProcessSpeed
LINE/t (10,11,12,14,15), 39.866, 34.967, 35.45, -68.704, 0., 325/gDblProcessSpeed
LINE/t (10,11,12,14,15), 39.866, 37.201, 35.819, -71.636, 0., 325/gDblProcessSpeed
LINE/t (10,11,12,14,15), 39.866, 38.099, 35.937, -72.808, 0., 130/gDblProcessSpeed
LINE/v (10,11,12,14,15), 40.043, 38.099, 35.937, -72.808, 0., gDblProcessSpeed
LINE/t (10,11,12,14,15), 40.043, 35.826, 35.606, -69.834, 0., 330/gDblProcessSpeed
LINE/t (10,11,12,14,15), 40.043, 33.572, 35.16, -66.859, 0., 330/gDblProcessSpeed
LINE/t (10,11,12,14,15), 40.043, 32.084, 34.797, -64.876, 0., 220/gDblProcessSpeed
LINE/t (10,11,12,14,15), 40.032, 31.733, 34.704, -64.406, 0., 53/gDblProcessSpeed
LINE/t (10,11,12,14,15), 40.032, 29.801, 34.05, -61.473, 0., 562/gDblProcessSpeed
LINE/t (10,11,12,14,15), 40.038, 28.88, 33.692, -60.057, 0., 272/gDblProcessSpeed
LINE/t (10,11,12,14,15), 40.04, 28.893, 33.676, -60.003, 0., 59/gDblProcessSpeed
LINE/t (10,11,12,14,15), 40.055, 28.838, 33.67, -59.972, 0., 32/gDblProcessSpeed
LINE/t (10,11,12,14,15), 40.055, 30.76, 34.389, -62.928, 0., 576/gDblProcessSpeed
LINE/t (10,11,12,14,15), 40.055, 31.733, 34.704, -64.406, 0., 288/gDblProcessSpeed
LINE/t (10,11,12,14,15), 40.366, 31.958, 34.764, -64.707, 0., 313/gDblProcessSpeed
LINE/t (10,11,12,14,15), 40.388, 31.793, 34.729, -64.532, 0., 27/gDblProcessSpeed
LINE/t (10,11,12,14,15), 40.432, 31.613, 34.684, -64.31, 0., 45/gDblProcessSpeed
LINE/t (10,11,12,14,15), 40.433, 29.704, 34.023, -61.36, 0., 600/gDblProcessSpeed
LINE/t (10,11,12,14,15), 40.427, 28.737, 33.636, -59.844, 0., 308/gDblProcessSpeed
LINE/t (10,11,12,14,15), 40.425, 28.708, 33.605, -59.734, 0., 63/gDblProcessSpeed
LINE/t (10,11,12,14,15), 40.395, 28.656, 33.592, -59.681, 0., 30/gDblProcessSpeed
LINE/t (10,11,12,14,15), 40.366, 28.753, 33.63, -59.823, 0., 37/gDblProcessSpeed
LINE/t (10,11,12,14,15), 40.366, 30.695, 34.362, -62.81, 0., 580/gDblProcessSpeed
LINE/t (10,11,12,14,15), 40.366, 31.958, 34.764, -64.707, 0., 357/gDblProcessSpeed
LINE/t (10,11,12,14,15), 40.399, 32.084, 34.797, -64.876, 0., 38/gDblProcessSpeed
LINE/t (10,11,12,14,15), 40.399, 34.321, 35.321, -67.851, 0., 330/gDblProcessSpeed
LINE/t (10,11,12,14,15), 40.399, 36.581, 35.73, -70.825, 0., 330/gDblProcessSpeed
LINE/t (10,11,12,14,15), 40.399, 38.099, 35.937, -72.808, 0., 220/gDblProcessSpeed
LINE/v (10,11,12,14,15), 40.577, 38.099, 35.937, -72.808, 0., gDblProcessSpeed
LINE/t (10,11,12,14,15), 40.577, 35.858, 35.612, -69.877, 0., 325/gDblProcessSpeed
LINE/t (10,11,12,14,15), 40.577, 33.637, 35.173, -66.945, 0., 325/gDblProcessSpeed
LINE/t (10,11,12,14,15), 40.577, 31.441, 34.622, -64.014, 0., 325/gDblProcessSpeed
LINE/t (10,11,12,14,15), 40.577, 29.277, 33.961, -61.082, 0., 325/gDblProcessSpeed
LINE/t (10,11,12,14,15), 40.577, 27.149, 33.187, -58.151, 0., 325/gDblProcessSpeed
LINE/t (10,11,12,14,15), 40.577, 25.063, 32.307, -55.219, 0., 325/gDblProcessSpeed
LINE/t (10,11,12,14,15), 40.577, 24.242, 31.926, -54.047, 0., 130/gDblProcessSpeed
LINE/t (10,11,12,14,15), 40.588, 24.004, 31.812, -53.705, 0., 39/gDblProcessSpeed
LINE/t (10,11,12,14,15), 40.58, 22.394, 30.776, -50.814, 0., 694/gDblProcessSpeed
LINE/t (10,11,12,14,15), 40.566, 22.628, 30.933, -51.233, 0., 98/gDblProcessSpeed
LINE/t (10,11,12,14,15), 40.566, 24.004, 31.812, -53.705, 0., 597/gDblProcessSpeed
LINE/t (10,11,12,14,15), 40.399, 25.614, 32.553, -56., 0., 304/gDblProcessSpeed
LINE/t (10,11,12,14,15), 40.399, 23.549, 31.588, -53.048, -0.001, 328/gDblProcessSpeed
LINE/t (10,11,12,14,15), 40.398, 21.537, 30.517, -50.095, -0.001, 328/gDblProcessSpeed
LINE/t (10,11,12,14,15), 40.398, 19.581, 29.343, -47.14, -0.002, 329/gDblProcessSpeed
LINE/t (10,11,12,14,15), 40.397, 17.688, 28.07, -44.185, -0.002, 329/gDblProcessSpeed
LINE/t (10,11,12,14,15), 40.38, 15.838, 26.681, -41.19, -0.003, 333/gDblProcessSpeed
LINE/t (10,11,12,14,15), 40.362, 14.064, 25.199, -38.194, -0.003, 333/gDblProcessSpeed
LINE/t (10,11,12,14,15), 40.344, 12.369, 23.625, -35.199, -0.004, 333/gDblProcessSpeed
LINE/t (10,11,12,14,15), 40.325, 10.759, 21.965, -32.204, -0.004, 333/gDblProcessSpeed
LINE/t (10,11,12,14,15), 40.305, 9.238, 20.223, -29.209, -0.005, 333/gDblProcessSpeed
LINE/t (10,11,12,14,15), 40.285, 7.81, 18.403, -26.214, -0.005, 333/gDblProcessSpeed
LINE/t (10,11,12,14,15), 40.264, 6.479, 16.512, -23.219, -0.006, 333/gDblProcessSpeed
LINE/t (10,11,12,14,15), 40.243, 5.248, 14.553, -20.223, -0.006, 333/gDblProcessSpeed
LINE/t (10,11,12,14,15), 40.222, 4.122, 12.534, -17.228, -0.007, 333/gDblProcessSpeed
LINE/t (10,11,12,14,15), 40.2, 3.102, 10.458, -14.233, -0.007, 333/gDblProcessSpeed
LINE/t (10,11,12,14,15), 40.177, 2.192, 8.331, -11.238, -0.008, 333/gDblProcessSpeed
LINE/t (10,11,12,14,15), 40.155, 1.395, 6.16, -8.243, -0.009, 333/gDblProcessSpeed
LINE/t (10,11,12,14,15), 40.133, 0.712, 3.95, -5.248, -0.009, 333/gDblProcessSpeed
LINE/t (10,11,12,14,15), 40.11, 0.146, 1.708, -2.253, -0.009, 333/gDblProcessSpeed
LINE/t (10,11,12,14,15), 40.093, -0.201, 0.003, 0., -0.009, 252/gDblProcessSpeed
LINE/t (10,11,12,14,15), 39.87, 3.295, -0.176, 0.092, -0.009, 3527/gDblProcessSpeed
LINE/t (10,11,12,14,15), 39.882, 82.026, -1.462, 1.924, -0.009, 79164/gDblProcessSpeed
LINE/v (10,11,12,14,15), 39.518, 82.026, -1.462, 1.924, -0.009, gDblProcessSpeed
LINE/t (10,11,12,14,15), 39.519, 2.757, -0.159, 0.093, -0.009, 79702/gDblProcessSpeed
LINE/t (10,11,12,14,15), 39.654, -0.177, 0.002, 0., -0.009, 2962/gDblProcessSpeed
LINE/t (10,11,12,14,15), 39.669, 0.287, 2.22, -2.934, -0.009, 328/gDblProcessSpeed
LINE/t (10,11,12,14,15), 39.684, 0.875, 4.444, -5.913, -0.009, 333/gDblProcessSpeed
LINE/t (10,11,12,14,15), 39.7, 1.577, 6.634, -8.893, -0.008, 333/gDblProcessSpeed
LINE/t (10,11,12,14,15), 39.715, 2.393, 8.785, -11.872, -0.008, 333/gDblProcessSpeed
LINE/t (10,11,12,14,15), 39.731, 3.319, 10.89, -14.851, -0.007, 333/gDblProcessSpeed
LINE/t (10,11,12,14,15), 39.746, 4.353, 12.945, -17.831, -0.006, 333/gDblProcessSpeed
LINE/t (10,11,12,14,15), 39.761, 5.493, 14.942, -20.81, -0.006, 333/gDblProcessSpeed
LINE/t (10,11,12,14,15), 39.775, 6.735, 16.878, -23.79, -0.005, 333/gDblProcessSpeed
LINE/t (10,11,12,14,15), 39.79, 8.075, 18.746, -26.769, -0.004, 333/gDblProcessSpeed
LINE/t (10,11,12,14,15), 39.804, 9.511, 20.542, -29.749, -0.004, 333/gDblProcessSpeed
LINE/t (10,11,12,14,15), 39.817, 11.039, 22.262, -32.728, -0.003, 333/gDblProcessSpeed
LINE/t (10,11,12,14,15), 39.83, 12.654, 23.898, -35.708, -0.002, 333/gDblProcessSpeed
LINE/t (10,11,12,14,15), 39.843, 14.352, 25.45, -38.688, -0.002, 333/gDblProcessSpeed
LINE/t (10,11,12,14,15), 39.855, 16.129, 26.91, -41.669, -0.001, 333/gDblProcessSpeed
LINE/t (10,11,12,14,15), 39.865, 17.914, 28.23, -44.546, -0.001, 321/gDblProcessSpeed
LINE/t (10,11,12,14,15), 39.866, 19.585, 29.348, -47.151, 0., 291/gDblProcessSpeed
LINE/t (10,11,12,14,15), 39.544, 19.654, 29.392, -47.257, 0., 322/gDblProcessSpeed
LINE/t (10,11,12,14,15), 39.477, 19.861, 29.503, -47.528, 0., 67/gDblProcessSpeed
LINE/t (10,11,12,14,15), 39.484, 21.404, 30.642, -50.456, 0., 729/gDblProcessSpeed
LINE/t (10,11,12,14,15), 39.485, 21.449, 30.675, -50.546, 0., 25/gDblProcessSpeed
LINE/t (10,11,12,14,15), 39.499, 21.496, 30.696, -50.6, 0., 15/gDblProcessSpeed
LINE/t (10,11,12,14,15), 39.544, 21.4, 30.645, -50.465, 0., 45/gDblProcessSpeed
LINE/t (10,11,12,14,15), 39.544, 19.82, 29.517, -47.564, 0., 670/gDblProcessSpeed
LINE/t (10,11,12,14,15), 39.544, 19.654, 29.392, -47.257, 0., 69/gDblProcessSpeed
LINE/t (10,11,12,14,15), 39.51, 19.585, 29.348, -47.151, 0., 36/gDblProcessSpeed
LINE/t (10,11,12,14,15), 39.51, 17.665, 28.057, -44.155, -0.001, 333/gDblProcessSpeed
LINE/t (10,11,12,14,15), 39.501, 15.818, 26.668, -41.162, -0.001, 333/gDblProcessSpeed
LINE/t (10,11,12,14,15), 39.493, 14.046, 25.186, -38.169, -0.002, 332/gDblProcessSpeed
LINE/t (10,11,12,14,15), 39.484, 12.353, 23.612, -35.176, -0.003, 333/gDblProcessSpeed
LINE/t (10,11,12,14,15), 39.474, 10.745, 21.952, -32.183, -0.003, 332/gDblProcessSpeed
LINE/t (10,11,12,14,15), 39.465, 9.226, 20.211, -29.19, -0.004, 332/gDblProcessSpeed
LINE/t (10,11,12,14,15), 39.455, 7.799, 18.393, -26.197, -0.004, 332/gDblProcessSpeed
LINE/t (10,11,12,14,15), 39.445, 6.47, 16.503, -23.204, -0.005, 333/gDblProcessSpeed
LINE/t (10,11,12,14,15), 39.435, 5.241, 14.545, -20.211, -0.006, 332/gDblProcessSpeed
LINE/t (10,11,12,14,15), 39.424, 4.116, 12.527, -17.218, -0.006, 332/gDblProcessSpeed
LINE/t (10,11,12,14,15), 39.414, 3.098, 10.452, -14.225, -0.007, 332/gDblProcessSpeed
LINE/t (10,11,12,14,15), 39.403, 2.19, 8.327, -11.232, -0.008, 332/gDblProcessSpeed
LINE/t (10,11,12,14,15), 39.392, 1.393, 6.157, -8.239, -0.008, 332/gDblProcessSpeed
LINE/t (10,11,12,14,15), 39.382, 0.712, 3.949, -5.246, -0.008, 332/gDblProcessSpeed
LINE/t (10,11,12,14,15), 39.372, 0.146, 1.708, -2.253, -0.008, 333/gDblProcessSpeed
LINE/t (10,11,12,14,15), 39.364, -0.201, 0.003, 0., -0.008, 251/gDblProcessSpeed
LINE/t (10,11,12,14,15), 39.263, 3.42, -0.181, 0.094, -0.008, 3648/gDblProcessSpeed
LINE/t (10,11,12,14,15), 39.274, 82.026, -1.462, 1.924, -0.008, 79038/gDblProcessSpeed
LINE/v (10,11,12,14,15), 39.155, 82.026, -1.462, 1.924, -0.008, gDblProcessSpeed
LINE/t (10,11,12,14,15), 39.156, 2.425, -0.153, 0.099, -0.008, 80032/gDblProcessSpeed
LINE/t (10,11,12,14,15), 39.218, -0.151, -0.037, 0.05, -0.008, 2590/gDblProcessSpeed
LINE/t (10,11,12,14,15), 39.219, -0.166, 0.002, 0., -0.008, 28/gDblProcessSpeed
LINE/t (10,11,12,14,15), 39.219, -0.149, 0.12, -0.154, -0.008, 22/gDblProcessSpeed
LINE/t (10,11,12,14,15), 39.227, 0.33, 2.365, -3.127, -0.008, 331/gDblProcessSpeed
LINE/t (10,11,12,14,15), 39.235, 0.925, 4.587, -6.106, -0.008, 332/gDblProcessSpeed
LINE/t (10,11,12,14,15), 39.243, 1.634, 6.774, -9.084, -0.009, 332/gDblProcessSpeed
LINE/t (10,11,12,14,15), 39.251, 2.457, 8.922, -12.063, -0.008, 332/gDblProcessSpeed
LINE/t (10,11,12,14,15), 39.259, 3.389, 11.023, -15.042, -0.007, 332/gDblProcessSpeed
LINE/t (10,11,12,14,15), 39.267, 4.43, 13.074, -18.02, -0.007, 332/gDblProcessSpeed
LINE/t (10,11,12,14,15), 39.275, 5.576, 15.067, -20.999, -0.006, 332/gDblProcessSpeed
LINE/t (10,11,12,14,15), 39.283, 6.824, 16.998, -23.978, -0.006, 332/gDblProcessSpeed
LINE/t (10,11,12,14,15), 39.29, 8.17, 18.862, -26.957, -0.005, 332/gDblProcessSpeed
LINE/t (10,11,12,14,15), 39.298, 9.612, 20.652, -29.935, -0.005, 332/gDblProcessSpeed
LINE/t (10,11,12,14,15), 39.305, 11.144, 22.366, -32.914, -0.004, 332/gDblProcessSpeed
LINE/t (10,11,12,14,15), 39.312, 12.764, 23.997, -35.893, -0.004, 332/gDblProcessSpeed
LINE/t (10,11,12,14,15), 39.319, 14.467, 25.542, -38.872, -0.003, 332/gDblProcessSpeed
LINE/t (10,11,12,14,15), 39.325, 16.247, 26.997, -41.852, -0.003, 333/gDblProcessSpeed
LINE/t (10,11,12,14,15), 39.331, 18.073, 28.336, -44.787, -0.002, 328/gDblProcessSpeed
LINE/t (10,11,12,14,15), 39.331, 19.969, 29.584, -47.728, -0.001, 328/gDblProcessSpeed
LINE/t (10,11,12,14,15), 39.331, 21.926, 30.732, -50.669, -0.001, 328/gDblProcessSpeed
LINE/t (10,11,12,14,15), 39.332, 23.94, 31.778, -53.611, 0., 328/gDblProcessSpeed
LINE/t (10,11,12,14,15), 39.332, 25.614, 32.553, -56., 0., 267/gDblProcessSpeed
LINE/v (10,11,12,14,15), 39.307, 25.614, 32.553, -56., 0., gDblProcessSpeed
LINE/t (10,11,12,14,15), 39.299, 27.494, 33.398, -58.922, 0., 535/gDblProcessSpeed
LINE/t (10,11,12,14,15), 39.306, 28.955, 33.972, -61.181, 0., 434/gDblProcessSpeed
LINE/t (10,11,12,14,15), 39.321, 28.923, 33.966, -61.158, 0., 20/gDblProcessSpeed
LINE/t (10,11,12,14,15), 39.365, 28.904, 33.958, -61.125, 0., 45/gDblProcessSpeed
LINE/t (10,11,12,14,15), 39.365, 28.91, 33.956, -61.113, 0., 15/gDblProcessSpeed
LINE/t (10,11,12,14,15), 39.366, 27.01, 33.184, -58.144, 0., 585/gDblProcessSpeed
LINE/t (10,11,12,14,15), 39.358, 25.826, 32.632, -56.259, 0., 371/gDblProcessSpeed
LINE/t (10,11,12,14,15), 39.307, 25.614, 32.553, -56., 0., 51/gDblProcessSpeed
LINE/t (10,11,12,14,15), 39.18, 24.242, 31.926, -54.047, 0., 251/gDblProcessSpeed
LINE/t (10,11,12,14,15), 39.184, 22.558, 30.885, -51.105, 0., 667/gDblProcessSpeed
LINE/t (10,11,12,14,15), 39.18, 22.315, 30.722, -50.671, 0., 98/gDblProcessSpeed
LINE/t (10,11,12,14,15), 39.121, 22.36, 30.75, -50.744, 0., 60/gDblProcessSpeed
LINE/t (10,11,12,14,15), 39.121, 22.359, 30.761, -50.772, 0., 23/gDblProcessSpeed
LINE/t (10,11,12,14,15), 39.128, 24.01, 31.819, -53.729, 0., 705/gDblProcessSpeed
LINE/t (10,11,12,14,15), 39.142, 24.112, 31.873, -53.887, 0., 28/gDblProcessSpeed
LINE/t (10,11,12,14,15), 39.18, 24.242, 31.926, -54.047, 0., 38/gDblProcessSpeed
LINE/v (10,11,12,14,15), 39.154, 24.242, 31.926, -54.047, 0., gDblProcessSpeed
LINE/t (10,11,12,14,15), 39.154, 26.309, 32.848, -56.978, 0., 325/gDblProcessSpeed
LINE/t (10,11,12,14,15), 39.154, 28.421, 33.663, -59.91, 0., 325/gDblProcessSpeed
LINE/t (10,11,12,14,15), 39.154, 30.571, 34.371, -62.841, 0., 325/gDblProcessSpeed
LINE/t (10,11,12,14,15), 39.154, 32.756, 34.968, -65.773, 0., 325/gDblProcessSpeed
LINE/t (10,11,12,14,15), 39.154, 34.967, 35.45, -68.704, 0., 325/gDblProcessSpeed
LINE/t (10,11,12,14,15), 39.154, 37.201, 35.819, -71.636, 0., 325/gDblProcessSpeed
LINE/t (10,11,12,14,15), 39.154, 38.099, 35.937, -72.808, 0., 130/gDblProcessSpeed
LINE/v (10,11,12,14,15), 39.332, 38.099, 35.937, -72.808, 0., gDblProcessSpeed
LINE/t (10,11,12,14,15), 39.332, 35.826, 35.606, -69.834, 0., 330/gDblProcessSpeed
LINE/t (10,11,12,14,15), 39.332, 33.572, 35.16, -66.859, 0., 330/gDblProcessSpeed
LINE/t (10,11,12,14,15), 39.332, 32.084, 34.797, -64.876, 0., 220/gDblProcessSpeed
LINE/t (10,11,12,14,15), 39.321, 31.733, 34.704, -64.406, 0., 53/gDblProcessSpeed
LINE/t (10,11,12,14,15), 39.321, 29.801, 34.05, -61.473, 0., 562/gDblProcessSpeed
LINE/t (10,11,12,14,15), 39.327, 28.88, 33.692, -60.057, 0., 272/gDblProcessSpeed
LINE/t (10,11,12,14,15), 39.329, 28.893, 33.676, -60.003, 0., 59/gDblProcessSpeed
LINE/t (10,11,12,14,15), 39.343, 28.838, 33.67, -59.972, 0., 32/gDblProcessSpeed
LINE/t (10,11,12,14,15), 39.343, 30.76, 34.389, -62.928, 0., 576/gDblProcessSpeed
LINE/t (10,11,12,14,15), 39.343, 31.733, 34.704, -64.406, 0., 288/gDblProcessSpeed
LINE/t (10,11,12,14,15), 39.654, 31.958, 34.764, -64.707, 0., 313/gDblProcessSpeed
LINE/t (10,11,12,14,15), 39.677, 31.793, 34.729, -64.532, 0., 27/gDblProcessSpeed
LINE/t (10,11,12,14,15), 39.721, 31.613, 34.684, -64.31, 0., 45/gDblProcessSpeed
LINE/t (10,11,12,14,15), 39.721, 29.704, 34.023, -61.36, 0., 600/gDblProcessSpeed
LINE/t (10,11,12,14,15), 39.715, 28.737, 33.636, -59.844, 0., 308/gDblProcessSpeed
LINE/t (10,11,12,14,15), 39.713, 28.708, 33.605, -59.734, 0., 63/gDblProcessSpeed
LINE/t (10,11,12,14,15), 39.684, 28.656, 33.592, -59.681, 0., 30/gDblProcessSpeed
LINE/t (10,11,12,14,15), 39.654, 28.753, 33.63, -59.823, 0., 37/gDblProcessSpeed
LINE/t (10,11,12,14,15), 39.654, 30.695, 34.362, -62.81, 0., 580/gDblProcessSpeed
LINE/t (10,11,12,14,15), 39.654, 31.958, 34.764, -64.707, 0., 357/gDblProcessSpeed
LINE/t (10,11,12,14,15), 39.688, 32.084, 34.797, -64.876, 0., 38/gDblProcessSpeed
LINE/t (10,11,12,14,15), 39.688, 34.321, 35.321, -67.851, 0., 330/gDblProcessSpeed
LINE/t (10,11,12,14,15), 39.688, 36.581, 35.73, -70.825, 0., 330/gDblProcessSpeed
LINE/t (10,11,12,14,15), 39.688, 38.099, 35.937, -72.808, 0., 220/gDblProcessSpeed
LINE/v (10,11,12,14,15), 39.51, 38.099, 35.937, -72.808, 0., gDblProcessSpeed
LINE/t (10,11,12,14,15), 39.51, 35.858, 35.612, -69.877, 0., 325/gDblProcessSpeed
LINE/t (10,11,12,14,15), 39.51, 33.637, 35.173, -66.945, 0., 325/gDblProcessSpeed
LINE/t (10,11,12,14,15), 39.51, 31.441, 34.622, -64.014, 0., 325/gDblProcessSpeed
LINE/t (10,11,12,14,15), 39.51, 29.277, 33.961, -61.082, 0., 325/gDblProcessSpeed
LINE/t (10,11,12,14,15), 39.51, 27.149, 33.187, -58.151, 0., 325/gDblProcessSpeed
LINE/t (10,11,12,14,15), 39.51, 25.063, 32.307, -55.219, 0., 325/gDblProcessSpeed
LINE/t (10,11,12,14,15), 39.51, 24.242, 31.926, -54.047, 0., 130/gDblProcessSpeed
LINE/t (10,11,12,14,15), 39.499, 24.004, 31.812, -53.705, 0., 39/gDblProcessSpeed
LINE/t (10,11,12,14,15), 39.507, 22.394, 30.776, -50.814, 0., 694/gDblProcessSpeed
LINE/t (10,11,12,14,15), 39.521, 22.628, 30.933, -51.233, 0., 98/gDblProcessSpeed
LINE/t (10,11,12,14,15), 39.521, 24.004, 31.812, -53.705, 0., 597/gDblProcessSpeed
LINE/t (10,11,12,14,15), 39.688, 25.614, 32.553, -56., 0., 304/gDblProcessSpeed
LINE/t (10,11,12,14,15), 39.687, 23.547, 31.586, -53.045, -0.001, 328/gDblProcessSpeed
LINE/t (10,11,12,14,15), 39.687, 21.532, 30.515, -50.089, -0.001, 328/gDblProcessSpeed
LINE/t (10,11,12,14,15), 39.687, 19.574, 29.34, -47.131, -0.002, 328/gDblProcessSpeed
LINE/t (10,11,12,14,15), 39.686, 17.68, 28.065, -44.174, -0.002, 328/gDblProcessSpeed
LINE/t (10,11,12,14,15), 39.676, 15.831, 26.676, -41.179, -0.003, 333/gDblProcessSpeed
LINE/t (10,11,12,14,15), 39.666, 14.057, 25.194, -38.185, -0.003, 333/gDblProcessSpeed
LINE/t (10,11,12,14,15), 39.655, 12.363, 23.62, -35.19, -0.004, 333/gDblProcessSpeed
LINE/t (10,11,12,14,15), 39.644, 10.753, 21.96, -32.196, -0.004, 333/gDblProcessSpeed
LINE/t (10,11,12,14,15), 39.632, 9.233, 20.218, -29.201, -0.005, 333/gDblProcessSpeed
LINE/t (10,11,12,14,15), 39.62, 7.805, 18.399, -26.206, -0.005, 333/gDblProcessSpeed
LINE/t (10,11,12,14,15), 39.608, 6.474, 16.508, -23.212, -0.006, 333/gDblProcessSpeed
LINE/t (10,11,12,14,15), 39.596, 5.244, 14.549, -20.217, -0.006, 333/gDblProcessSpeed
LINE/t (10,11,12,14,15), 39.583, 4.118, 12.53, -17.223, -0.007, 333/gDblProcessSpeed
LINE/t (10,11,12,14,15), 39.571, 3.099, 10.454, -14.228, -0.007, 333/gDblProcessSpeed
LINE/t (10,11,12,14,15), 39.558, 2.19, 8.328, -11.234, -0.008, 333/gDblProcessSpeed
LINE/t (10,11,12,14,15), 39.544, 1.394, 6.157, -8.239, -0.009, 333/gDblProcessSpeed
LINE/t (10,11,12,14,15), 39.532, 0.711, 3.948, -5.245, -0.009, 333/gDblProcessSpeed
LINE/t (10,11,12,14,15), 39.519, 0.145, 1.706, -2.25, -0.009, 333/gDblProcessSpeed
LINE/t (10,11,12,14,15), 39.509, -0.201, 0.003, 0., -0.009, 251/gDblProcessSpeed
LINE/t (10,11,12,14,15), 39.385, 3.349, -0.178, 0.093, -0.009, 3577/gDblProcessSpeed
LINE/t (10,11,12,14,15), 39.397, 82.026, -1.462, 1.924, -0.009, 79110/gDblProcessSpeed
LINE/v (10,11,12,14,15), 39.033, 82.026, -1.462, 1.924, -0.009, gDblProcessSpeed
LINE/t (10,11,12,14,15), 39.034, 2.183, -0.142, 0.093, -0.009, 80276/gDblProcessSpeed
LINE/t (10,11,12,14,15), 39.073, -0.151, -0.036, 0.05, -0.009, 2347/gDblProcessSpeed
LINE/t (10,11,12,14,15), 39.073, -0.166, 0.002, 0., -0.009, 27/gDblProcessSpeed
LINE/t (10,11,12,14,15), 39.078, 0.288, 2.187, -2.891, -0.009, 326/gDblProcessSpeed
LINE/t (10,11,12,14,15), 39.084, 0.872, 4.408, -5.865, -0.009, 332/gDblProcessSpeed
LINE/t (10,11,12,14,15), 39.09, 1.571, 6.595, -8.839, -0.008, 332/gDblProcessSpeed
LINE/t (10,11,12,14,15), 39.096, 2.382, 8.744, -11.813, -0.008, 332/gDblProcessSpeed
LINE/t (10,11,12,14,15), 39.102, 3.304, 10.846, -14.788, -0.007, 332/gDblProcessSpeed
LINE/t (10,11,12,14,15), 39.107, 4.333, 12.898, -17.762, -0.006, 332/gDblProcessSpeed
LINE/t (10,11,12,14,15), 39.113, 5.468, 14.893, -20.736, -0.006, 332/gDblProcessSpeed
LINE/t (10,11,12,14,15), 39.119, 6.704, 16.827, -23.71, -0.005, 332/gDblProcessSpeed
LINE/t (10,11,12,14,15), 39.124, 8.04, 18.694, -26.685, -0.004, 332/gDblProcessSpeed
LINE/t (10,11,12,14,15), 39.13, 9.47, 20.489, -29.659, -0.004, 332/gDblProcessSpeed
LINE/t (10,11,12,14,15), 39.135, 10.991, 22.208, -32.633, -0.003, 332/gDblProcessSpeed
LINE/t (10,11,12,14,15), 39.14, 12.6, 23.844, -35.608, -0.002, 332/gDblProcessSpeed
LINE/t (10,11,12,14,15), 39.145, 14.292, 25.396, -38.582, -0.002, 332/gDblProcessSpeed
LINE/t (10,11,12,14,15), 39.15, 16.062, 26.857, -41.557, -0.001, 332/gDblProcessSpeed
LINE/t (10,11,12,14,15), 39.154, 17.915, 28.231, -44.547, -0.001, 334/gDblProcessSpeed
LINE/t (10,11,12,14,15), 39.154, 19.585, 29.348, -47.151, 0., 291/gDblProcessSpeed
LINE/t (10,11,12,14,15), 38.832, 19.654, 29.392, -47.257, 0., 322/gDblProcessSpeed
LINE/t (10,11,12,14,15), 38.765, 19.861, 29.503, -47.528, 0., 67/gDblProcessSpeed
LINE/t (10,11,12,14,15), 38.772, 21.404, 30.642, -50.456, 0., 729/gDblProcessSpeed
LINE/t (10,11,12,14,15), 38.773, 21.449, 30.675, -50.546, 0., 25/gDblProcessSpeed
LINE/t (10,11,12,14,15), 38.788, 21.496, 30.696, -50.6, 0., 15/gDblProcessSpeed
LINE/t (10,11,12,14,15), 38.832, 21.4, 30.645, -50.465, 0., 45/gDblProcessSpeed
LINE/t (10,11,12,14,15), 38.832, 19.82, 29.517, -47.564, 0., 670/gDblProcessSpeed
LINE/t (10,11,12,14,15), 38.832, 19.654, 29.392, -47.257, 0., 69/gDblProcessSpeed
LINE/t (10,11,12,14,15), 38.799, 19.585, 29.348, -47.151, 0., 36/gDblProcessSpeed
LINE/t (10,11,12,14,15), 38.798, 17.669, 28.059, -44.159, -0.001, 333/gDblProcessSpeed
LINE/t (10,11,12,14,15), 38.797, 15.824, 26.672, -41.171, -0.001, 332/gDblProcessSpeed
LINE/t (10,11,12,14,15), 38.796, 14.055, 25.192, -38.182, -0.002, 332/gDblProcessSpeed
LINE/t (10,11,12,14,15), 38.795, 12.365, 23.621, -35.193, -0.003, 332/gDblProcessSpeed
LINE/t (10,11,12,14,15), 38.794, 10.759, 21.965, -32.205, -0.003, 332/gDblProcessSpeed
LINE/t (10,11,12,14,15), 38.793, 9.241, 20.227, -29.216, -0.004, 332/gDblProcessSpeed
LINE/t (10,11,12,14,15), 38.792, 7.817, 18.412, -26.227, -0.004, 332/gDblProcessSpeed
LINE/t (10,11,12,14,15), 38.791, 6.489, 16.525, -23.239, -0.005, 332/gDblProcessSpeed
LINE/t (10,11,12,14,15), 38.79, 5.261, 14.571, -20.25, -0.006, 332/gDblProcessSpeed
LINE/t (10,11,12,14,15), 38.789, 4.136, 12.557, -17.261, -0.006, 332/gDblProcessSpeed
LINE/t (10,11,12,14,15), 38.788, 3.119, 10.485, -14.273, -0.007, 332/gDblProcessSpeed
LINE/t (10,11,12,14,15), 38.786, 2.21, 8.364, -11.284, -0.008, 332/gDblProcessSpeed
LINE/t (10,11,12,14,15), 38.785, 1.414, 6.198, -8.296, -0.008, 332/gDblProcessSpeed
LINE/t (10,11,12,14,15), 38.785, 0.731, 3.994, -5.307, -0.008, 332/gDblProcessSpeed
LINE/t (10,11,12,14,15), 38.784, 0.164, 1.757, -2.318, -0.008, 332/gDblProcessSpeed
LINE/t (10,11,12,14,15), 38.784, -0.193, 0.003, 0., -0.008, 259/gDblProcessSpeed
LINE/t (10,11,12,14,15), 38.789, 82.026, -1.462, 1.924, -0.008, 82677/gDblProcessSpeed
LINE/v (10,11,12,14,15), 38.67, 82.026, -1.462, 1.924, -0.008, gDblProcessSpeed
LINE/t (10,11,12,14,15), 38.646, 0.688, -0.07, 0.059, -0.008, 81781/gDblProcessSpeed
LINE/t (10,11,12,14,15), 38.641, -0.153, -0.036, 0.05, -0.008, 844/gDblProcessSpeed
LINE/t (10,11,12,14,15), 38.64, -0.168, 0.002, 0., -0.008, 27/gDblProcessSpeed
LINE/t (10,11,12,14,15), 38.64, -0.151, 0.115, -0.148, -0.008, 21/gDblProcessSpeed
LINE/t (10,11,12,14,15), 38.638, 0.326, 2.356, -3.115, -0.008, 330/gDblProcessSpeed
LINE/t (10,11,12,14,15), 38.636, 0.921, 4.578, -6.094, -0.008, 332/gDblProcessSpeed
LINE/t (10,11,12,14,15), 38.634, 1.63, 6.766, -9.073, -0.008, 332/gDblProcessSpeed
LINE/t (10,11,12,14,15), 38.633, 2.452, 8.914, -12.053, -0.008, 332/gDblProcessSpeed
LINE/t (10,11,12,14,15), 38.631, 3.385, 11.016, -15.032, -0.007, 332/gDblProcessSpeed
LINE/t (10,11,12,14,15), 38.63, 4.426, 13.067, -18.011, -0.007, 332/gDblProcessSpeed
LINE/t (10,11,12,14,15), 38.628, 5.571, 15.061, -20.991, -0.006, 332/gDblProcessSpeed
LINE/t (10,11,12,14,15), 38.627, 6.819, 16.993, -23.97, -0.006, 332/gDblProcessSpeed
LINE/t (10,11,12,14,15), 38.626, 8.166, 18.857, -26.949, -0.005, 332/gDblProcessSpeed
LINE/t (10,11,12,14,15), 38.625, 9.608, 20.648, -29.928, -0.005, 332/gDblProcessSpeed
LINE/t (10,11,12,14,15), 38.623, 11.14, 22.363, -32.908, -0.004, 332/gDblProcessSpeed
LINE/t (10,11,12,14,15), 38.622, 12.76, 23.994, -35.887, -0.004, 332/gDblProcessSpeed
LINE/t (10,11,12,14,15), 38.621, 14.463, 25.539, -38.867, -0.003, 332/gDblProcessSpeed
LINE/t (10,11,12,14,15), 38.62, 16.243, 26.994, -41.846, -0.003, 332/gDblProcessSpeed
LINE/t (10,11,12,14,15), 38.619, 18.069, 28.334, -44.781, -0.002, 327/gDblProcessSpeed
LINE/t (10,11,12,14,15), 38.62, 19.966, 29.582, -47.724, -0.001, 328/gDblProcessSpeed
LINE/t (10,11,12,14,15), 38.62, 21.924, 30.731, -50.667, -0.001, 328/gDblProcessSpeed
LINE/t (10,11,12,14,15), 38.621, 23.939, 31.778, -53.61, 0., 328/gDblProcessSpeed
LINE/t (10,11,12,14,15), 38.621, 25.614, 32.553, -56., 0., 267/gDblProcessSpeed
LINE/v (10,11,12,14,15), 38.596, 25.614, 32.553, -56., 0., gDblProcessSpeed
LINE/t (10,11,12,14,15), 38.588, 27.494, 33.398, -58.922, 0., 535/gDblProcessSpeed
LINE/t (10,11,12,14,15), 38.595, 28.955, 33.972, -61.181, 0., 434/gDblProcessSpeed
LINE/t (10,11,12,14,15), 38.61, 28.923, 33.966, -61.158, 0., 20/gDblProcessSpeed
LINE/t (10,11,12,14,15), 38.654, 28.904, 33.958, -61.125, 0., 45/gDblProcessSpeed
LINE/t (10,11,12,14,15), 38.654, 28.91, 33.956, -61.113, 0., 15/gDblProcessSpeed
LINE/t (10,11,12,14,15), 38.655, 27.01, 33.184, -58.144, 0., 585/gDblProcessSpeed
LINE/t (10,11,12,14,15), 38.647, 25.826, 32.632, -56.259, 0., 371/gDblProcessSpeed
LINE/t (10,11,12,14,15), 38.596, 25.614, 32.553, -56., 0., 51/gDblProcessSpeed
LINE/t (10,11,12,14,15), 38.469, 24.242, 31.926, -54.047, 0., 251/gDblProcessSpeed
LINE/t (10,11,12,14,15), 38.473, 22.558, 30.885, -51.105, 0., 667/gDblProcessSpeed
LINE/t (10,11,12,14,15), 38.469, 22.315, 30.722, -50.671, 0., 98/gDblProcessSpeed
LINE/t (10,11,12,14,15), 38.41, 22.36, 30.75, -50.744, 0., 60/gDblProcessSpeed
LINE/t (10,11,12,14,15), 38.41, 22.359, 30.761, -50.772, 0., 23/gDblProcessSpeed
LINE/t (10,11,12,14,15), 38.417, 24.01, 31.819, -53.729, 0., 705/gDblProcessSpeed
LINE/t (10,11,12,14,15), 38.43, 24.112, 31.873, -53.887, 0., 28/gDblProcessSpeed
LINE/t (10,11,12,14,15), 38.469, 24.242, 31.926, -54.047, 0., 38/gDblProcessSpeed
LINE/v (10,11,12,14,15), 38.443, 24.242, 31.926, -54.047, 0., gDblProcessSpeed
LINE/t (10,11,12,14,15), 38.443, 26.309, 32.848, -56.978, 0., 325/gDblProcessSpeed
LINE/t (10,11,12,14,15), 38.443, 28.421, 33.663, -59.91, 0., 325/gDblProcessSpeed
LINE/t (10,11,12,14,15), 38.443, 30.571, 34.371, -62.841, 0., 325/gDblProcessSpeed
LINE/t (10,11,12,14,15), 38.443, 32.756, 34.968, -65.773, 0., 325/gDblProcessSpeed
LINE/t (10,11,12,14,15), 38.443, 34.967, 35.45, -68.704, 0., 325/gDblProcessSpeed
LINE/t (10,11,12,14,15), 38.443, 37.201, 35.819, -71.636, 0., 325/gDblProcessSpeed
LINE/t (10,11,12,14,15), 38.443, 38.099, 35.937, -72.808, 0., 130/gDblProcessSpeed
LINE/v (10,11,12,14,15), 38.621, 38.099, 35.937, -72.808, 0., gDblProcessSpeed
LINE/t (10,11,12,14,15), 38.621, 35.826, 35.606, -69.834, 0., 330/gDblProcessSpeed
LINE/t (10,11,12,14,15), 38.621, 33.572, 35.16, -66.859, 0., 330/gDblProcessSpeed
LINE/t (10,11,12,14,15), 38.621, 32.084, 34.797, -64.876, 0., 220/gDblProcessSpeed
LINE/t (10,11,12,14,15), 38.61, 31.733, 34.704, -64.406, 0., 53/gDblProcessSpeed
LINE/t (10,11,12,14,15), 38.61, 29.801, 34.05, -61.473, 0., 562/gDblProcessSpeed
LINE/t (10,11,12,14,15), 38.616, 28.88, 33.692, -60.057, 0., 272/gDblProcessSpeed
LINE/t (10,11,12,14,15), 38.618, 28.893, 33.676, -60.003, 0., 59/gDblProcessSpeed
LINE/t (10,11,12,14,15), 38.632, 28.838, 33.67, -59.972, 0., 32/gDblProcessSpeed
LINE/t (10,11,12,14,15), 38.632, 30.76, 34.389, -62.928, 0., 576/gDblProcessSpeed
LINE/t (10,11,12,14,15), 38.632, 31.733, 34.704, -64.406, 0., 288/gDblProcessSpeed
LINE/t (10,11,12,14,15), 38.943, 31.958, 34.764, -64.707, 0., 313/gDblProcessSpeed
LINE/t (10,11,12,14,15), 38.966, 31.793, 34.729, -64.532, 0., 27/gDblProcessSpeed
LINE/t (10,11,12,14,15), 39.01, 31.613, 34.684, -64.31, 0., 45/gDblProcessSpeed
LINE/t (10,11,12,14,15), 39.01, 29.704, 34.023, -61.36, 0., 600/gDblProcessSpeed
LINE/t (10,11,12,14,15), 39.004, 28.737, 33.636, -59.844, 0., 308/gDblProcessSpeed
LINE/t (10,11,12,14,15), 39.002, 28.708, 33.605, -59.734, 0., 63/gDblProcessSpeed
LINE/t (10,11,12,14,15), 38.973, 28.656, 33.592, -59.681, 0., 30/gDblProcessSpeed
LINE/t (10,11,12,14,15), 38.943, 28.753, 33.63, -59.823, 0., 37/gDblProcessSpeed
LINE/t (10,11,12,14,15), 38.943, 30.695, 34.362, -62.81, 0., 580/gDblProcessSpeed
LINE/t (10,11,12,14,15), 38.943, 31.958, 34.764, -64.707, 0., 357/gDblProcessSpeed
LINE/t (10,11,12,14,15), 38.977, 32.084, 34.797, -64.876, 0., 38/gDblProcessSpeed
LINE/t (10,11,12,14,15), 38.977, 34.321, 35.321, -67.851, 0., 330/gDblProcessSpeed
LINE/t (10,11,12,14,15), 38.977, 36.581, 35.73, -70.825, 0., 330/gDblProcessSpeed
LINE/t (10,11,12,14,15), 38.977, 38.099, 35.937, -72.808, 0., 220/gDblProcessSpeed
LINE/v (10,11,12,14,15), 38.799, 38.099, 35.937, -72.808, 0., gDblProcessSpeed
LINE/t (10,11,12,14,15), 38.799, 35.858, 35.612, -69.877, 0., 325/gDblProcessSpeed
LINE/t (10,11,12,14,15), 38.799, 33.637, 35.173, -66.945, 0., 325/gDblProcessSpeed
LINE/t (10,11,12,14,15), 38.799, 31.441, 34.622, -64.014, 0., 325/gDblProcessSpeed
LINE/t (10,11,12,14,15), 38.799, 29.277, 33.961, -61.082, 0., 325/gDblProcessSpeed
LINE/t (10,11,12,14,15), 38.799, 27.149, 33.187, -58.151, 0., 325/gDblProcessSpeed
LINE/t (10,11,12,14,15), 38.799, 25.063, 32.307, -55.219, 0., 325/gDblProcessSpeed
LINE/t (10,11,12,14,15), 38.799, 24.242, 31.926, -54.047, 0., 130/gDblProcessSpeed
LINE/t (10,11,12,14,15), 38.788, 24.004, 31.812, -53.705, 0., 39/gDblProcessSpeed
LINE/t (10,11,12,14,15), 38.796, 22.394, 30.776, -50.814, 0., 694/gDblProcessSpeed
LINE/t (10,11,12,14,15), 38.81, 22.628, 30.933, -51.233, 0., 98/gDblProcessSpeed
LINE/t (10,11,12,14,15), 38.81, 24.004, 31.812, -53.705, 0., 597/gDblProcessSpeed
LINE/t (10,11,12,14,15), 38.977, 25.614, 32.553, -56., 0., 304/gDblProcessSpeed
LINE/t (10,11,12,14,15), 38.976, 23.549, 31.587, -53.047, -0.001, 328/gDblProcessSpeed
LINE/t (10,11,12,14,15), 38.976, 21.536, 30.517, -50.094, -0.001, 328/gDblProcessSpeed
LINE/t (10,11,12,14,15), 38.975, 19.581, 29.344, -47.141, -0.002, 328/gDblProcessSpeed
LINE/t (10,11,12,14,15), 38.975, 17.69, 28.072, -44.188, -0.002, 328/gDblProcessSpeed
LINE/t (10,11,12,14,15), 38.972, 15.844, 26.685, -41.198, -0.003, 332/gDblProcessSpeed
LINE/t (10,11,12,14,15), 38.969, 14.072, 25.206, -38.208, -0.003, 332/gDblProcessSpeed
LINE/t (10,11,12,14,15), 38.966, 12.381, 23.635, -35.218, -0.004, 332/gDblProcessSpeed
LINE/t (10,11,12,14,15), 38.963, 10.773, 21.978, -32.228, -0.004, 332/gDblProcessSpeed
LINE/t (10,11,12,14,15), 38.96, 9.255, 20.24, -29.238, -0.005, 332/gDblProcessSpeed
LINE/t (10,11,12,14,15), 38.957, 7.829, 18.425, -26.248, -0.005, 332/gDblProcessSpeed
LINE/t (10,11,12,14,15), 38.954, 6.499, 16.538, -23.259, -0.006, 332/gDblProcessSpeed
LINE/t (10,11,12,14,15), 38.951, 5.27, 14.584, -20.269, -0.006, 332/gDblProcessSpeed
LINE/t (10,11,12,14,15), 38.947, 4.145, 12.569, -17.279, -0.007, 332/gDblProcessSpeed
LINE/t (10,11,12,14,15), 38.944, 3.126, 10.497, -14.289, -0.008, 332/gDblProcessSpeed
LINE/t (10,11,12,14,15), 38.94, 2.216, 8.375, -11.299, -0.008, 332/gDblProcessSpeed
LINE/t (10,11,12,14,15), 38.937, 1.419, 6.208, -8.309, -0.009, 332/gDblProcessSpeed
LINE/t (10,11,12,14,15), 38.934, 0.735, 4.003, -5.32, -0.009, 332/gDblProcessSpeed
LINE/t (10,11,12,14,15), 38.931, 0.168, 1.766, -2.33, -0.009, 332/gDblProcessSpeed
LINE/t (10,11,12,14,15), 38.928, -0.19, 0.003, 0., -0.009, 262/gDblProcessSpeed
LINE/t (10,11,12,14,15), 38.9, 5.157, -0.273, 0.148, -0.009, 5386/gDblProcessSpeed
LINE/t (10,11,12,14,15), 38.911, 82.026, -1.462, 1.924, -0.009, 77288/gDblProcessSpeed
LINE/v (10,11,12,14,15), 38.548, 82.026, -1.462, 1.924, -0.009, gDblProcessSpeed
LINE/t (10,11,12,14,15), 38.524, 1.893, -0.128, 0.087, -0.009, 80568/gDblProcessSpeed
LINE/t (10,11,12,14,15), 38.496, -0.154, -0.036, 0.05, -0.009, 2057/gDblProcessSpeed
LINE/t (10,11,12,14,15), 38.496, -0.168, 0.002, 0., -0.009, 27/gDblProcessSpeed
LINE/t (10,11,12,14,15), 38.491, 0.305, 2.267, -2.997, -0.009, 337/gDblProcessSpeed
LINE/t (10,11,12,14,15), 38.487, 0.894, 4.488, -5.972, -0.009, 332/gDblProcessSpeed
LINE/t (10,11,12,14,15), 38.483, 1.597, 6.674, -8.947, -0.008, 332/gDblProcessSpeed
LINE/t (10,11,12,14,15), 38.479, 2.413, 8.821, -11.922, -0.007, 332/gDblProcessSpeed
LINE/t (10,11,12,14,15), 38.475, 3.339, 10.922, -14.898, -0.007, 332/gDblProcessSpeed
LINE/t (10,11,12,14,15), 38.471, 4.373, 12.973, -17.873, -0.006, 332/gDblProcessSpeed
LINE/t (10,11,12,14,15), 38.468, 5.511, 14.967, -20.848, -0.006, 332/gDblProcessSpeed
LINE/t (10,11,12,14,15), 38.464, 6.752, 16.899, -23.823, -0.005, 332/gDblProcessSpeed
LINE/t (10,11,12,14,15), 38.461, 8.092, 18.764, -26.798, -0.004, 332/gDblProcessSpeed
LINE/t (10,11,12,14,15), 38.457, 9.526, 20.556, -29.773, -0.004, 332/gDblProcessSpeed
LINE/t (10,11,12,14,15), 38.454, 11.052, 22.273, -32.748, -0.003, 332/gDblProcessSpeed
LINE/t (10,11,12,14,15), 38.451, 12.664, 23.906, -35.723, -0.002, 332/gDblProcessSpeed
LINE/t (10,11,12,14,15), 38.448, 14.359, 25.455, -38.699, -0.002, 332/gDblProcessSpeed
LINE/t (10,11,12,14,15), 38.445, 16.133, 26.912, -41.674, -0.001, 332/gDblProcessSpeed
LINE/t (10,11,12,14,15), 38.443, 17.914, 28.231, -44.546, -0.001, 321/gDblProcessSpeed
LINE/t (10,11,12,14,15), 38.443, 19.585, 29.348, -47.151, 0., 291/gDblProcessSpeed
LINE/t (10,11,12,14,15), 38.121, 19.654, 29.392, -47.257, 0., 322/gDblProcessSpeed
LINE/t (10,11,12,14,15), 38.054, 19.861, 29.503, -47.528, 0., 67/gDblProcessSpeed
LINE/t (10,11,12,14,15), 38.061, 21.404, 30.642, -50.456, 0., 729/gDblProcessSpeed
LINE/t (10,11,12,14,15), 38.062, 21.449, 30.675, -50.546, 0., 25/gDblProcessSpeed
LINE/t (10,11,12,14,15), 38.077, 21.496, 30.696, -50.6, 0., 15/gDblProcessSpeed
LINE/t (10,11,12,14,15), 38.121, 21.4, 30.645, -50.465, 0., 45/gDblProcessSpeed
LINE/t (10,11,12,14,15), 38.121, 19.82, 29.517, -47.564, 0., 670/gDblProcessSpeed
LINE/t (10,11,12,14,15), 38.121, 19.654, 29.392, -47.257, 0., 69/gDblProcessSpeed
LINE/t (10,11,12,14,15), 38.088, 19.585, 29.348, -47.151, 0., 36/gDblProcessSpeed
LINE/t (10,11,12,14,15), 38.087, 17.669, 28.059, -44.16, -0.001, 333/gDblProcessSpeed
LINE/t (10,11,12,14,15), 38.094, 15.826, 26.673, -41.172, -0.001, 332/gDblProcessSpeed
LINE/t (10,11,12,14,15), 38.1, 14.057, 25.194, -38.185, -0.002, 332/gDblProcessSpeed
LINE/t (10,11,12,14,15), 38.107, 12.367, 23.623, -35.197, -0.003, 332/gDblProcessSpeed
LINE/t (10,11,12,14,15), 38.114, 10.762, 21.967, -32.209, -0.003, 332/gDblProcessSpeed
LINE/t (10,11,12,14,15), 38.122, 9.245, 20.23, -29.222, -0.004, 332/gDblProcessSpeed
LINE/t (10,11,12,14,15), 38.13, 7.821, 18.416, -26.234, -0.004, 332/gDblProcessSpeed
LINE/t (10,11,12,14,15), 38.138, 6.493, 16.53, -23.246, -0.005, 332/gDblProcessSpeed
LINE/t (10,11,12,14,15), 38.146, 5.265, 14.577, -20.258, -0.006, 332/gDblProcessSpeed
LINE/t (10,11,12,14,15), 38.154, 4.141, 12.563, -17.271, -0.006, 332/gDblProcessSpeed
LINE/t (10,11,12,14,15), 38.163, 3.123, 10.492, -14.283, -0.007, 332/gDblProcessSpeed
LINE/t (10,11,12,14,15), 38.172, 2.215, 8.372, -11.296, -0.008, 332/gDblProcessSpeed
LINE/t (10,11,12,14,15), 38.18, 1.418, 6.207, -8.308, -0.008, 332/gDblProcessSpeed
LINE/t (10,11,12,14,15), 38.19, 0.736, 4.004, -5.32, -0.008, 332/gDblProcessSpeed
LINE/t (10,11,12,14,15), 38.199, 0.169, 1.768, -2.333, -0.008, 332/gDblProcessSpeed
LINE/t (10,11,12,14,15), 38.207, -0.19, 0.003, 0., -0.008, 262/gDblProcessSpeed
LINE/t (10,11,12,14,15), 38.293, 3.326, -0.186, 0.106, -0.008, 3546/gDblProcessSpeed
LINE/t (10,11,12,14,15), 38.304, 82.026, -1.462, 1.924, -0.008, 79130/gDblProcessSpeed
LINE/v (10,11,12,14,15), 38.185, 82.026, -1.462, 1.924, -0.008, gDblProcessSpeed
LINE/t (10,11,12,14,15), 38.161, 2.509, -0.157, 0.101, -0.008, 79948/gDblProcessSpeed
LINE/t (10,11,12,14,15), 38.065, -0.153, -0.037, 0.05, -0.008, 2678/gDblProcessSpeed
LINE/t (10,11,12,14,15), 38.064, -0.167, 0.002, 0., -0.008, 27/gDblProcessSpeed
LINE/t (10,11,12,14,15), 38.063, -0.151, 0.115, -0.148, -0.008, 21/gDblProcessSpeed
LINE/t (10,11,12,14,15), 38.051, 0.326, 2.356, -3.115, -0.008, 330/gDblProcessSpeed
LINE/t (10,11,12,14,15), 38.039, 0.921, 4.579, -6.094, -0.008, 333/gDblProcessSpeed
LINE/t (10,11,12,14,15), 38.027, 1.631, 6.766, -9.074, -0.008, 333/gDblProcessSpeed
LINE/t (10,11,12,14,15), 38.016, 2.453, 8.915, -12.053, -0.008, 333/gDblProcessSpeed
LINE/t (10,11,12,14,15), 38.005, 3.386, 11.017, -15.033, -0.007, 333/gDblProcessSpeed
LINE/t (10,11,12,14,15), 37.994, 4.426, 13.068, -18.012, -0.007, 333/gDblProcessSpeed
LINE/t (10,11,12,14,15), 37.983, 5.572, 15.062, -20.992, -0.006, 333/gDblProcessSpeed
LINE/t (10,11,12,14,15), 37.972, 6.821, 16.994, -23.971, -0.006, 333/gDblProcessSpeed
LINE/t (10,11,12,14,15), 37.962, 8.167, 18.858, -26.951, -0.005, 333/gDblProcessSpeed
LINE/t (10,11,12,14,15), 37.952, 9.609, 20.649, -29.931, -0.005, 333/gDblProcessSpeed
LINE/t (10,11,12,14,15), 37.942, 11.142, 22.364, -32.91, -0.004, 333/gDblProcessSpeed
LINE/t (10,11,12,14,15), 37.932, 12.762, 23.995, -35.89, -0.004, 333/gDblProcessSpeed
LINE/t (10,11,12,14,15), 37.923, 14.466, 25.541, -38.87, -0.003, 333/gDblProcessSpeed
LINE/t (10,11,12,14,15), 37.915, 16.247, 26.996, -41.851, -0.003, 333/gDblProcessSpeed
LINE/t (10,11,12,14,15), 37.908, 18.073, 28.337, -44.787, -0.002, 328/gDblProcessSpeed
LINE/t (10,11,12,14,15), 37.909, 19.969, 29.584, -47.729, -0.001, 328/gDblProcessSpeed
LINE/t (10,11,12,14,15), 37.909, 21.927, 30.732, -50.67, -0.001, 328/gDblProcessSpeed
LINE/t (10,11,12,14,15), 37.909, 23.94, 31.779, -53.611, 0., 328/gDblProcessSpeed
LINE/t (10,11,12,14,15), 37.91, 25.614, 32.553, -56., 0., 267/gDblProcessSpeed
LINE/v (10,11,12,14,15), 37.884, 25.614, 32.553, -56., 0., gDblProcessSpeed
LINE/t (10,11,12,14,15), 37.876, 27.494, 33.398, -58.922, 0., 535/gDblProcessSpeed
LINE/t (10,11,12,14,15), 37.884, 28.955, 33.972, -61.181, 0., 434/gDblProcessSpeed
LINE/t (10,11,12,14,15), 37.899, 28.923, 33.966, -61.158, 0., 20/gDblProcessSpeed
LINE/t (10,11,12,14,15), 37.943, 28.904, 33.958, -61.125, 0., 45/gDblProcessSpeed
LINE/t (10,11,12,14,15), 37.943, 28.91, 33.956, -61.113, 0., 15/gDblProcessSpeed
LINE/t (10,11,12,14,15), 37.943, 27.01, 33.184, -58.144, 0., 585/gDblProcessSpeed
LINE/t (10,11,12,14,15), 37.935, 25.826, 32.632, -56.259, 0., 371/gDblProcessSpeed
LINE/t (10,11,12,14,15), 37.884, 25.614, 32.553, -56., 0., 51/gDblProcessSpeed
LINE/t (10,11,12,14,15), 37.758, 24.242, 31.926, -54.047, 0., 251/gDblProcessSpeed
LINE/t (10,11,12,14,15), 37.762, 22.558, 30.885, -51.105, 0., 667/gDblProcessSpeed
LINE/t (10,11,12,14,15), 37.758, 22.315, 30.722, -50.671, 0., 98/gDblProcessSpeed
LINE/t (10,11,12,14,15), 37.699, 22.36, 30.75, -50.744, 0., 60/gDblProcessSpeed
LINE/t (10,11,12,14,15), 37.699, 22.359, 30.761, -50.772, 0., 23/gDblProcessSpeed
LINE/t (10,11,12,14,15), 37.706, 24.01, 31.819, -53.729, 0., 705/gDblProcessSpeed
LINE/t (10,11,12,14,15), 37.719, 24.112, 31.873, -53.887, 0., 28/gDblProcessSpeed
LINE/t (10,11,12,14,15), 37.758, 24.242, 31.926, -54.047, 0., 38/gDblProcessSpeed
LINE/v (10,11,12,14,15), 37.732, 24.242, 31.926, -54.047, 0., gDblProcessSpeed
LINE/t (10,11,12,14,15), 37.732, 26.309, 32.848, -56.978, 0., 325/gDblProcessSpeed
LINE/t (10,11,12,14,15), 37.732, 28.421, 33.663, -59.91, 0., 325/gDblProcessSpeed
LINE/t (10,11,12,14,15), 37.732, 30.571, 34.371, -62.841, 0., 325/gDblProcessSpeed
LINE/t (10,11,12,14,15), 37.732, 32.756, 34.968, -65.773, 0., 325/gDblProcessSpeed
LINE/t (10,11,12,14,15), 37.732, 34.967, 35.45, -68.704, 0., 325/gDblProcessSpeed
LINE/t (10,11,12,14,15), 37.732, 37.201, 35.819, -71.636, 0., 325/gDblProcessSpeed
LINE/t (10,11,12,14,15), 37.732, 38.099, 35.937, -72.808, 0., 130/gDblProcessSpeed
LINE/v (10,11,12,14,15), 37.91, 38.099, 35.937, -72.808, 0., gDblProcessSpeed
LINE/t (10,11,12,14,15), 37.91, 35.826, 35.606, -69.834, 0., 330/gDblProcessSpeed
LINE/t (10,11,12,14,15), 37.91, 33.572, 35.16, -66.859, 0., 330/gDblProcessSpeed
LINE/t (10,11,12,14,15), 37.91, 32.084, 34.797, -64.876, 0., 220/gDblProcessSpeed
LINE/t (10,11,12,14,15), 37.899, 31.733, 34.704, -64.406, 0., 53/gDblProcessSpeed
LINE/t (10,11,12,14,15), 37.899, 29.801, 34.05, -61.473, 0., 562/gDblProcessSpeed
LINE/t (10,11,12,14,15), 37.905, 28.88, 33.692, -60.057, 0., 272/gDblProcessSpeed
LINE/t (10,11,12,14,15), 37.907, 28.893, 33.676, -60.003, 0., 59/gDblProcessSpeed
LINE/t (10,11,12,14,15), 37.921, 28.838, 33.67, -59.972, 0., 32/gDblProcessSpeed
LINE/t (10,11,12,14,15), 37.921, 30.76, 34.389, -62.928, 0., 576/gDblProcessSpeed
LINE/t (10,11,12,14,15), 37.921, 31.733, 34.704, -64.406, 0., 288/gDblProcessSpeed
LINE/t (10,11,12,14,15), 38.232, 31.958, 34.764, -64.707, 0., 313/gDblProcessSpeed
LINE/t (10,11,12,14,15), 38.255, 31.793, 34.729, -64.532, 0., 27/gDblProcessSpeed
LINE/t (10,11,12,14,15), 38.299, 31.613, 34.684, -64.31, 0., 45/gDblProcessSpeed
LINE/t (10,11,12,14,15), 38.299, 29.704, 34.023, -61.36, 0., 600/gDblProcessSpeed
LINE/t (10,11,12,14,15), 38.293, 28.737, 33.636, -59.844, 0., 308/gDblProcessSpeed
LINE/t (10,11,12,14,15), 38.291, 28.708, 33.605, -59.734, 0., 63/gDblProcessSpeed
LINE/t (10,11,12,14,15), 38.261, 28.656, 33.592, -59.681, 0., 30/gDblProcessSpeed
LINE/t (10,11,12,14,15), 38.232, 28.753, 33.63, -59.823, 0., 37/gDblProcessSpeed
LINE/t (10,11,12,14,15), 38.232, 30.695, 34.362, -62.81, 0., 580/gDblProcessSpeed
LINE/t (10,11,12,14,15), 38.232, 31.958, 34.764, -64.707, 0., 357/gDblProcessSpeed
LINE/t (10,11,12,14,15), 38.265, 32.084, 34.797, -64.876, 0., 38/gDblProcessSpeed
LINE/t (10,11,12,14,15), 38.265, 34.321, 35.321, -67.851, 0., 330/gDblProcessSpeed
LINE/t (10,11,12,14,15), 38.265, 36.581, 35.73, -70.825, 0., 330/gDblProcessSpeed
LINE/t (10,11,12,14,15), 38.265, 38.099, 35.937, -72.808, 0., 220/gDblProcessSpeed
LINE/v (10,11,12,14,15), 38.088, 38.099, 35.937, -72.808, 0., gDblProcessSpeed
LINE/t (10,11,12,14,15), 38.088, 35.858, 35.612, -69.877, 0., 325/gDblProcessSpeed
LINE/t (10,11,12,14,15), 38.088, 33.637, 35.173, -66.945, 0., 325/gDblProcessSpeed
LINE/t (10,11,12,14,15), 38.088, 31.441, 34.622, -64.014, 0., 325/gDblProcessSpeed
LINE/t (10,11,12,14,15), 38.088, 29.277, 33.961, -61.082, 0., 325/gDblProcessSpeed
LINE/t (10,11,12,14,15), 38.088, 27.149, 33.187, -58.151, 0., 325/gDblProcessSpeed
LINE/t (10,11,12,14,15), 38.088, 25.063, 32.307, -55.219, 0., 325/gDblProcessSpeed
LINE/t (10,11,12,14,15), 38.088, 24.242, 31.926, -54.047, 0., 130/gDblProcessSpeed
LINE/t (10,11,12,14,15), 38.099, 24.004, 31.812, -53.705, 0., 39/gDblProcessSpeed
LINE/t (10,11,12,14,15), 38.091, 22.394, 30.776, -50.814, 0., 694/gDblProcessSpeed
LINE/t (10,11,12,14,15), 38.076, 22.628, 30.933, -51.233, 0., 98/gDblProcessSpeed
LINE/t (10,11,12,14,15), 38.076, 24.004, 31.812, -53.705, 0., 597/gDblProcessSpeed
LINE/t (10,11,12,14,15), 38.265, 25.614, 32.553, -56., 0., 317/gDblProcessSpeed
LINE/t (10,11,12,14,15), 38.265, 23.549, 31.587, -53.047, -0.001, 328/gDblProcessSpeed
LINE/t (10,11,12,14,15), 38.265, 21.537, 30.517, -50.095, -0.001, 328/gDblProcessSpeed
LINE/t (10,11,12,14,15), 38.264, 19.581, 29.344, -47.141, -0.002, 328/gDblProcessSpeed
LINE/t (10,11,12,14,15), 38.264, 17.689, 28.071, -44.187, -0.002, 328/gDblProcessSpeed
LINE/t (10,11,12,14,15), 38.268, 15.843, 26.685, -41.197, -0.003, 332/gDblProcessSpeed
LINE/t (10,11,12,14,15), 38.273, 14.072, 25.205, -38.207, -0.003, 332/gDblProcessSpeed
LINE/t (10,11,12,14,15), 38.278, 12.38, 23.634, -35.216, -0.004, 332/gDblProcessSpeed
LINE/t (10,11,12,14,15), 38.284, 10.772, 21.977, -32.226, -0.004, 332/gDblProcessSpeed
LINE/t (10,11,12,14,15), 38.289, 9.253, 20.239, -29.236, -0.005, 332/gDblProcessSpeed
LINE/t (10,11,12,14,15), 38.295, 7.827, 18.423, -26.246, -0.005, 332/gDblProcessSpeed
LINE/t (10,11,12,14,15), 38.301, 6.498, 16.536, -23.255, -0.006, 332/gDblProcessSpeed
LINE/t (10,11,12,14,15), 38.307, 5.269, 14.581, -20.265, -0.006, 332/gDblProcessSpeed
LINE/t (10,11,12,14,15), 38.313, 4.143, 12.566, -17.275, -0.007, 332/gDblProcessSpeed
LINE/t (10,11,12,14,15), 38.319, 3.124, 10.494, -14.285, -0.008, 332/gDblProcessSpeed
LINE/t (10,11,12,14,15), 38.326, 2.214, 8.372, -11.295, -0.008, 332/gDblProcessSpeed
LINE/t (10,11,12,14,15), 38.332, 1.417, 6.205, -8.304, -0.009, 332/gDblProcessSpeed
LINE/t (10,11,12,14,15), 38.339, 0.734, 3.999, -5.314, -0.009, 332/gDblProcessSpeed
LINE/t (10,11,12,14,15), 38.346, 0.166, 1.761, -2.324, -0.009, 332/gDblProcessSpeed
LINE/t (10,11,12,14,15), 38.351, -0.191, 0.003, 0., -0.009, 262/gDblProcessSpeed
LINE/t (10,11,12,14,15), 38.414, 3.533, -0.196, 0.11, -0.009, 3753/gDblProcessSpeed
LINE/t (10,11,12,14,15), 38.426, 82.026, -1.462, 1.924, -0.009, 78922/gDblProcessSpeed
LINE/v (10,11,12,14,15), 38.063, 82.026, -1.462, 1.924, -0.009, gDblProcessSpeed
LINE/t (10,11,12,14,15), 38.04, 2.605, -0.162, 0.103, -0.009, 79852/gDblProcessSpeed
LINE/t (10,11,12,14,15), 37.92, -0.152, -0.037, 0.05, -0.009, 2774/gDblProcessSpeed
LINE/t (10,11,12,14,15), 37.918, -0.167, 0.002, 0., -0.009, 27/gDblProcessSpeed
LINE/t (10,11,12,14,15), 37.904, 0.286, 2.182, -2.884, -0.009, 325/gDblProcessSpeed
LINE/t (10,11,12,14,15), 37.89, 0.87, 4.404, -5.859, -0.009, 333/gDblProcessSpeed
LINE/t (10,11,12,14,15), 37.876, 1.569, 6.591, -8.834, -0.008, 333/gDblProcessSpeed
LINE/t (10,11,12,14,15), 37.862, 2.38, 8.74, -11.808, -0.008, 333/gDblProcessSpeed
LINE/t (10,11,12,14,15), 37.849, 3.302, 10.842, -14.783, -0.007, 333/gDblProcessSpeed
LINE/t (10,11,12,14,15), 37.835, 4.332, 12.895, -17.758, -0.006, 333/gDblProcessSpeed
LINE/t (10,11,12,14,15), 37.822, 5.466, 14.891, -20.732, -0.006, 333/gDblProcessSpeed
LINE/t (10,11,12,14,15), 37.81, 6.703, 16.825, -23.707, -0.005, 333/gDblProcessSpeed
LINE/t (10,11,12,14,15), 37.797, 8.038, 18.693, -26.682, -0.004, 333/gDblProcessSpeed
LINE/t (10,11,12,14,15), 37.785, 9.469, 20.488, -29.657, -0.004, 333/gDblProcessSpeed
LINE/t (10,11,12,14,15), 37.773, 10.991, 22.207, -32.631, -0.003, 333/gDblProcessSpeed
LINE/t (10,11,12,14,15), 37.762, 12.6, 23.844, -35.607, -0.002, 333/gDblProcessSpeed
LINE/t (10,11,12,14,15), 37.751, 14.292, 25.396, -38.582, -0.002, 333/gDblProcessSpeed
LINE/t (10,11,12,14,15), 37.74, 16.063, 26.857, -41.558, -0.001, 333/gDblProcessSpeed
LINE/t (10,11,12,14,15), 37.732, 17.916, 28.232, -44.549, -0.001, 334/gDblProcessSpeed
LINE/t (10,11,12,14,15), 37.732, 19.585, 29.348, -47.151, 0., 291/gDblProcessSpeed
LINE/t (10,11,12,14,15), 37.41, 19.654, 29.392, -47.257, 0., 322/gDblProcessSpeed
LINE/t (10,11,12,14,15), 37.343, 19.861, 29.503, -47.528, 0., 67/gDblProcessSpeed
LINE/t (10,11,12,14,15), 37.35, 21.404, 30.642, -50.456, 0., 729/gDblProcessSpeed
LINE/t (10,11,12,14,15), 37.351, 21.449, 30.675, -50.546, 0., 25/gDblProcessSpeed
LINE/t (10,11,12,14,15), 37.366, 21.496, 30.696, -50.6, 0., 15/gDblProcessSpeed
LINE/t (10,11,12,14,15), 37.41, 21.4, 30.645, -50.465, 0., 45/gDblProcessSpeed
LINE/t (10,11,12,14,15), 37.41, 19.82, 29.517, -47.564, 0., 670/gDblProcessSpeed
LINE/t (10,11,12,14,15), 37.41, 19.654, 29.392, -47.257, 0., 69/gDblProcessSpeed
LINE/t (10,11,12,14,15), 37.376, 19.585, 29.348, -47.151, 0., 36/gDblProcessSpeed
LINE/t (10,11,12,14,15), 37.376, 17.671, 28.06, -44.162, -0.001, 333/gDblProcessSpeed
LINE/t (10,11,12,14,15), 37.39, 15.827, 26.674, -41.174, -0.001, 333/gDblProcessSpeed
LINE/t (10,11,12,14,15), 37.404, 14.059, 25.195, -38.187, -0.002, 333/gDblProcessSpeed
LINE/t (10,11,12,14,15), 37.419, 12.369, 23.625, -35.199, -0.003, 333/gDblProcessSpeed
LINE/t (10,11,12,14,15), 37.434, 10.764, 21.969, -32.212, -0.003, 333/gDblProcessSpeed
LINE/t (10,11,12,14,15), 37.45, 9.247, 20.232, -29.225, -0.004, 333/gDblProcessSpeed
LINE/t (10,11,12,14,15), 37.467, 7.823, 18.418, -26.237, -0.004, 333/gDblProcessSpeed
LINE/t (10,11,12,14,15), 37.484, 6.495, 16.532, -23.25, -0.005, 333/gDblProcessSpeed
LINE/t (10,11,12,14,15), 37.501, 5.268, 14.579, -20.262, -0.006, 333/gDblProcessSpeed
LINE/t (10,11,12,14,15), 37.519, 4.144, 12.566, -17.275, -0.006, 333/gDblProcessSpeed
LINE/t (10,11,12,14,15), 37.537, 3.126, 10.496, -14.288, -0.007, 333/gDblProcessSpeed
LINE/t (10,11,12,14,15), 37.556, 2.217, 8.376, -11.3, -0.008, 333/gDblProcessSpeed
LINE/t (10,11,12,14,15), 37.574, 1.42, 6.211, -8.313, -0.008, 333/gDblProcessSpeed
LINE/t (10,11,12,14,15), 37.593, 0.738, 4.008, -5.326, -0.008, 333/gDblProcessSpeed
LINE/t (10,11,12,14,15), 37.613, 0.17, 1.772, -2.338, -0.008, 333/gDblProcessSpeed
LINE/t (10,11,12,14,15), 37.628, -0.189, 0.003, 0., -0.008, 263/gDblProcessSpeed
LINE/t (10,11,12,14,15), 37.81, 3.137, -0.178, 0.102, -0.008, 3358/gDblProcessSpeed
LINE/t (10,11,12,14,15), 37.822, 82.026, -1.462, 1.924, -0.008, 79320/gDblProcessSpeed
LINE/v (10,11,12,14,15), 37.941, 82.026, -1.462, 1.924, -0.008, gDblProcessSpeed
LINE/t (10,11,12,14,15), 37.917, 2.652, -0.164, 0.104, -0.008, 79804/gDblProcessSpeed
LINE/t (10,11,12,14,15), 37.775, -0.152, -0.037, 0.05, -0.008, 2823/gDblProcessSpeed
LINE/t (10,11,12,14,15), 37.773, -0.167, 0.002, 0., -0.008, 27/gDblProcessSpeed
LINE/t (10,11,12,14,15), 37.772, -0.15, 0.117, -0.151, -0.008, 22/gDblProcessSpeed
LINE/t (10,11,12,14,15), 37.755, 0.328, 2.36, -3.121, -0.008, 331/gDblProcessSpeed
LINE/t (10,11,12,14,15), 37.739, 0.923, 4.583, -6.101, -0.008, 333/gDblProcessSpeed
LINE/t (10,11,12,14,15), 37.722, 1.633, 6.771, -9.08, -0.008, 333/gDblProcessSpeed
LINE/t (10,11,12,14,15), 37.706, 2.456, 8.919, -12.059, -0.008, 333/gDblProcessSpeed
LINE/t (10,11,12,14,15), 37.69, 3.389, 11.021, -15.039, -0.007, 333/gDblProcessSpeed
LINE/t (10,11,12,14,15), 37.674, 4.43, 13.072, -18.018, -0.007, 333/gDblProcessSpeed
LINE/t (10,11,12,14,15), 37.659, 5.576, 15.066, -20.998, -0.006, 333/gDblProcessSpeed
LINE/t (10,11,12,14,15), 37.644, 6.824, 16.997, -23.977, -0.006, 333/gDblProcessSpeed
LINE/t (10,11,12,14,15), 37.629, 8.171, 18.862, -26.957, -0.005, 333/gDblProcessSpeed
LINE/t (10,11,12,14,15), 37.615, 9.613, 20.652, -29.936, -0.005, 333/gDblProcessSpeed
LINE/t (10,11,12,14,15), 37.601, 11.146, 22.367, -32.916, -0.004, 333/gDblProcessSpeed
LINE/t (10,11,12,14,15), 37.587, 12.766, 23.998, -35.896, -0.004, 333/gDblProcessSpeed
LINE/t (10,11,12,14,15), 37.574, 14.47, 25.544, -38.876, -0.003, 333/gDblProcessSpeed
LINE/t (10,11,12,14,15), 37.562, 16.252, 26.999, -41.857, -0.003, 333/gDblProcessSpeed
LINE/t (10,11,12,14,15), 37.553, 18.078, 28.339, -44.794, -0.002, 328/gDblProcessSpeed
LINE/t (10,11,12,14,15), 37.553, 19.973, 29.586, -47.733, -0.001, 328/gDblProcessSpeed
LINE/t (10,11,12,14,15), 37.553, 21.929, 30.733, -50.673, -0.001, 328/gDblProcessSpeed
LINE/t (10,11,12,14,15), 37.554, 23.941, 31.779, -53.612, 0., 328/gDblProcessSpeed
LINE/t (10,11,12,14,15), 37.554, 25.614, 32.553, -56., 0., 267/gDblProcessSpeed
LINE/v (10,11,12,14,15), 37.529, 25.614, 32.553, -56., 0., gDblProcessSpeed
LINE/t (10,11,12,14,15), 37.521, 27.494, 33.398, -58.922, 0., 535/gDblProcessSpeed
LINE/t (10,11,12,14,15), 37.528, 28.955, 33.972, -61.181, 0., 434/gDblProcessSpeed
LINE/t (10,11,12,14,15), 37.543, 28.923, 33.966, -61.158, 0., 20/gDblProcessSpeed
LINE/t (10,11,12,14,15), 37.587, 28.904, 33.958, -61.125, 0., 45/gDblProcessSpeed
LINE/t (10,11,12,14,15), 37.587, 28.91, 33.956, -61.113, 0., 15/gDblProcessSpeed
LINE/t (10,11,12,14,15), 37.588, 27.01, 33.184, -58.144, 0., 585/gDblProcessSpeed
LINE/t (10,11,12,14,15), 37.58, 25.826, 32.632, -56.259, 0., 371/gDblProcessSpeed
LINE/t (10,11,12,14,15), 37.529, 25.614, 32.553, -56., 0., 51/gDblProcessSpeed
LINE/t (10,11,12,14,15), 37.376, 24.242, 31.926, -54.047, 0., 265/gDblProcessSpeed
LINE/t (10,11,12,14,15), 37.376, 26.309, 32.848, -56.978, 0., 325/gDblProcessSpeed
LINE/t (10,11,12,14,15), 37.376, 28.421, 33.663, -59.91, 0., 325/gDblProcessSpeed
LINE/t (10,11,12,14,15), 37.376, 30.571, 34.371, -62.841, 0., 325/gDblProcessSpeed
LINE/t (10,11,12,14,15), 37.376, 32.756, 34.968, -65.773, 0., 325/gDblProcessSpeed
LINE/t (10,11,12,14,15), 37.376, 34.967, 35.45, -68.704, 0., 325/gDblProcessSpeed
LINE/t (10,11,12,14,15), 37.376, 37.201, 35.819, -71.636, 0., 325/gDblProcessSpeed
LINE/t (10,11,12,14,15), 37.376, 38.099, 35.937, -72.808, 0., 130/gDblProcessSpeed
LINE/v (10,11,12,14,15), 37.199, 38.099, 35.937, -72.808, 0., gDblProcessSpeed
LINE/t (10,11,12,14,15), 37.199, 35.826, 35.606, -69.834, 0., 330/gDblProcessSpeed
LINE/t (10,11,12,14,15), 37.199, 33.572, 35.16, -66.859, 0., 330/gDblProcessSpeed
LINE/t (10,11,12,14,15), 37.199, 32.084, 34.797, -64.876, 0., 220/gDblProcessSpeed
LINE/v (10,11,12,14,15), 37.173, 32.084, 34.797, -64.876, 0., gDblProcessSpeed
LINE/t (10,11,12,14,15), 37.232, 31.833, 34.736, -64.567, 0., 60/gDblProcessSpeed
LINE/t (10,11,12,14,15), 37.232, 29.911, 34.09, -61.64, 0., 570/gDblProcessSpeed
LINE/t (10,11,12,14,15), 37.225, 28.691, 33.611, -59.752, 0., 369/gDblProcessSpeed
LINE/t (10,11,12,14,15), 37.224, 28.717, 33.608, -59.746, 0., 32/gDblProcessSpeed
LINE/t (10,11,12,14,15), 37.165, 28.693, 33.606, -59.734, 0., 61/gDblProcessSpeed
LINE/t (10,11,12,14,15), 37.165, 30.626, 34.336, -62.693, 0., 565/gDblProcessSpeed
LINE/t (10,11,12,14,15), 37.173, 32.084, 34.797, -64.876, 0., 405/gDblProcessSpeed
LINE/t (10,11,12,14,15), 37.187, 31.733, 34.704, -64.406, 0., 54/gDblProcessSpeed
LINE/t (10,11,12,14,15), 37.187, 29.801, 34.05, -61.473, 0., 562/gDblProcessSpeed
LINE/t (10,11,12,14,15), 37.193, 28.88, 33.692, -60.057, 0., 272/gDblProcessSpeed
LINE/t (10,11,12,14,15), 37.195, 28.893, 33.676, -60.003, 0., 59/gDblProcessSpeed
LINE/t (10,11,12,14,15), 37.21, 28.838, 33.67, -59.972, 0., 32/gDblProcessSpeed
LINE/t (10,11,12,14,15), 37.21, 30.76, 34.389, -62.928, 0., 576/gDblProcessSpeed
LINE/t (10,11,12,14,15), 37.21, 31.733, 34.704, -64.406, 0., 288/gDblProcessSpeed
LINE/v (10,11,12,14,15), 37.543, 31.733, 34.704, -64.406, 0., gDblProcessSpeed
LINE/t (10,11,12,14,15), 37.543, 29.801, 34.05, -61.473, 0., 562/gDblProcessSpeed
LINE/t (10,11,12,14,15), 37.549, 28.88, 33.692, -60.057, 0., 272/gDblProcessSpeed
LINE/t (10,11,12,14,15), 37.551, 28.893, 33.676, -60.003, 0., 59/gDblProcessSpeed
LINE/t (10,11,12,14,15), 37.565, 28.838, 33.67, -59.972, 0., 32/gDblProcessSpeed
LINE/t (10,11,12,14,15), 37.565, 30.76, 34.389, -62.928, 0., 576/gDblProcessSpeed
LINE/t (10,11,12,14,15), 37.565, 31.733, 34.704, -64.406, 0., 288/gDblProcessSpeed
LINE/t (10,11,12,14,15), 37.554, 32.084, 34.797, -64.876, 0., 53/gDblProcessSpeed
LINE/t (10,11,12,14,15), 37.554, 34.321, 35.321, -67.851, 0., 330/gDblProcessSpeed
LINE/t (10,11,12,14,15), 37.554, 36.581, 35.73, -70.825, 0., 330/gDblProcessSpeed
LINE/t (10,11,12,14,15), 37.554, 38.099, 35.937, -72.808, 0., 220/gDblProcessSpeed
LINE/v (10,11,12,14,15), 37.021, 38.099, 35.937, -72.808, 0., gDblProcessSpeed
LINE/t (10,11,12,14,15), 37.021, 35.858, 35.612, -69.877, 0., 325/gDblProcessSpeed
LINE/t (10,11,12,14,15), 37.021, 33.637, 35.173, -66.945, 0., 325/gDblProcessSpeed
LINE/t (10,11,12,14,15), 37.021, 31.441, 34.622, -64.014, 0., 325/gDblProcessSpeed
LINE/t (10,11,12,14,15), 37.021, 29.277, 33.961, -61.082, 0., 325/gDblProcessSpeed
LINE/t (10,11,12,14,15), 37.021, 27.149, 33.187, -58.151, 0., 325/gDblProcessSpeed
LINE/t (10,11,12,14,15), 37.021, 25.063, 32.307, -55.219, 0., 325/gDblProcessSpeed
LINE/t (10,11,12,14,15), 37.021, 24.242, 31.926, -54.047, 0., 130/gDblProcessSpeed
LINE/v (10,11,12,14,15), 37.046, 24.242, 31.926, -54.047, 0., gDblProcessSpeed
LINE/t (10,11,12,14,15), 37.05, 22.558, 30.885, -51.105, 0., 667/gDblProcessSpeed
LINE/t (10,11,12,14,15), 37.046, 22.315, 30.722, -50.671, 0., 98/gDblProcessSpeed
LINE/t (10,11,12,14,15), 36.987, 22.36, 30.75, -50.744, 0., 60/gDblProcessSpeed
LINE/t (10,11,12,14,15), 36.987, 22.359, 30.761, -50.772, 0., 23/gDblProcessSpeed
LINE/t (10,11,12,14,15), 36.994, 24.01, 31.819, -53.729, 0., 705/gDblProcessSpeed
LINE/t (10,11,12,14,15), 37.008, 24.112, 31.873, -53.887, 0., 28/gDblProcessSpeed
LINE/t (10,11,12,14,15), 37.046, 24.242, 31.926, -54.047, 0., 38/gDblProcessSpeed
LINE/t (10,11,12,14,15), 37.032, 24.004, 31.812, -53.705, 0., 41/gDblProcessSpeed
LINE/t (10,11,12,14,15), 37.024, 22.394, 30.776, -50.814, 0., 694/gDblProcessSpeed
LINE/t (10,11,12,14,15), 37.01, 22.628, 30.933, -51.233, 0., 98/gDblProcessSpeed
LINE/t (10,11,12,14,15), 37.01, 24.004, 31.812, -53.705, 0., 597/gDblProcessSpeed
LINE/t (10,11,12,14,15), 36.869, 25.614, 32.553, -56., 0., 291/gDblProcessSpeed
LINE/t (10,11,12,14,15), 36.81, 25.863, 32.651, -56.322, 0., 61/gDblProcessSpeed
LINE/t (10,11,12,14,15), 36.81, 27.78, 33.504, -59.319, 0., 565/gDblProcessSpeed
LINE/t (10,11,12,14,15), 36.816, 28.959, 33.961, -61.129, 0., 341/gDblProcessSpeed
LINE/t (10,11,12,14,15), 36.818, 29.009, 33.993, -61.265, 0., 64/gDblProcessSpeed
LINE/t (10,11,12,14,15), 36.847, 29.07, 34.009, -61.329, 0., 30/gDblProcessSpeed
LINE/t (10,11,12,14,15), 36.876, 28.959, 33.971, -61.171, 0., 37/gDblProcessSpeed
LINE/t (10,11,12,14,15), 36.877, 27.033, 33.201, -58.208, 0., 555/gDblProcessSpeed
LINE/t (10,11,12,14,15), 36.869, 25.614, 32.553, -56., 0., 401/gDblProcessSpeed
LINE/v (10,11,12,14,15), 36.843, 25.614, 32.553, -56., 0., gDblProcessSpeed
LINE/t (10,11,12,14,15), 36.843, 23.551, 31.588, -53.049, -0.001, 328/gDblProcessSpeed
LINE/t (10,11,12,14,15), 36.842, 21.539, 30.518, -50.098, -0.001, 328/gDblProcessSpeed
LINE/t (10,11,12,14,15), 36.842, 19.584, 29.345, -47.144, -0.002, 329/gDblProcessSpeed
LINE/t (10,11,12,14,15), 36.841, 17.692, 28.073, -44.19, -0.002, 329/gDblProcessSpeed
LINE/t (10,11,12,14,15), 36.86, 15.842, 26.683, -41.194, -0.003, 333/gDblProcessSpeed
LINE/t (10,11,12,14,15), 36.88, 14.067, 25.201, -38.199, -0.003, 333/gDblProcessSpeed
LINE/t (10,11,12,14,15), 36.901, 12.372, 23.626, -35.203, -0.004, 333/gDblProcessSpeed
LINE/t (10,11,12,14,15), 36.922, 10.761, 21.966, -32.207, -0.004, 333/gDblProcessSpeed
LINE/t (10,11,12,14,15), 36.945, 9.24, 20.224, -29.211, -0.005, 333/gDblProcessSpeed
LINE/t (10,11,12,14,15), 36.968, 7.811, 18.404, -26.215, -0.005, 333/gDblProcessSpeed
LINE/t (10,11,12,14,15), 36.991, 6.48, 16.513, -23.22, -0.006, 333/gDblProcessSpeed
LINE/t (10,11,12,14,15), 37.015, 5.249, 14.554, -20.224, -0.006, 333/gDblProcessSpeed
LINE/t (10,11,12,14,15), 37.04, 4.122, 12.534, -17.228, -0.007, 333/gDblProcessSpeed
LINE/t (10,11,12,14,15), 37.065, 3.102, 10.457, -14.233, -0.007, 333/gDblProcessSpeed
LINE/t (10,11,12,14,15), 37.09, 2.193, 8.33, -11.237, -0.008, 333/gDblProcessSpeed
LINE/t (10,11,12,14,15), 37.116, 1.395, 6.159, -8.242, -0.008, 333/gDblProcessSpeed
LINE/t (10,11,12,14,15), 37.142, 0.712, 3.948, -5.246, -0.008, 333/gDblProcessSpeed
LINE/t (10,11,12,14,15), 37.168, 0.146, 1.706, -2.25, -0.008, 333/gDblProcessSpeed
LINE/t (10,11,12,14,15), 37.188, -0.201, 0.003, 0., -0.008, 252/gDblProcessSpeed
LINE/t (10,11,12,14,15), 37.444, 3.159, -0.169, 0.089, -0.008, 3393/gDblProcessSpeed
LINE/t (10,11,12,14,15), 37.456, 82.026, -1.462, 1.924, -0.008, 79301/gDblProcessSpeed
LINE/v (10,11,12,14,15), 37.336, 82.026, -1.462, 1.924, -0.008, gDblProcessSpeed
LINE/t (10,11,12,14,15), 37.313, 2.886, -0.166, 0.097, -0.008, 79572/gDblProcessSpeed
LINE/t (10,11,12,14,15), 37.045, -0.177, 0.002, 0., -0.008, 3100/gDblProcessSpeed
LINE/t (10,11,12,14,15), 37.017, 0.287, 2.219, -2.933, -0.008, 329/gDblProcessSpeed
LINE/t (10,11,12,14,15), 36.988, 0.875, 4.444, -5.913, -0.008, 333/gDblProcessSpeed
LINE/t (10,11,12,14,15), 36.959, 1.578, 6.634, -8.893, -0.008, 333/gDblProcessSpeed
LINE/t (10,11,12,14,15), 36.932, 2.394, 8.786, -11.872, -0.008, 333/gDblProcessSpeed
LINE/t (10,11,12,14,15), 36.904, 3.32, 10.891, -14.852, -0.007, 333/gDblProcessSpeed
LINE/t (10,11,12,14,15), 36.877, 4.355, 12.945, -17.832, -0.006, 333/gDblProcessSpeed
LINE/t (10,11,12,14,15), 36.85, 5.495, 14.943, -20.811, -0.006, 333/gDblProcessSpeed
LINE/t (10,11,12,14,15), 36.824, 6.737, 16.879, -23.791, -0.005, 333/gDblProcessSpeed
LINE/t (10,11,12,14,15), 36.799, 8.078, 18.748, -26.771, -0.004, 333/gDblProcessSpeed
LINE/t (10,11,12,14,15), 36.774, 9.514, 20.543, -29.751, -0.004, 333/gDblProcessSpeed
LINE/t (10,11,12,14,15), 36.749, 11.042, 22.263, -32.731, -0.003, 333/gDblProcessSpeed
LINE/t (10,11,12,14,15), 36.726, 12.657, 23.9, -35.711, -0.002, 333/gDblProcessSpeed
LINE/t (10,11,12,14,15), 36.704, 14.356, 25.452, -38.693, -0.002, 334/gDblProcessSpeed
LINE/t (10,11,12,14,15), 36.682, 16.134, 26.913, -41.676, -0.001, 334/gDblProcessSpeed
LINE/t (10,11,12,14,15), 36.665, 17.919, 28.233, -44.553, -0.001, 322/gDblProcessSpeed
LINE/t (10,11,12,14,15), 36.665, 19.585, 29.348, -47.151, 0., 291/gDblProcessSpeed
LINE/v (10,11,12,14,15), 36.691, 19.585, 29.348, -47.151, 0., gDblProcessSpeed
LINE/t (10,11,12,14,15), 36.632, 19.771, 29.455, -47.41, 0., 60/gDblProcessSpeed
LINE/t (10,11,12,14,15), 36.637, 21.364, 30.601, -50.342, 0., 679/gDblProcessSpeed
LINE/t (10,11,12,14,15), 36.64, 21.534, 30.716, -50.653, 0., 75/gDblProcessSpeed
LINE/t (10,11,12,14,15), 36.654, 21.587, 30.74, -50.717, 0., 15/gDblProcessSpeed
LINE/t (10,11,12,14,15), 36.699, 21.471, 30.68, -50.556, 0., 45/gDblProcessSpeed
LINE/t (10,11,12,14,15), 36.695, 19.832, 29.533, -47.603, 0., 653/gDblProcessSpeed
LINE/t (10,11,12,14,15), 36.691, 19.585, 29.348, -47.151, 0., 98/gDblProcessSpeed
LINE/v (10,11,12,14,15), 37.021, 19.585, 29.348, -47.151, 0., gDblProcessSpeed
LINE/t (10,11,12,14,15), 37.02, 17.668, 28.058, -44.157, -0.001, 333/gDblProcessSpeed
LINE/t (10,11,12,14,15), 37.038, 15.82, 26.669, -41.164, -0.001, 333/gDblProcessSpeed
LINE/t (10,11,12,14,15), 37.056, 14.048, 25.187, -38.171, -0.002, 333/gDblProcessSpeed
LINE/t (10,11,12,14,15), 37.074, 12.355, 23.613, -35.178, -0.003, 333/gDblProcessSpeed
LINE/t (10,11,12,14,15), 37.094, 10.747, 21.953, -32.184, -0.003, 333/gDblProcessSpeed
LINE/t (10,11,12,14,15), 37.114, 9.227, 20.212, -29.191, -0.004, 333/gDblProcessSpeed
LINE/t (10,11,12,14,15), 37.135, 7.801, 18.393, -26.198, -0.004, 333/gDblProcessSpeed
LINE/t (10,11,12,14,15), 37.156, 6.471, 16.503, -23.205, -0.005, 333/gDblProcessSpeed
LINE/t (10,11,12,14,15), 37.178, 5.242, 14.545, -20.211, -0.006, 333/gDblProcessSpeed
LINE/t (10,11,12,14,15), 37.2, 4.117, 12.527, -17.218, -0.006, 333/gDblProcessSpeed
LINE/t (10,11,12,14,15), 37.223, 3.099, 10.452, -14.225, -0.007, 333/gDblProcessSpeed
LINE/t (10,11,12,14,15), 37.246, 2.19, 8.327, -11.232, -0.008, 333/gDblProcessSpeed
LINE/t (10,11,12,14,15), 37.269, 1.394, 6.157, -8.239, -0.008, 333/gDblProcessSpeed
LINE/t (10,11,12,14,15), 37.293, 0.712, 3.948, -5.246, -0.008, 333/gDblProcessSpeed
LINE/t (10,11,12,14,15), 37.317, 0.146, 1.708, -2.253, -0.008, 333/gDblProcessSpeed
LINE/t (10,11,12,14,15), 37.335, -0.201, 0.003, 0., -0.008, 251/gDblProcessSpeed
LINE/t (10,11,12,14,15), 37.566, 3.153, -0.169, 0.089, -0.008, 3385/gDblProcessSpeed
LINE/t (10,11,12,14,15), 37.578, 82.026, -1.462, 1.924, -0.008, 79308/gDblProcessSpeed
LINE/v (10,11,12,14,15), 37.7, 82.026, -1.462, 1.924, -0.008, gDblProcessSpeed
LINE/t (10,11,12,14,15), 37.677, 2.773, -0.17, 0.107, -0.008, 79683/gDblProcessSpeed
LINE/t (10,11,12,14,15), 37.485, -0.151, -0.037, 0.05, -0.008, 2945/gDblProcessSpeed
LINE/t (10,11,12,14,15), 37.483, -0.166, 0.002, 0., -0.008, 28/gDblProcessSpeed
LINE/t (10,11,12,14,15), 37.482, -0.149, 0.119, -0.154, -0.008, 22/gDblProcessSpeed
LINE/t (10,11,12,14,15), 37.46, 0.33, 2.365, -3.127, -0.008, 331/gDblProcessSpeed
LINE/t (10,11,12,14,15), 37.439, 0.926, 4.588, -6.107, -0.008, 333/gDblProcessSpeed
LINE/t (10,11,12,14,15), 37.417, 1.636, 6.775, -9.087, -0.009, 333/gDblProcessSpeed
LINE/t (10,11,12,14,15), 37.396, 2.458, 8.924, -12.066, -0.008, 333/gDblProcessSpeed
LINE/t (10,11,12,14,15), 37.376, 3.392, 11.026, -15.045, -0.007, 333/gDblProcessSpeed
LINE/t (10,11,12,14,15), 37.355, 4.433, 13.076, -18.025, -0.007, 333/gDblProcessSpeed
LINE/t (10,11,12,14,15), 37.335, 5.579, 15.07, -21.004, -0.006, 333/gDblProcessSpeed
LINE/t (10,11,12,14,15), 37.316, 6.828, 17.002, -23.984, -0.006, 333/gDblProcessSpeed
LINE/t (10,11,12,14,15), 37.296, 8.175, 18.866, -26.963, -0.005, 333/gDblProcessSpeed
LINE/t (10,11,12,14,15), 37.278, 9.617, 20.656, -29.943, -0.005, 333/gDblProcessSpeed
LINE/t (10,11,12,14,15), 37.26, 11.151, 22.371, -32.923, -0.004, 333/gDblProcessSpeed
LINE/t (10,11,12,14,15), 37.242, 12.771, 24.002, -35.903, -0.004, 333/gDblProcessSpeed
LINE/t (10,11,12,14,15), 37.225, 14.475, 25.548, -38.884, -0.003, 333/gDblProcessSpeed
LINE/t (10,11,12,14,15), 37.209, 16.257, 27.003, -41.865, -0.003, 333/gDblProcessSpeed
LINE/t (10,11,12,14,15), 37.197, 18.084, 28.343, -44.802, -0.002, 328/gDblProcessSpeed
LINE/t (10,11,12,14,15), 37.197, 19.978, 29.588, -47.739, -0.001, 328/gDblProcessSpeed
LINE/t (10,11,12,14,15), 37.198, 21.932, 30.735, -50.677, -0.001, 328/gDblProcessSpeed
LINE/t (10,11,12,14,15), 37.198, 23.943, 31.78, -53.614, 0., 328/gDblProcessSpeed
LINE/t (10,11,12,14,15), 37.199, 25.614, 32.553, -56., 0., 267/gDblProcessSpeed
LINE/t (10,11,12,14,15), 37.365, 24.004, 31.812, -53.705, 0., 304/gDblProcessSpeed
LINE/t (10,11,12,14,15), 37.373, 22.394, 30.776, -50.814, 0., 694/gDblProcessSpeed
LINE/t (10,11,12,14,15), 37.388, 22.628, 30.933, -51.233, 0., 98/gDblProcessSpeed
LINE/t (10,11,12,14,15), 37.388, 24.004, 31.812, -53.705, 0., 597/gDblProcessSpeed
LINE/v (10,11,12,14,15), 37.721, 24.004, 31.812, -53.705, 0., gDblProcessSpeed
LINE/t (10,11,12,14,15), 37.729, 22.394, 30.776, -50.814, 0., 694/gDblProcessSpeed
LINE/t (10,11,12,14,15), 37.743, 22.628, 30.933, -51.233, 0., 98/gDblProcessSpeed
LINE/t (10,11,12,14,15), 37.743, 24.004, 31.812, -53.705, 0., 597/gDblProcessSpeed
LINE/v (10,11,12,14,15), 38.432, 24.004, 31.812, -53.705, 0., gDblProcessSpeed
LINE/t (10,11,12,14,15), 38.44, 22.394, 30.776, -50.814, 0., 694/gDblProcessSpeed
LINE/t (10,11,12,14,15), 38.454, 22.628, 30.933, -51.233, 0., 98/gDblProcessSpeed
LINE/t (10,11,12,14,15), 38.454, 24.004, 31.812, -53.705, 0., 597/gDblProcessSpeed
LINE/v (10,11,12,14,15), 39.143, 24.004, 31.812, -53.705, 0., gDblProcessSpeed
LINE/t (10,11,12,14,15), 39.151, 22.394, 30.776, -50.814, 0., 694/gDblProcessSpeed
LINE/t (10,11,12,14,15), 39.166, 22.628, 30.933, -51.233, 0., 98/gDblProcessSpeed
LINE/t (10,11,12,14,15), 39.166, 24.004, 31.812, -53.705, 0., 597/gDblProcessSpeed
LINE/v (10,11,12,14,15), 39.854, 24.004, 31.812, -53.705, 0., gDblProcessSpeed
LINE/t (10,11,12,14,15), 39.862, 22.394, 30.776, -50.814, 0., 694/gDblProcessSpeed
LINE/t (10,11,12,14,15), 39.877, 22.628, 30.933, -51.233, 0., 98/gDblProcessSpeed
LINE/t (10,11,12,14,15), 39.877, 24.004, 31.812, -53.705, 0., 597/gDblProcessSpeed
LINE/v (10,11,12,14,15), 40.21, 24.004, 31.812, -53.705, 0., gDblProcessSpeed
LINE/t (10,11,12,14,15), 40.218, 22.394, 30.776, -50.814, 0., 694/gDblProcessSpeed
LINE/t (10,11,12,14,15), 40.232, 22.628, 30.933, -51.233, 0., 98/gDblProcessSpeed
LINE/t (10,11,12,14,15), 40.232, 24.004, 31.812, -53.705, 0., 597/gDblProcessSpeed
LINE/t (10,11,12,14,15), 40.221, 24.242, 31.926, -54.047, 0., 39/gDblProcessSpeed
LINE/t (10,11,12,14,15), 40.221, 26.309, 32.848, -56.978, 0., 325/gDblProcessSpeed
LINE/t (10,11,12,14,15), 40.221, 28.421, 33.663, -59.91, 0., 325/gDblProcessSpeed
LINE/t (10,11,12,14,15), 40.221, 30.571, 34.371, -62.841, 0., 325/gDblProcessSpeed
LINE/t (10,11,12,14,15), 40.221, 32.756, 34.968, -65.773, 0., 325/gDblProcessSpeed
LINE/t (10,11,12,14,15), 40.221, 34.967, 35.45, -68.704, 0., 325/gDblProcessSpeed
LINE/t (10,11,12,14,15), 40.221, 37.201, 35.819, -71.636, 0., 325/gDblProcessSpeed
LINE/t (10,11,12,14,15), 40.221, 38.099, 35.937, -72.808, 0., 130/gDblProcessSpeed
LINE/t (10,11,12,14,15), 40.263, 36.491, 35.703, -70.708, 0., 236/gDblProcessSpeed
LINE/t (10,11,12,14,15), 40.305, 34.893, 35.42, -68.607, 0., 236/gDblProcessSpeed
LINE/t (10,11,12,14,15), 40.346, 33.307, 35.086, -66.506, 0., 236/gDblProcessSpeed
LINE/t (10,11,12,14,15), 40.388, 31.733, 34.704, -64.406, 0., 236/gDblProcessSpeed
LINE/t (10,11,12,14,15), 40.388, 29.801, 34.05, -61.473, 0., 562/gDblProcessSpeed
LINE/t (10,11,12,14,15), 40.394, 28.88, 33.692, -60.057, 0., 272/gDblProcessSpeed
LINE/t (10,11,12,14,15), 40.396, 28.893, 33.676, -60.003, 0., 59/gDblProcessSpeed
LINE/t (10,11,12,14,15), 40.41, 28.838, 33.67, -59.972, 0., 32/gDblProcessSpeed
LINE/t (10,11,12,14,15), 40.41, 30.76, 34.389, -62.928, 0., 576/gDblProcessSpeed
LINE/t (10,11,12,14,15), 40.41, 31.733, 34.704, -64.406, 0., 288/gDblProcessSpeed
LINE/v (10,11,12,14,15), 40.743, 31.733, 34.704, -64.406, 0., gDblProcessSpeed
LINE/t (10,11,12,14,15), 40.743, 29.801, 34.05, -61.473, 0., 562/gDblProcessSpeed
LINE/t (10,11,12,14,15), 40.749, 28.88, 33.692, -60.057, 0., 272/gDblProcessSpeed
LINE/t (10,11,12,14,15), 40.751, 28.893, 33.676, -60.003, 0., 59/gDblProcessSpeed
LINE/t (10,11,12,14,15), 40.766, 28.838, 33.67, -59.972, 0., 32/gDblProcessSpeed
LINE/t (10,11,12,14,15), 40.766, 30.76, 34.389, -62.928, 0., 576/gDblProcessSpeed
LINE/t (10,11,12,14,15), 40.766, 31.733, 34.704, -64.406, 0., 288/gDblProcessSpeed
LINE/v (10,11,12,14,15), 39.699, 31.733, 34.704, -64.406, 0., gDblProcessSpeed
LINE/t (10,11,12,14,15), 39.699, 29.801, 34.05, -61.473, 0., 562/gDblProcessSpeed
LINE/t (10,11,12,14,15), 39.693, 28.88, 33.692, -60.057, 0., 272/gDblProcessSpeed
LINE/t (10,11,12,14,15), 39.691, 28.893, 33.676, -60.003, 0., 59/gDblProcessSpeed
LINE/t (10,11,12,14,15), 39.677, 28.838, 33.67, -59.972, 0., 32/gDblProcessSpeed
LINE/t (10,11,12,14,15), 39.677, 30.76, 34.389, -62.928, 0., 576/gDblProcessSpeed
LINE/t (10,11,12,14,15), 39.677, 31.733, 34.704, -64.406, 0., 288/gDblProcessSpeed
LINE/v (10,11,12,14,15), 38.988, 31.733, 34.704, -64.406, 0., gDblProcessSpeed
LINE/t (10,11,12,14,15), 38.988, 29.801, 34.05, -61.473, 0., 562/gDblProcessSpeed
LINE/t (10,11,12,14,15), 38.982, 28.88, 33.692, -60.057, 0., 272/gDblProcessSpeed
LINE/t (10,11,12,14,15), 38.98, 28.893, 33.676, -60.003, 0., 59/gDblProcessSpeed
LINE/t (10,11,12,14,15), 38.965, 28.838, 33.67, -59.972, 0., 32/gDblProcessSpeed
LINE/t (10,11,12,14,15), 38.965, 30.76, 34.389, -62.928, 0., 576/gDblProcessSpeed
LINE/t (10,11,12,14,15), 38.965, 31.733, 34.704, -64.406, 0., 288/gDblProcessSpeed
LINE/v (10,11,12,14,15), 38.277, 31.733, 34.704, -64.406, 0., gDblProcessSpeed
LINE/t (10,11,12,14,15), 38.277, 29.801, 34.05, -61.473, 0., 562/gDblProcessSpeed
LINE/t (10,11,12,14,15), 38.271, 28.88, 33.692, -60.057, 0., 272/gDblProcessSpeed
LINE/t (10,11,12,14,15), 38.269, 28.893, 33.676, -60.003, 0., 59/gDblProcessSpeed
LINE/t (10,11,12,14,15), 38.254, 28.838, 33.67, -59.972, 0., 32/gDblProcessSpeed
LINE/t (10,11,12,14,15), 38.254, 30.76, 34.389, -62.928, 0., 576/gDblProcessSpeed
LINE/t (10,11,12,14,15), 38.254, 31.733, 34.704, -64.406, 0., 288/gDblProcessSpeed
LINE/v (10,11,12,14,15), 36.854, 31.733, 34.704, -64.406, 0., gDblProcessSpeed
LINE/t (10,11,12,14,15), 36.854, 29.801, 34.05, -61.473, 0., 562/gDblProcessSpeed
LINE/t (10,11,12,14,15), 36.848, 28.88, 33.692, -60.057, 0., 272/gDblProcessSpeed
LINE/t (10,11,12,14,15), 36.846, 28.893, 33.676, -60.003, 0., 59/gDblProcessSpeed
LINE/t (10,11,12,14,15), 36.832, 28.838, 33.67, -59.972, 0., 32/gDblProcessSpeed
LINE/t (10,11,12,14,15), 36.832, 30.76, 34.389, -62.928, 0., 576/gDblProcessSpeed
LINE/t (10,11,12,14,15), 36.832, 31.733, 34.704, -64.406, 0., 288/gDblProcessSpeed
LINE/t (10,11,12,14,15), 36.843, 32.084, 34.797, -64.876, 0., 53/gDblProcessSpeed
LINE/t (10,11,12,14,15), 36.843, 34.321, 35.321, -67.851, 0., 330/gDblProcessSpeed
LINE/t (10,11,12,14,15), 36.843, 36.581, 35.73, -70.825, 0., 330/gDblProcessSpeed
LINE/t (10,11,12,14,15), 36.843, 38.099, 35.937, -72.808, 0., 220/gDblProcessSpeed
LINE/v (10,11,12,14,15), 36.665, 38.099, 35.937, -72.808, 0., gDblProcessSpeed
LINE/t (10,11,12,14,15), 36.665, 35.858, 35.612, -69.877, 0., 325/gDblProcessSpeed
LINE/t (10,11,12,14,15), 36.665, 33.637, 35.173, -66.945, 0., 325/gDblProcessSpeed
LINE/t (10,11,12,14,15), 36.665, 31.441, 34.622, -64.014, 0., 325/gDblProcessSpeed
LINE/t (10,11,12,14,15), 36.665, 29.277, 33.961, -61.082, 0., 325/gDblProcessSpeed
LINE/t (10,11,12,14,15), 36.665, 27.149, 33.187, -58.151, 0., 325/gDblProcessSpeed
LINE/t (10,11,12,14,15), 36.665, 25.063, 32.307, -55.219, 0., 325/gDblProcessSpeed
LINE/t (10,11,12,14,15), 36.665, 24.242, 31.926, -54.047, 0., 130/gDblProcessSpeed
LINE/t (10,11,12,14,15), 36.676, 24.004, 31.812, -53.705, 0., 39/gDblProcessSpeed
LINE/t (10,11,12,14,15), 36.668, 22.394, 30.776, -50.814, 0., 694/gDblProcessSpeed
LINE/t (10,11,12,14,15), 36.654, 22.628, 30.933, -51.233, 0., 98/gDblProcessSpeed
LINE/t (10,11,12,14,15), 36.654, 24.004, 31.812, -53.705, 0., 597/gDblProcessSpeed
LINE/t (10,11,12,14,15), 36.513, 25.614, 32.553, -56., 0., 291/gDblProcessSpeed
LINE/t (10,11,12,14,15), 36.454, 25.863, 32.651, -56.322, 0., 61/gDblProcessSpeed
LINE/t (10,11,12,14,15), 36.454, 27.78, 33.504, -59.319, 0., 565/gDblProcessSpeed
LINE/t (10,11,12,14,15), 36.46, 28.959, 33.961, -61.129, 0., 341/gDblProcessSpeed
LINE/t (10,11,12,14,15), 36.462, 29.009, 33.993, -61.265, 0., 64/gDblProcessSpeed
LINE/t (10,11,12,14,15), 36.491, 29.07, 34.009, -61.329, 0., 30/gDblProcessSpeed
LINE/t (10,11,12,14,15), 36.521, 28.959, 33.971, -61.171, 0., 37/gDblProcessSpeed
LINE/t (10,11,12,14,15), 36.521, 27.033, 33.201, -58.208, 0., 555/gDblProcessSpeed
LINE/t (10,11,12,14,15), 36.513, 25.614, 32.553, -56., 0., 401/gDblProcessSpeed
LINE/v (10,11,12,14,15), 36.487, 25.614, 32.553, -56., 0., gDblProcessSpeed
LINE/t (10,11,12,14,15), 36.487, 23.553, 31.589, -53.052, -0.001, 328/gDblProcessSpeed
LINE/t (10,11,12,14,15), 36.487, 21.543, 30.52, -50.103, -0.001, 328/gDblProcessSpeed
LINE/t (10,11,12,14,15), 36.486, 19.59, 29.348, -47.151, -0.002, 329/gDblProcessSpeed
LINE/t (10,11,12,14,15), 36.486, 17.699, 28.077, -44.199, -0.002, 329/gDblProcessSpeed
LINE/t (10,11,12,14,15), 36.508, 15.848, 26.687, -41.203, -0.003, 334/gDblProcessSpeed
LINE/t (10,11,12,14,15), 36.532, 14.073, 25.205, -38.206, -0.003, 334/gDblProcessSpeed
LINE/t (10,11,12,14,15), 36.556, 12.377, 23.63, -35.21, -0.004, 334/gDblProcessSpeed
LINE/t (10,11,12,14,15), 36.582, 10.766, 21.97, -32.214, -0.004, 334/gDblProcessSpeed
LINE/t (10,11,12,14,15), 36.608, 9.244, 20.228, -29.217, -0.005, 334/gDblProcessSpeed
LINE/t (10,11,12,14,15), 36.635, 7.815, 18.408, -26.221, -0.005, 334/gDblProcessSpeed
LINE/t (10,11,12,14,15), 36.663, 6.483, 16.516, -23.225, -0.006, 334/gDblProcessSpeed
LINE/t (10,11,12,14,15), 36.691, 5.252, 14.557, -20.229, -0.006, 334/gDblProcessSpeed
LINE/t (10,11,12,14,15), 36.72, 4.125, 12.537, -17.233, -0.007, 334/gDblProcessSpeed
LINE/t (10,11,12,14,15), 36.75, 3.104, 10.46, -14.236, -0.007, 334/gDblProcessSpeed
LINE/t (10,11,12,14,15), 36.78, 2.194, 8.333, -11.24, -0.008, 334/gDblProcessSpeed
LINE/t (10,11,12,14,15), 36.81, 1.396, 6.161, -8.244, -0.009, 334/gDblProcessSpeed
LINE/t (10,11,12,14,15), 36.841, 0.713, 3.95, -5.248, -0.009, 334/gDblProcessSpeed
LINE/t (10,11,12,14,15), 36.872, 0.146, 1.707, -2.252, -0.009, 334/gDblProcessSpeed
LINE/t (10,11,12,14,15), 36.896, -0.201, 0.003, 0., -0.009, 252/gDblProcessSpeed
LINE/t (10,11,12,14,15), 37.203, 3.195, -0.171, 0.09, -0.009, 3433/gDblProcessSpeed
LINE/t (10,11,12,14,15), 37.215, 82.026, -1.462, 1.924, -0.009, 79265/gDblProcessSpeed
LINE/v (10,11,12,14,15), 37.093, 82.026, -1.462, 1.924, -0.009, gDblProcessSpeed
LINE/t (10,11,12,14,15), 37.069, 2.96, -0.17, 0.099, -0.009, 79497/gDblProcessSpeed
LINE/t (10,11,12,14,15), 36.751, -0.176, 0.002, 0., -0.009, 3179/gDblProcessSpeed
LINE/t (10,11,12,14,15), 36.718, 0.289, 2.223, -2.938, -0.009, 330/gDblProcessSpeed
LINE/t (10,11,12,14,15), 36.685, 0.877, 4.448, -5.918, -0.009, 334/gDblProcessSpeed
LINE/t (10,11,12,14,15), 36.652, 1.58, 6.637, -8.897, -0.008, 334/gDblProcessSpeed
LINE/t (10,11,12,14,15), 36.62, 2.396, 8.789, -11.877, -0.008, 334/gDblProcessSpeed
LINE/t (10,11,12,14,15), 36.588, 3.322, 10.893, -14.856, -0.007, 334/gDblProcessSpeed
LINE/t (10,11,12,14,15), 36.556, 4.357, 12.948, -17.836, -0.006, 334/gDblProcessSpeed
LINE/t (10,11,12,14,15), 36.525, 5.497, 14.945, -20.815, -0.006, 334/gDblProcessSpeed
LINE/t (10,11,12,14,15), 36.495, 6.739, 16.881, -23.795, -0.005, 334/gDblProcessSpeed
LINE/t (10,11,12,14,15), 36.465, 8.08, 18.75, -26.774, -0.004, 334/gDblProcessSpeed
LINE/t (10,11,12,14,15), 36.436, 9.516, 20.545, -29.754, -0.004, 334/gDblProcessSpeed
LINE/t (10,11,12,14,15), 36.408, 11.044, 22.265, -32.734, -0.003, 334/gDblProcessSpeed
LINE/t (10,11,12,14,15), 36.381, 12.66, 23.901, -35.714, -0.002, 334/gDblProcessSpeed
LINE/t (10,11,12,14,15), 36.355, 14.358, 25.453, -38.696, -0.002, 334/gDblProcessSpeed
LINE/t (10,11,12,14,15), 36.329, 16.136, 26.915, -41.679, -0.001, 334/gDblProcessSpeed
LINE/t (10,11,12,14,15), 36.309, 17.921, 28.235, -44.556, -0.001, 322/gDblProcessSpeed
LINE/t (10,11,12,14,15), 36.31, 19.585, 29.348, -47.151, 0., 291/gDblProcessSpeed
LINE/v (10,11,12,14,15), 36.335, 19.585, 29.348, -47.151, 0., gDblProcessSpeed
LINE/t (10,11,12,14,15), 36.276, 19.771, 29.455, -47.41, 0., 60/gDblProcessSpeed
LINE/t (10,11,12,14,15), 36.281, 21.364, 30.601, -50.342, 0., 679/gDblProcessSpeed
LINE/t (10,11,12,14,15), 36.284, 21.534, 30.716, -50.653, 0., 75/gDblProcessSpeed
LINE/t (10,11,12,14,15), 36.299, 21.587, 30.74, -50.717, 0., 15/gDblProcessSpeed
LINE/t (10,11,12,14,15), 36.343, 21.471, 30.68, -50.556, 0., 45/gDblProcessSpeed
LINE/t (10,11,12,14,15), 36.339, 19.832, 29.533, -47.603, 0., 653/gDblProcessSpeed
LINE/t (10,11,12,14,15), 36.335, 19.585, 29.348, -47.151, 0., 98/gDblProcessSpeed
LINE/t (10,11,12,14,15), 35.988, 19.654, 29.392, -47.257, 0., 348/gDblProcessSpeed
LINE/t (10,11,12,14,15), 35.921, 19.861, 29.503, -47.528, 0., 67/gDblProcessSpeed
LINE/t (10,11,12,14,15), 35.928, 21.404, 30.642, -50.456, 0., 729/gDblProcessSpeed
LINE/t (10,11,12,14,15), 35.929, 21.449, 30.675, -50.546, 0., 25/gDblProcessSpeed
LINE/t (10,11,12,14,15), 35.943, 21.496, 30.696, -50.6, 0., 15/gDblProcessSpeed
LINE/t (10,11,12,14,15), 35.988, 21.4, 30.645, -50.465, 0., 45/gDblProcessSpeed
LINE/t (10,11,12,14,15), 35.988, 19.82, 29.517, -47.564, 0., 670/gDblProcessSpeed
LINE/t (10,11,12,14,15), 35.988, 19.654, 29.392, -47.257, 0., 69/gDblProcessSpeed
LINE/t (10,11,12,14,15), 35.954, 19.585, 29.348, -47.151, 0., 36/gDblProcessSpeed
LINE/t (10,11,12,14,15), 35.954, 17.673, 28.061, -44.165, -0.001, 333/gDblProcessSpeed
LINE/t (10,11,12,14,15), 35.981, 15.826, 26.672, -41.171, -0.001, 334/gDblProcessSpeed
LINE/t (10,11,12,14,15), 36.01, 14.053, 25.19, -38.178, -0.002, 334/gDblProcessSpeed
LINE/t (10,11,12,14,15), 36.04, 12.36, 23.616, -35.184, -0.003, 334/gDblProcessSpeed
LINE/t (10,11,12,14,15), 36.071, 10.752, 21.957, -32.19, -0.003, 334/gDblProcessSpeed
LINE/t (10,11,12,14,15), 36.103, 9.232, 20.215, -29.197, -0.004, 334/gDblProcessSpeed
LINE/t (10,11,12,14,15), 36.137, 7.806, 18.396, -26.203, -0.004, 334/gDblProcessSpeed
LINE/t (10,11,12,14,15), 36.171, 6.476, 16.507, -23.21, -0.005, 334/gDblProcessSpeed
LINE/t (10,11,12,14,15), 36.206, 5.246, 14.548, -20.216, -0.006, 334/gDblProcessSpeed
LINE/t (10,11,12,14,15), 36.241, 4.121, 12.53, -17.223, -0.006, 334/gDblProcessSpeed
LINE/t (10,11,12,14,15), 36.277, 3.102, 10.455, -14.23, -0.007, 334/gDblProcessSpeed
LINE/t (10,11,12,14,15), 36.314, 2.193, 8.33, -11.236, -0.008, 334/gDblProcessSpeed
LINE/t (10,11,12,14,15), 36.351, 1.396, 6.16, -8.243, -0.008, 334/gDblProcessSpeed
LINE/t (10,11,12,14,15), 36.389, 0.714, 3.951, -5.25, -0.008, 334/gDblProcessSpeed
LINE/t (10,11,12,14,15), 36.427, 0.148, 1.71, -2.256, -0.008, 334/gDblProcessSpeed
LINE/t (10,11,12,14,15), 36.456, -0.2, 0.003, 0., -0.008, 253/gDblProcessSpeed
LINE/t (10,11,12,14,15), 36.84, 3.227, -0.173, 0.092, -0.008, 3473/gDblProcessSpeed
LINE/t (10,11,12,14,15), 36.851, 82.026, -1.462, 1.924, -0.008, 79232/gDblProcessSpeed
LINE/v (10,11,12,14,15), 36.971, 82.026, -1.462, 1.924, -0.008, gDblProcessSpeed
LINE/t (10,11,12,14,15), 36.948, 2.998, -0.172, 0.1, -0.008, 79460/gDblProcessSpeed
LINE/t (10,11,12,14,15), 36.604, -0.176, 0.002, 0., -0.008, 3219/gDblProcessSpeed
LINE/t (10,11,12,14,15), 36.569, 0.29, 2.225, -2.941, -0.008, 330/gDblProcessSpeed
LINE/t (10,11,12,14,15), 36.533, 0.88, 4.454, -5.926, -0.008, 334/gDblProcessSpeed
LINE/t (10,11,12,14,15), 36.498, 1.585, 6.647, -8.911, -0.008, 334/gDblProcessSpeed
LINE/t (10,11,12,14,15), 36.463, 2.404, 8.803, -11.896, -0.008, 334/gDblProcessSpeed
LINE/t (10,11,12,14,15), 36.429, 3.334, 10.911, -14.881, -0.007, 334/gDblProcessSpeed
LINE/t (10,11,12,14,15), 36.395, 4.372, 12.969, -17.866, -0.007, 334/gDblProcessSpeed
LINE/t (10,11,12,14,15), 36.362, 5.516, 14.969, -20.851, -0.006, 334/gDblProcessSpeed
LINE/t (10,11,12,14,15), 36.329, 6.762, 16.907, -23.836, -0.006, 334/gDblProcessSpeed
LINE/t (10,11,12,14,15), 36.297, 8.108, 18.779, -26.821, -0.005, 334/gDblProcessSpeed
LINE/t (10,11,12,14,15), 36.266, 9.549, 20.576, -29.807, -0.005, 334/gDblProcessSpeed
LINE/t (10,11,12,14,15), 36.236, 11.082, 22.298, -32.792, -0.004, 334/gDblProcessSpeed
LINE/t (10,11,12,14,15), 36.207, 12.702, 23.935, -35.778, -0.004, 334/gDblProcessSpeed
LINE/t (10,11,12,14,15), 36.179, 14.407, 25.489, -38.766, -0.003, 334/gDblProcessSpeed
LINE/t (10,11,12,14,15), 36.152, 16.191, 26.95, -41.754, -0.003, 334/gDblProcessSpeed
LINE/t (10,11,12,14,15), 36.13, 17.978, 28.269, -44.633, -0.002, 322/gDblProcessSpeed
LINE/t (10,11,12,14,15), 36.131, 19.865, 29.518, -47.566, -0.002, 328/gDblProcessSpeed
LINE/t (10,11,12,14,15), 36.131, 21.813, 30.669, -50.5, -0.001, 328/gDblProcessSpeed
LINE/t (10,11,12,14,15), 36.131, 23.818, 31.719, -53.434, 0., 328/gDblProcessSpeed
LINE/t (10,11,12,14,15), 36.132, 25.614, 32.553, -56., 0., 287/gDblProcessSpeed
LINE/v (10,11,12,14,15), 36.106, 25.614, 32.553, -56., 0., gDblProcessSpeed
LINE/t (10,11,12,14,15), 36.098, 27.494, 33.398, -58.922, 0., 535/gDblProcessSpeed
LINE/t (10,11,12,14,15), 36.106, 28.955, 33.972, -61.181, 0., 434/gDblProcessSpeed
LINE/t (10,11,12,14,15), 36.121, 28.923, 33.966, -61.158, 0., 20/gDblProcessSpeed
LINE/t (10,11,12,14,15), 36.165, 28.904, 33.958, -61.125, 0., 45/gDblProcessSpeed
LINE/t (10,11,12,14,15), 36.165, 28.91, 33.956, -61.113, 0., 15/gDblProcessSpeed
LINE/t (10,11,12,14,15), 36.165, 27.01, 33.184, -58.144, 0., 585/gDblProcessSpeed
LINE/t (10,11,12,14,15), 36.157, 25.826, 32.632, -56.259, 0., 371/gDblProcessSpeed
LINE/t (10,11,12,14,15), 36.106, 25.614, 32.553, -56., 0., 51/gDblProcessSpeed
LINE/t (10,11,12,14,15), 35.954, 24.242, 31.926, -54.047, 0., 265/gDblProcessSpeed
LINE/t (10,11,12,14,15), 35.954, 26.309, 32.848, -56.978, 0., 325/gDblProcessSpeed
LINE/t (10,11,12,14,15), 35.954, 28.421, 33.663, -59.91, 0., 325/gDblProcessSpeed
LINE/t (10,11,12,14,15), 35.954, 30.571, 34.371, -62.841, 0., 325/gDblProcessSpeed
LINE/t (10,11,12,14,15), 35.954, 32.756, 34.968, -65.773, 0., 325/gDblProcessSpeed
LINE/t (10,11,12,14,15), 35.954, 34.967, 35.45, -68.704, 0., 325/gDblProcessSpeed
LINE/t (10,11,12,14,15), 35.954, 37.201, 35.819, -71.636, 0., 325/gDblProcessSpeed
LINE/t (10,11,12,14,15), 35.954, 38.099, 35.937, -72.808, 0., 130/gDblProcessSpeed
LINE/v (10,11,12,14,15), 36.132, 38.099, 35.937, -72.808, 0., gDblProcessSpeed
LINE/t (10,11,12,14,15), 36.132, 35.826, 35.606, -69.834, 0., 330/gDblProcessSpeed
LINE/t (10,11,12,14,15), 36.132, 33.572, 35.16, -66.859, 0., 330/gDblProcessSpeed
LINE/t (10,11,12,14,15), 36.132, 32.084, 34.797, -64.876, 0., 220/gDblProcessSpeed
LINE/t (10,11,12,14,15), 36.121, 31.733, 34.704, -64.406, 0., 53/gDblProcessSpeed
LINE/t (10,11,12,14,15), 36.121, 29.801, 34.05, -61.473, 0., 562/gDblProcessSpeed
LINE/t (10,11,12,14,15), 36.127, 28.88, 33.692, -60.057, 0., 272/gDblProcessSpeed
LINE/t (10,11,12,14,15), 36.129, 28.893, 33.676, -60.003, 0., 59/gDblProcessSpeed
LINE/t (10,11,12,14,15), 36.143, 28.838, 33.67, -59.972, 0., 32/gDblProcessSpeed
LINE/t (10,11,12,14,15), 36.143, 30.76, 34.389, -62.928, 0., 576/gDblProcessSpeed
LINE/t (10,11,12,14,15), 36.143, 31.733, 34.704, -64.406, 0., 288/gDblProcessSpeed
LINE/v (10,11,12,14,15), 36.476, 31.733, 34.704, -64.406, 0., gDblProcessSpeed
LINE/t (10,11,12,14,15), 36.476, 29.801, 34.05, -61.473, 0., 562/gDblProcessSpeed
LINE/t (10,11,12,14,15), 36.482, 28.88, 33.692, -60.057, 0., 272/gDblProcessSpeed
LINE/t (10,11,12,14,15), 36.484, 28.893, 33.676, -60.003, 0., 59/gDblProcessSpeed
LINE/t (10,11,12,14,15), 36.499, 28.838, 33.67, -59.972, 0., 32/gDblProcessSpeed
LINE/t (10,11,12,14,15), 36.499, 30.76, 34.389, -62.928, 0., 576/gDblProcessSpeed
LINE/t (10,11,12,14,15), 36.499, 31.733, 34.704, -64.406, 0., 288/gDblProcessSpeed
LINE/t (10,11,12,14,15), 36.487, 32.084, 34.797, -64.876, 0., 53/gDblProcessSpeed
LINE/t (10,11,12,14,15), 36.487, 34.321, 35.321, -67.851, 0., 330/gDblProcessSpeed
LINE/t (10,11,12,14,15), 36.487, 36.581, 35.73, -70.825, 0., 330/gDblProcessSpeed
LINE/t (10,11,12,14,15), 36.487, 38.099, 35.937, -72.808, 0., 220/gDblProcessSpeed
LINE/v (10,11,12,14,15), 36.31, 38.099, 35.937, -72.808, 0., gDblProcessSpeed
LINE/t (10,11,12,14,15), 36.31, 35.858, 35.612, -69.877, 0., 325/gDblProcessSpeed
LINE/t (10,11,12,14,15), 36.31, 33.637, 35.173, -66.945, 0., 325/gDblProcessSpeed
LINE/t (10,11,12,14,15), 36.31, 31.441, 34.622, -64.014, 0., 325/gDblProcessSpeed
LINE/t (10,11,12,14,15), 36.31, 29.277, 33.961, -61.082, 0., 325/gDblProcessSpeed
LINE/t (10,11,12,14,15), 36.31, 27.149, 33.187, -58.151, 0., 325/gDblProcessSpeed
LINE/t (10,11,12,14,15), 36.31, 25.063, 32.307, -55.219, 0., 325/gDblProcessSpeed
LINE/t (10,11,12,14,15), 36.31, 24.242, 31.926, -54.047, 0., 130/gDblProcessSpeed
LINE/t (10,11,12,14,15), 36.321, 24.004, 31.812, -53.705, 0., 39/gDblProcessSpeed
LINE/t (10,11,12,14,15), 36.313, 22.394, 30.776, -50.814, 0., 694/gDblProcessSpeed
LINE/t (10,11,12,14,15), 36.298, 22.628, 30.933, -51.233, 0., 98/gDblProcessSpeed
LINE/t (10,11,12,14,15), 36.298, 24.004, 31.812, -53.705, 0., 597/gDblProcessSpeed
LINE/v (10,11,12,14,15), 35.965, 24.004, 31.812, -53.705, 0., gDblProcessSpeed
LINE/t (10,11,12,14,15), 35.957, 22.394, 30.776, -50.814, 0., 694/gDblProcessSpeed
LINE/t (10,11,12,14,15), 35.943, 22.628, 30.933, -51.233, 0., 98/gDblProcessSpeed
LINE/t (10,11,12,14,15), 35.943, 24.004, 31.812, -53.705, 0., 597/gDblProcessSpeed
LINE/t (10,11,12,14,15), 35.802, 25.614, 32.553, -56., 0., 291/gDblProcessSpeed
LINE/t (10,11,12,14,15), 35.743, 25.863, 32.651, -56.322, 0., 61/gDblProcessSpeed
LINE/t (10,11,12,14,15), 35.743, 27.78, 33.504, -59.319, 0., 565/gDblProcessSpeed
LINE/t (10,11,12,14,15), 35.749, 28.959, 33.961, -61.129, 0., 341/gDblProcessSpeed
LINE/t (10,11,12,14,15), 35.751, 29.009, 33.993, -61.265, 0., 64/gDblProcessSpeed
LINE/t (10,11,12,14,15), 35.78, 29.07, 34.009, -61.329, 0., 30/gDblProcessSpeed
LINE/t (10,11,12,14,15), 35.809, 28.959, 33.971, -61.171, 0., 37/gDblProcessSpeed
LINE/t (10,11,12,14,15), 35.81, 27.033, 33.201, -58.208, 0., 555/gDblProcessSpeed
LINE/t (10,11,12,14,15), 35.802, 25.614, 32.553, -56., 0., 401/gDblProcessSpeed
LINE/v (10,11,12,14,15), 35.776, 25.614, 32.553, -56., 0., gDblProcessSpeed
LINE/t (10,11,12,14,15), 35.776, 23.557, 31.591, -53.058, -0.001, 328/gDblProcessSpeed
LINE/t (10,11,12,14,15), 35.775, 21.553, 30.525, -50.115, -0.001, 328/gDblProcessSpeed
LINE/t (10,11,12,14,15), 35.775, 19.602, 29.355, -47.168, -0.002, 329/gDblProcessSpeed
LINE/t (10,11,12,14,15), 35.775, 17.715, 28.086, -44.221, -0.002, 329/gDblProcessSpeed
LINE/t (10,11,12,14,15), 35.804, 15.863, 26.697, -41.223, -0.003, 334/gDblProcessSpeed
LINE/t (10,11,12,14,15), 35.835, 14.087, 25.214, -38.225, -0.003, 334/gDblProcessSpeed
LINE/t (10,11,12,14,15), 35.867, 12.39, 23.64, -35.228, -0.004, 334/gDblProcessSpeed
LINE/t (10,11,12,14,15), 35.9, 10.777, 21.979, -32.23, -0.004, 334/gDblProcessSpeed
LINE/t (10,11,12,14,15), 35.934, 9.254, 20.236, -29.232, -0.005, 334/gDblProcessSpeed
LINE/t (10,11,12,14,15), 35.969, 7.824, 18.416, -26.234, -0.005, 334/gDblProcessSpeed
LINE/t (10,11,12,14,15), 36.006, 6.491, 16.524, -23.237, -0.006, 334/gDblProcessSpeed
LINE/t (10,11,12,14,15), 36.043, 5.258, 14.564, -20.239, -0.006, 334/gDblProcessSpeed
LINE/t (10,11,12,14,15), 36.08, 4.13, 12.543, -17.242, -0.007, 334/gDblProcessSpeed
LINE/t (10,11,12,14,15), 36.119, 3.109, 10.465, -14.244, -0.008, 334/gDblProcessSpeed
LINE/t (10,11,12,14,15), 36.158, 2.198, 8.338, -11.247, -0.008, 334/gDblProcessSpeed
LINE/t (10,11,12,14,15), 36.197, 1.399, 6.165, -8.25, -0.009, 334/gDblProcessSpeed
LINE/t (10,11,12,14,15), 36.237, 0.715, 3.953, -5.252, -0.009, 334/gDblProcessSpeed
LINE/t (10,11,12,14,15), 36.277, 0.148, 1.709, -2.255, -0.009, 334/gDblProcessSpeed
LINE/t (10,11,12,14,15), 36.308, -0.2, 0.003, 0., -0.009, 253/gDblProcessSpeed
LINE/t (10,11,12,14,15), 36.718, 3.253, -0.175, 0.093, -0.009, 3502/gDblProcessSpeed
LINE/t (10,11,12,14,15), 36.73, 82.027, -1.462, 1.924, -0.009, 79207/gDblProcessSpeed
LINE/v (10,11,12,14,15), 36.608, 82.027, -1.462, 1.924, -0.009, gDblProcessSpeed
LINE/t (10,11,12,14,15), 36.584, 3.085, -0.177, 0.103, -0.009, 79372/gDblProcessSpeed
LINE/t (10,11,12,14,15), 36.163, -0.175, 0.002, 0., -0.009, 3313/gDblProcessSpeed
LINE/t (10,11,12,14,15), 36.121, 0.292, 2.23, -2.947, -0.009, 332/gDblProcessSpeed
LINE/t (10,11,12,14,15), 36.078, 0.881, 4.454, -5.927, -0.009, 335/gDblProcessSpeed
LINE/t (10,11,12,14,15), 36.036, 1.584, 6.644, -8.906, -0.008, 335/gDblProcessSpeed
LINE/t (10,11,12,14,15), 35.995, 2.4, 8.795, -11.885, -0.008, 335/gDblProcessSpeed
LINE/t (10,11,12,14,15), 35.954, 3.327, 10.899, -14.864, -0.007, 335/gDblProcessSpeed
LINE/t (10,11,12,14,15), 35.914, 4.362, 12.953, -17.843, -0.006, 335/gDblProcessSpeed
LINE/t (10,11,12,14,15), 35.874, 5.502, 14.95, -20.823, -0.006, 335/gDblProcessSpeed
LINE/t (10,11,12,14,15), 35.835, 6.744, 16.886, -23.802, -0.005, 335/gDblProcessSpeed
LINE/t (10,11,12,14,15), 35.797, 8.085, 18.754, -26.782, -0.004, 335/gDblProcessSpeed
LINE/t (10,11,12,14,15), 35.76, 9.522, 20.549, -29.761, -0.004, 335/gDblProcessSpeed
LINE/t (10,11,12,14,15), 35.724, 11.05, 22.269, -32.741, -0.003, 335/gDblProcessSpeed
LINE/t (10,11,12,14,15), 35.69, 12.665, 23.905, -35.721, -0.002, 335/gDblProcessSpeed
LINE/t (10,11,12,14,15), 35.656, 14.364, 25.457, -38.704, -0.002, 335/gDblProcessSpeed
LINE/t (10,11,12,14,15), 35.624, 16.143, 26.919, -41.687, -0.001, 335/gDblProcessSpeed
LINE/t (10,11,12,14,15), 35.598, 17.927, 28.238, -44.564, -0.001, 323/gDblProcessSpeed
LINE/t (10,11,12,14,15), 35.598, 19.585, 29.348, -47.151, 0., 290/gDblProcessSpeed
LINE/v (10,11,12,14,15), 35.624, 19.585, 29.348, -47.151, 0., gDblProcessSpeed
LINE/t (10,11,12,14,15), 35.565, 19.771, 29.455, -47.41, 0., 60/gDblProcessSpeed
LINE/t (10,11,12,14,15), 35.57, 21.364, 30.601, -50.342, 0., 679/gDblProcessSpeed
LINE/t (10,11,12,14,15), 35.573, 21.534, 30.716, -50.653, 0., 75/gDblProcessSpeed
LINE/t (10,11,12,14,15), 35.588, 21.587, 30.74, -50.717, 0., 15/gDblProcessSpeed
LINE/t (10,11,12,14,15), 35.632, 21.471, 30.68, -50.556, 0., 45/gDblProcessSpeed
LINE/t (10,11,12,14,15), 35.628, 19.832, 29.533, -47.603, 0., 653/gDblProcessSpeed
LINE/t (10,11,12,14,15), 35.624, 19.585, 29.348, -47.151, 0., 98/gDblProcessSpeed
LINE/t (10,11,12,14,15), 35.276, 19.654, 29.392, -47.257, 0., 348/gDblProcessSpeed
LINE/t (10,11,12,14,15), 35.209, 19.861, 29.503, -47.528, 0., 67/gDblProcessSpeed
LINE/t (10,11,12,14,15), 35.216, 21.404, 30.642, -50.456, 0., 729/gDblProcessSpeed
LINE/t (10,11,12,14,15), 35.217, 21.449, 30.675, -50.546, 0., 25/gDblProcessSpeed
LINE/t (10,11,12,14,15), 35.232, 21.496, 30.696, -50.6, 0., 15/gDblProcessSpeed
LINE/t (10,11,12,14,15), 35.276, 21.4, 30.645, -50.465, 0., 45/gDblProcessSpeed
LINE/t (10,11,12,14,15), 35.276, 19.82, 29.517, -47.564, 0., 670/gDblProcessSpeed
LINE/t (10,11,12,14,15), 35.276, 19.654, 29.392, -47.257, 0., 69/gDblProcessSpeed
LINE/t (10,11,12,14,15), 35.243, 19.585, 29.348, -47.151, 0., 36/gDblProcessSpeed
LINE/t (10,11,12,14,15), 35.242, 17.678, 28.064, -44.171, -0.001, 333/gDblProcessSpeed
LINE/t (10,11,12,14,15), 35.277, 15.831, 26.675, -41.178, -0.001, 335/gDblProcessSpeed
LINE/t (10,11,12,14,15), 35.313, 14.058, 25.193, -38.183, -0.002, 335/gDblProcessSpeed
LINE/t (10,11,12,14,15), 35.35, 12.365, 23.619, -35.189, -0.003, 335/gDblProcessSpeed
LINE/t (10,11,12,14,15), 35.389, 10.756, 21.959, -32.195, -0.003, 335/gDblProcessSpeed
LINE/t (10,11,12,14,15), 35.429, 9.236, 20.218, -29.201, -0.004, 335/gDblProcessSpeed
LINE/t (10,11,12,14,15), 35.47, 7.809, 18.399, -26.208, -0.004, 335/gDblProcessSpeed
LINE/t (10,11,12,14,15), 35.512, 6.479, 16.509, -23.214, -0.005, 335/gDblProcessSpeed
LINE/t (10,11,12,14,15), 35.555, 5.249, 14.551, -20.22, -0.006, 335/gDblProcessSpeed
LINE/t (10,11,12,14,15), 35.599, 4.124, 12.533, -17.226, -0.006, 335/gDblProcessSpeed
LINE/t (10,11,12,14,15), 35.644, 3.105, 10.457, -14.233, -0.007, 335/gDblProcessSpeed
LINE/t (10,11,12,14,15), 35.69, 2.195, 8.332, -11.239, -0.008, 335/gDblProcessSpeed
LINE/t (10,11,12,14,15), 35.736, 1.398, 6.162, -8.246, -0.008, 335/gDblProcessSpeed
LINE/t (10,11,12,14,15), 35.782, 0.715, 3.953, -5.252, -0.008, 335/gDblProcessSpeed
LINE/t (10,11,12,14,15), 35.829, 0.149, 1.712, -2.259, -0.008, 335/gDblProcessSpeed
LINE/t (10,11,12,14,15), 35.865, -0.2, 0.003, 0., -0.008, 254/gDblProcessSpeed
LINE/t (10,11,12,14,15), 36.355, 3.309, -0.178, 0.095, -0.008, 3568/gDblProcessSpeed
LINE/t (10,11,12,14,15), 36.366, 82.027, -1.462, 1.924, -0.008, 79150/gDblProcessSpeed
LINE/v (10,11,12,14,15), 36.485, 82.027, -1.462, 1.924, -0.008, gDblProcessSpeed
LINE/t (10,11,12,14,15), 36.463, 3.123, -0.179, 0.104, -0.008, 79334/gDblProcessSpeed
LINE/t (10,11,12,14,15), 36.015, -0.175, 0.002, 0., -0.008, 3355/gDblProcessSpeed
LINE/t (10,11,12,14,15), 35.971, 0.293, 2.233, -2.951, -0.008, 332/gDblProcessSpeed
LINE/t (10,11,12,14,15), 35.926, 0.884, 4.462, -5.937, -0.008, 335/gDblProcessSpeed
LINE/t (10,11,12,14,15), 35.882, 1.591, 6.656, -8.923, -0.008, 335/gDblProcessSpeed
LINE/t (10,11,12,14,15), 35.838, 2.41, 8.812, -11.91, -0.008, 335/gDblProcessSpeed
LINE/t (10,11,12,14,15), 35.795, 3.341, 10.921, -14.895, -0.007, 335/gDblProcessSpeed
LINE/t (10,11,12,14,15), 35.752, 4.38, 12.979, -17.882, -0.007, 335/gDblProcessSpeed
LINE/t (10,11,12,14,15), 35.71, 5.525, 14.98, -20.868, -0.006, 335/gDblProcessSpeed
LINE/t (10,11,12,14,15), 35.669, 6.773, 16.919, -23.854, -0.006, 335/gDblProcessSpeed
LINE/t (10,11,12,14,15), 35.629, 8.12, 18.79, -26.84, -0.005, 335/gDblProcessSpeed
LINE/t (10,11,12,14,15), 35.59, 9.562, 20.588, -29.827, -0.005, 335/gDblProcessSpeed
LINE/t (10,11,12,14,15), 35.552, 11.096, 22.309, -32.813, -0.004, 335/gDblProcessSpeed
LINE/t (10,11,12,14,15), 35.516, 12.718, 23.947, -35.801, -0.004, 335/gDblProcessSpeed
LINE/t (10,11,12,14,15), 35.48, 14.424, 25.501, -38.79, -0.003, 335/gDblProcessSpeed
LINE/t (10,11,12,14,15), 35.446, 16.21, 26.963, -41.781, -0.003, 335/gDblProcessSpeed
LINE/t (10,11,12,14,15), 35.419, 17.999, 28.281, -44.66, -0.002, 323/gDblProcessSpeed
LINE/t (10,11,12,14,15), 35.419, 19.881, 29.526, -47.587, -0.002, 328/gDblProcessSpeed
LINE/t (10,11,12,14,15), 35.42, 21.824, 30.674, -50.513, -0.001, 328/gDblProcessSpeed
LINE/t (10,11,12,14,15), 35.42, 23.823, 31.721, -53.44, 0., 328/gDblProcessSpeed
LINE/t (10,11,12,14,15), 35.421, 25.614, 32.553, -56., 0., 287/gDblProcessSpeed
LINE/v (10,11,12,14,15), 35.395, 25.614, 32.553, -56., 0., gDblProcessSpeed
LINE/t (10,11,12,14,15), 35.387, 27.494, 33.398, -58.922, 0., 535/gDblProcessSpeed
LINE/t (10,11,12,14,15), 35.395, 28.955, 33.972, -61.181, 0., 434/gDblProcessSpeed
LINE/t (10,11,12,14,15), 35.41, 28.923, 33.966, -61.158, 0., 20/gDblProcessSpeed
LINE/t (10,11,12,14,15), 35.454, 28.904, 33.958, -61.125, 0., 45/gDblProcessSpeed
LINE/t (10,11,12,14,15), 35.454, 28.91, 33.956, -61.113, 0., 15/gDblProcessSpeed
LINE/t (10,11,12,14,15), 35.454, 27.01, 33.184, -58.144, 0., 585/gDblProcessSpeed
LINE/t (10,11,12,14,15), 35.446, 25.826, 32.632, -56.259, 0., 371/gDblProcessSpeed
LINE/t (10,11,12,14,15), 35.395, 25.614, 32.553, -56., 0., 51/gDblProcessSpeed
LINE/t (10,11,12,14,15), 35.243, 24.242, 31.926, -54.047, 0., 265/gDblProcessSpeed
LINE/t (10,11,12,14,15), 35.243, 26.309, 32.848, -56.978, 0., 325/gDblProcessSpeed
LINE/t (10,11,12,14,15), 35.243, 28.421, 33.663, -59.91, 0., 325/gDblProcessSpeed
LINE/t (10,11,12,14,15), 35.243, 30.571, 34.371, -62.841, 0., 325/gDblProcessSpeed
LINE/t (10,11,12,14,15), 35.243, 32.756, 34.968, -65.773, 0., 325/gDblProcessSpeed
LINE/t (10,11,12,14,15), 35.243, 34.967, 35.45, -68.704, 0., 325/gDblProcessSpeed
LINE/t (10,11,12,14,15), 35.243, 37.201, 35.819, -71.636, 0., 325/gDblProcessSpeed
LINE/t (10,11,12,14,15), 35.243, 38.099, 35.937, -72.808, 0., 130/gDblProcessSpeed
LINE/v (10,11,12,14,15), 35.065, 38.099, 35.937, -72.808, 0., gDblProcessSpeed
LINE/t (10,11,12,14,15), 35.065, 35.826, 35.606, -69.834, 0., 330/gDblProcessSpeed
LINE/t (10,11,12,14,15), 35.065, 33.572, 35.16, -66.859, 0., 330/gDblProcessSpeed
LINE/t (10,11,12,14,15), 35.065, 32.084, 34.797, -64.876, 0., 220/gDblProcessSpeed
LINE/v (10,11,12,14,15), 35.04, 32.084, 34.797, -64.876, 0., gDblProcessSpeed
LINE/t (10,11,12,14,15), 35.098, 31.833, 34.736, -64.567, 0., 60/gDblProcessSpeed
LINE/t (10,11,12,14,15), 35.099, 29.911, 34.09, -61.64, 0., 570/gDblProcessSpeed
LINE/t (10,11,12,14,15), 35.092, 28.691, 33.611, -59.752, 0., 369/gDblProcessSpeed
LINE/t (10,11,12,14,15), 35.091, 28.717, 33.608, -59.746, 0., 32/gDblProcessSpeed
LINE/t (10,11,12,14,15), 35.032, 28.693, 33.606, -59.734, 0., 61/gDblProcessSpeed
LINE/t (10,11,12,14,15), 35.032, 30.626, 34.336, -62.693, 0., 565/gDblProcessSpeed
LINE/t (10,11,12,14,15), 35.04, 32.084, 34.797, -64.876, 0., 405/gDblProcessSpeed
LINE/t (10,11,12,14,15), 35.054, 31.733, 34.704, -64.406, 0., 54/gDblProcessSpeed
LINE/t (10,11,12,14,15), 35.054, 29.801, 34.05, -61.473, 0., 562/gDblProcessSpeed
LINE/t (10,11,12,14,15), 35.06, 28.88, 33.692, -60.057, 0., 272/gDblProcessSpeed
LINE/t (10,11,12,14,15), 35.062, 28.893, 33.676, -60.003, 0., 59/gDblProcessSpeed
LINE/t (10,11,12,14,15), 35.076, 28.838, 33.67, -59.972, 0., 32/gDblProcessSpeed
LINE/t (10,11,12,14,15), 35.076, 30.76, 34.389, -62.928, 0., 576/gDblProcessSpeed
LINE/t (10,11,12,14,15), 35.076, 31.733, 34.704, -64.406, 0., 288/gDblProcessSpeed
LINE/v (10,11,12,14,15), 35.409, 31.733, 34.704, -64.406, 0., gDblProcessSpeed
LINE/t (10,11,12,14,15), 35.409, 29.801, 34.05, -61.473, 0., 562/gDblProcessSpeed
LINE/t (10,11,12,14,15), 35.415, 28.88, 33.692, -60.057, 0., 272/gDblProcessSpeed
LINE/t (10,11,12,14,15), 35.417, 28.893, 33.676, -60.003, 0., 59/gDblProcessSpeed
LINE/t (10,11,12,14,15), 35.432, 28.838, 33.67, -59.972, 0., 32/gDblProcessSpeed
LINE/t (10,11,12,14,15), 35.432, 30.76, 34.389, -62.928, 0., 576/gDblProcessSpeed
LINE/t (10,11,12,14,15), 35.432, 31.733, 34.704, -64.406, 0., 288/gDblProcessSpeed
LINE/t (10,11,12,14,15), 35.421, 32.084, 34.797, -64.876, 0., 53/gDblProcessSpeed
LINE/t (10,11,12,14,15), 35.421, 34.321, 35.321, -67.851, 0., 330/gDblProcessSpeed
LINE/t (10,11,12,14,15), 35.421, 36.581, 35.73, -70.825, 0., 330/gDblProcessSpeed
LINE/t (10,11,12,14,15), 35.421, 38.099, 35.937, -72.808, 0., 220/gDblProcessSpeed
LINE/v (10,11,12,14,15), 35.598, 38.099, 35.937, -72.808, 0., gDblProcessSpeed
LINE/t (10,11,12,14,15), 35.598, 35.858, 35.612, -69.877, 0., 325/gDblProcessSpeed
LINE/t (10,11,12,14,15), 35.598, 33.637, 35.173, -66.945, 0., 325/gDblProcessSpeed
LINE/t (10,11,12,14,15), 35.598, 31.441, 34.622, -64.014, 0., 325/gDblProcessSpeed
LINE/t (10,11,12,14,15), 35.598, 29.277, 33.961, -61.082, 0., 325/gDblProcessSpeed
LINE/t (10,11,12,14,15), 35.598, 27.149, 33.187, -58.151, 0., 325/gDblProcessSpeed
LINE/t (10,11,12,14,15), 35.598, 25.063, 32.307, -55.219, 0., 325/gDblProcessSpeed
LINE/t (10,11,12,14,15), 35.598, 24.242, 31.926, -54.047, 0., 130/gDblProcessSpeed
LINE/t (10,11,12,14,15), 35.587, 24.004, 31.812, -53.705, 0., 39/gDblProcessSpeed
LINE/t (10,11,12,14,15), 35.595, 22.394, 30.776, -50.814, 0., 694/gDblProcessSpeed
LINE/t (10,11,12,14,15), 35.61, 22.628, 30.933, -51.233, 0., 98/gDblProcessSpeed
LINE/t (10,11,12,14,15), 35.61, 24.004, 31.812, -53.705, 0., 597/gDblProcessSpeed
LINE/v (10,11,12,14,15), 35.254, 24.004, 31.812, -53.705, 0., gDblProcessSpeed
LINE/t (10,11,12,14,15), 35.246, 22.394, 30.776, -50.814, 0., 694/gDblProcessSpeed
LINE/t (10,11,12,14,15), 35.232, 22.628, 30.933, -51.233, 0., 98/gDblProcessSpeed
LINE/t (10,11,12,14,15), 35.232, 24.004, 31.812, -53.705, 0., 597/gDblProcessSpeed
LINE/t (10,11,12,14,15), 35.065, 25.614, 32.553, -56., 0., 304/gDblProcessSpeed
LINE/t (10,11,12,14,15), 35.065, 23.563, 31.593, -53.065, -0.001, 328/gDblProcessSpeed
LINE/t (10,11,12,14,15), 35.064, 21.564, 30.53, -50.129, -0.001, 328/gDblProcessSpeed
LINE/t (10,11,12,14,15), 35.064, 19.618, 29.363, -47.189, -0.002, 329/gDblProcessSpeed
LINE/t (10,11,12,14,15), 35.063, 17.735, 28.098, -44.248, -0.002, 329/gDblProcessSpeed
LINE/t (10,11,12,14,15), 35.1, 15.882, 26.709, -41.248, -0.003, 335/gDblProcessSpeed
LINE/t (10,11,12,14,15), 35.137, 14.103, 25.226, -38.249, -0.003, 335/gDblProcessSpeed
LINE/t (10,11,12,14,15), 35.176, 12.405, 23.651, -35.249, -0.004, 335/gDblProcessSpeed
LINE/t (10,11,12,14,15), 35.217, 10.791, 21.99, -32.249, -0.004, 335/gDblProcessSpeed
LINE/t (10,11,12,14,15), 35.259, 9.266, 20.247, -29.25, -0.005, 335/gDblProcessSpeed
LINE/t (10,11,12,14,15), 35.302, 7.834, 18.426, -26.251, -0.005, 335/gDblProcessSpeed
LINE/t (10,11,12,14,15), 35.347, 6.5, 16.533, -23.251, -0.006, 335/gDblProcessSpeed
LINE/t (10,11,12,14,15), 35.392, 5.266, 14.572, -20.252, -0.006, 335/gDblProcessSpeed
LINE/t (10,11,12,14,15), 35.438, 4.136, 12.551, -17.253, -0.007, 335/gDblProcessSpeed
LINE/t (10,11,12,14,15), 35.485, 3.114, 10.472, -14.254, -0.008, 335/gDblProcessSpeed
LINE/t (10,11,12,14,15), 35.533, 2.202, 8.343, -11.255, -0.008, 335/gDblProcessSpeed
LINE/t (10,11,12,14,15), 35.581, 1.402, 6.169, -8.256, -0.009, 335/gDblProcessSpeed
LINE/t (10,11,12,14,15), 35.63, 0.717, 3.957, -5.257, -0.009, 335/gDblProcessSpeed
LINE/t (10,11,12,14,15), 35.679, 0.149, 1.712, -2.258, -0.009, 335/gDblProcessSpeed
LINE/t (10,11,12,14,15), 35.716, -0.2, 0.003, 0., -0.009, 254/gDblProcessSpeed
LINE/t (10,11,12,14,15), 36.233, 3.334, -0.18, 0.096, -0.009, 3597/gDblProcessSpeed
LINE/t (10,11,12,14,15), 36.244, 82.027, -1.462, 1.924, -0.009, 79124/gDblProcessSpeed
LINE/v (10,11,12,14,15), 36.122, 82.027, -1.462, 1.924, -0.009, gDblProcessSpeed
LINE/t (10,11,12,14,15), 36.1, 3.21, -0.184, 0.107, -0.009, 79246/gDblProcessSpeed
LINE/t (10,11,12,14,15), 35.572, -0.173, 0.002, 0., -0.009, 3453/gDblProcessSpeed
LINE/t (10,11,12,14,15), 35.52, 0.295, 2.237, -2.957, -0.009, 334/gDblProcessSpeed
LINE/t (10,11,12,14,15), 35.469, 0.884, 4.461, -5.936, -0.009, 336/gDblProcessSpeed
LINE/t (10,11,12,14,15), 35.418, 1.588, 6.65, -8.915, -0.008, 336/gDblProcessSpeed
LINE/t (10,11,12,14,15), 35.368, 2.405, 8.801, -11.894, -0.008, 336/gDblProcessSpeed
LINE/t (10,11,12,14,15), 35.319, 3.332, 10.905, -14.873, -0.007, 336/gDblProcessSpeed
LINE/t (10,11,12,14,15), 35.27, 4.367, 12.959, -17.852, -0.006, 336/gDblProcessSpeed
LINE/t (10,11,12,14,15), 35.222, 5.507, 14.956, -20.831, -0.006, 336/gDblProcessSpeed
LINE/t (10,11,12,14,15), 35.175, 6.75, 16.891, -23.81, -0.005, 336/gDblProcessSpeed
LINE/t (10,11,12,14,15), 35.129, 8.091, 18.759, -26.789, -0.004, 336/gDblProcessSpeed
LINE/t (10,11,12,14,15), 35.084, 9.528, 20.554, -29.769, -0.004, 336/gDblProcessSpeed
LINE/t (10,11,12,14,15), 35.04, 11.056, 22.273, -32.749, -0.003, 336/gDblProcessSpeed
LINE/t (10,11,12,14,15), 34.998, 12.672, 23.909, -35.73, -0.002, 336/gDblProcessSpeed
LINE/t (10,11,12,14,15), 34.957, 14.371, 25.462, -38.712, -0.002, 336/gDblProcessSpeed
LINE/t (10,11,12,14,15), 34.918, 16.15, 26.923, -41.697, -0.001, 336/gDblProcessSpeed
LINE/t (10,11,12,14,15), 34.887, 17.934, 28.242, -44.573, -0.001, 324/gDblProcessSpeed
LINE/t (10,11,12,14,15), 34.887, 19.585, 29.348, -47.151, 0., 290/gDblProcessSpeed
LINE/v (10,11,12,14,15), 34.913, 19.585, 29.348, -47.151, 0., gDblProcessSpeed
LINE/t (10,11,12,14,15), 34.854, 19.771, 29.455, -47.41, 0., 60/gDblProcessSpeed
LINE/t (10,11,12,14,15), 34.859, 21.364, 30.601, -50.342, 0., 679/gDblProcessSpeed
LINE/t (10,11,12,14,15), 34.862, 21.534, 30.716, -50.653, 0., 75/gDblProcessSpeed
LINE/t (10,11,12,14,15), 34.876, 21.587, 30.74, -50.717, 0., 15/gDblProcessSpeed
LINE/t (10,11,12,14,15), 34.921, 21.471, 30.68, -50.556, 0., 45/gDblProcessSpeed
LINE/t (10,11,12,14,15), 34.917, 19.832, 29.533, -47.603, 0., 653/gDblProcessSpeed
LINE/t (10,11,12,14,15), 34.913, 19.585, 29.348, -47.151, 0., 98/gDblProcessSpeed
LINE/t (10,11,12,14,15), 34.565, 19.654, 29.392, -47.257, 0., 348/gDblProcessSpeed
LINE/t (10,11,12,14,15), 34.498, 19.861, 29.503, -47.528, 0., 67/gDblProcessSpeed
LINE/t (10,11,12,14,15), 34.505, 21.404, 30.642, -50.456, 0., 729/gDblProcessSpeed
LINE/t (10,11,12,14,15), 34.506, 21.449, 30.675, -50.546, 0., 25/gDblProcessSpeed
LINE/t (10,11,12,14,15), 34.521, 21.496, 30.696, -50.6, 0., 15/gDblProcessSpeed
LINE/t (10,11,12,14,15), 34.565, 21.4, 30.645, -50.465, 0., 45/gDblProcessSpeed
LINE/t (10,11,12,14,15), 34.565, 19.82, 29.517, -47.564, 0., 670/gDblProcessSpeed
LINE/t (10,11,12,14,15), 34.565, 19.654, 29.392, -47.257, 0., 69/gDblProcessSpeed
LINE/t (10,11,12,14,15), 34.532, 19.585, 29.348, -47.151, 0., 36/gDblProcessSpeed
LINE/t (10,11,12,14,15), 34.531, 17.685, 28.068, -44.18, -0.001, 334/gDblProcessSpeed
LINE/t (10,11,12,14,15), 34.572, 15.837, 26.679, -41.185, -0.001, 336/gDblProcessSpeed
LINE/t (10,11,12,14,15), 34.615, 14.064, 25.197, -38.191, -0.002, 336/gDblProcessSpeed
LINE/t (10,11,12,14,15), 34.659, 12.371, 23.623, -35.196, -0.003, 336/gDblProcessSpeed
LINE/t (10,11,12,14,15), 34.705, 10.761, 21.963, -32.201, -0.003, 336/gDblProcessSpeed
LINE/t (10,11,12,14,15), 34.753, 9.241, 20.221, -29.207, -0.004, 336/gDblProcessSpeed
LINE/t (10,11,12,14,15), 34.802, 7.814, 18.402, -26.213, -0.004, 336/gDblProcessSpeed
LINE/t (10,11,12,14,15), 34.852, 6.483, 16.512, -23.218, -0.005, 336/gDblProcessSpeed
LINE/t (10,11,12,14,15), 34.904, 5.253, 14.554, -20.224, -0.006, 336/gDblProcessSpeed
LINE/t (10,11,12,14,15), 34.956, 4.127, 12.535, -17.23, -0.006, 336/gDblProcessSpeed
LINE/t (10,11,12,14,15), 35.009, 3.107, 10.46, -14.236, -0.007, 336/gDblProcessSpeed
LINE/t (10,11,12,14,15), 35.063, 2.198, 8.334, -11.243, -0.008, 336/gDblProcessSpeed
LINE/t (10,11,12,14,15), 35.118, 1.4, 6.164, -8.249, -0.008, 336/gDblProcessSpeed
LINE/t (10,11,12,14,15), 35.173, 0.717, 3.955, -5.255, -0.008, 336/gDblProcessSpeed
LINE/t (10,11,12,14,15), 35.229, 0.15, 1.714, -2.261, -0.008, 336/gDblProcessSpeed
LINE/t (10,11,12,14,15), 35.271, -0.199, 0.003, 0., -0.008, 255/gDblProcessSpeed
LINE/t (10,11,12,14,15), 35.87, 3.391, -0.183, 0.099, -0.008, 3666/gDblProcessSpeed
LINE/t (10,11,12,14,15), 35.881, 82.027, -1.462, 1.924, -0.008, 79067/gDblProcessSpeed
LINE/v (10,11,12,14,15), 36.003, 82.027, -1.462, 1.924, -0.008, gDblProcessSpeed
LINE/t (10,11,12,14,15), 35.98, 3.234, -0.185, 0.108, -0.008, 79221/gDblProcessSpeed
LINE/t (10,11,12,14,15), 35.425, -0.173, 0.002, 0., -0.008, 3481/gDblProcessSpeed
LINE/t (10,11,12,14,15), 35.371, 0.297, 2.241, -2.962, -0.008, 335/gDblProcessSpeed
LINE/t (10,11,12,14,15), 35.318, 0.889, 4.471, -5.949, -0.008, 336/gDblProcessSpeed
LINE/t (10,11,12,14,15), 35.264, 1.596, 6.666, -8.937, -0.008, 336/gDblProcessSpeed
LINE/t (10,11,12,14,15), 35.212, 2.417, 8.823, -11.924, -0.008, 336/gDblProcessSpeed
LINE/t (10,11,12,14,15), 35.16, 3.349, 10.932, -14.911, -0.007, 336/gDblProcessSpeed
LINE/t (10,11,12,14,15), 35.109, 4.39, 12.991, -17.899, -0.007, 336/gDblProcessSpeed
LINE/t (10,11,12,14,15), 35.058, 5.536, 14.992, -20.886, -0.006, 336/gDblProcessSpeed
LINE/t (10,11,12,14,15), 35.009, 6.785, 16.931, -23.874, -0.006, 336/gDblProcessSpeed
LINE/t (10,11,12,14,15), 34.961, 8.134, 18.803, -26.862, -0.005, 336/gDblProcessSpeed
LINE/t (10,11,12,14,15), 34.914, 9.578, 20.601, -29.85, -0.005, 336/gDblProcessSpeed
LINE/t (10,11,12,14,15), 34.868, 11.113, 22.323, -32.838, -0.004, 336/gDblProcessSpeed
LINE/t (10,11,12,14,15), 34.824, 12.737, 23.962, -35.827, -0.004, 336/gDblProcessSpeed
LINE/t (10,11,12,14,15), 34.782, 14.445, 25.515, -38.818, -0.003, 336/gDblProcessSpeed
LINE/t (10,11,12,14,15), 34.741, 16.233, 26.977, -41.812, -0.003, 337/gDblProcessSpeed
LINE/t (10,11,12,14,15), 34.708, 18.023, 28.295, -44.692, -0.002, 324/gDblProcessSpeed
LINE/t (10,11,12,14,15), 34.708, 19.899, 29.536, -47.611, -0.002, 328/gDblProcessSpeed
LINE/t (10,11,12,14,15), 34.709, 21.836, 30.68, -50.529, -0.001, 328/gDblProcessSpeed
LINE/t (10,11,12,14,15), 34.709, 23.829, 31.723, -53.447, 0., 328/gDblProcessSpeed
LINE/t (10,11,12,14,15), 34.709, 25.614, 32.553, -56., 0., 287/gDblProcessSpeed
LINE/v (10,11,12,14,15), 34.684, 25.614, 32.553, -56., 0., gDblProcessSpeed
LINE/t (10,11,12,14,15), 34.676, 27.494, 33.398, -58.922, 0., 535/gDblProcessSpeed
LINE/t (10,11,12,14,15), 34.683, 28.955, 33.972, -61.181, 0., 434/gDblProcessSpeed
LINE/t (10,11,12,14,15), 34.699, 28.923, 33.966, -61.158, 0., 20/gDblProcessSpeed
LINE/t (10,11,12,14,15), 34.743, 28.904, 33.958, -61.125, 0., 45/gDblProcessSpeed
LINE/t (10,11,12,14,15), 34.743, 28.91, 33.956, -61.113, 0., 15/gDblProcessSpeed
LINE/t (10,11,12,14,15), 34.743, 27.01, 33.184, -58.144, 0., 585/gDblProcessSpeed
LINE/t (10,11,12,14,15), 34.735, 25.826, 32.632, -56.259, 0., 371/gDblProcessSpeed
LINE/t (10,11,12,14,15), 34.684, 25.614, 32.553, -56., 0., 51/gDblProcessSpeed
LINE/t (10,11,12,14,15), 34.532, 24.242, 31.926, -54.047, 0., 265/gDblProcessSpeed
LINE/t (10,11,12,14,15), 34.532, 26.309, 32.848, -56.978, 0., 325/gDblProcessSpeed
LINE/t (10,11,12,14,15), 34.532, 28.421, 33.663, -59.91, 0., 325/gDblProcessSpeed
LINE/t (10,11,12,14,15), 34.532, 30.571, 34.371, -62.841, 0., 325/gDblProcessSpeed
LINE/t (10,11,12,14,15), 34.532, 32.756, 34.968, -65.773, 0., 325/gDblProcessSpeed
LINE/t (10,11,12,14,15), 34.532, 34.967, 35.45, -68.704, 0., 325/gDblProcessSpeed
LINE/t (10,11,12,14,15), 34.532, 37.201, 35.819, -71.636, 0., 325/gDblProcessSpeed
LINE/t (10,11,12,14,15), 34.532, 38.099, 35.937, -72.808, 0., 130/gDblProcessSpeed
LINE/v (10,11,12,14,15), 34.709, 38.099, 35.937, -72.808, 0., gDblProcessSpeed
LINE/t (10,11,12,14,15), 34.709, 35.826, 35.606, -69.834, 0., 330/gDblProcessSpeed
LINE/t (10,11,12,14,15), 34.709, 33.572, 35.16, -66.859, 0., 330/gDblProcessSpeed
LINE/t (10,11,12,14,15), 34.709, 32.084, 34.797, -64.876, 0., 220/gDblProcessSpeed
LINE/t (10,11,12,14,15), 34.698, 31.733, 34.704, -64.406, 0., 53/gDblProcessSpeed
LINE/t (10,11,12,14,15), 34.698, 29.801, 34.05, -61.473, 0., 562/gDblProcessSpeed
LINE/t (10,11,12,14,15), 34.704, 28.88, 33.692, -60.057, 0., 272/gDblProcessSpeed
LINE/t (10,11,12,14,15), 34.706, 28.893, 33.676, -60.003, 0., 59/gDblProcessSpeed
LINE/t (10,11,12,14,15), 34.721, 28.838, 33.67, -59.972, 0., 32/gDblProcessSpeed
LINE/t (10,11,12,14,15), 34.721, 30.76, 34.389, -62.928, 0., 576/gDblProcessSpeed
LINE/t (10,11,12,14,15), 34.721, 31.733, 34.704, -64.406, 0., 288/gDblProcessSpeed
LINE/t (10,11,12,14,15), 34.387, 31.958, 34.764, -64.707, 0., 335/gDblProcessSpeed
LINE/t (10,11,12,14,15), 34.387, 29.972, 34.117, -61.747, 0., 535/gDblProcessSpeed
LINE/t (10,11,12,14,15), 34.381, 28.628, 33.603, -59.714, 0., 368/gDblProcessSpeed
LINE/t (10,11,12,14,15), 34.379, 28.573, 33.564, -59.573, 0., 63/gDblProcessSpeed
LINE/t (10,11,12,14,15), 34.35, 28.509, 33.547, -59.505, 0., 30/gDblProcessSpeed
LINE/t (10,11,12,14,15), 34.32, 28.625, 33.591, -59.67, 0., 37/gDblProcessSpeed
LINE/t (10,11,12,14,15), 34.32, 30.532, 34.328, -62.653, 0., 610/gDblProcessSpeed
LINE/t (10,11,12,14,15), 34.328, 31.659, 34.698, -64.381, 0., 346/gDblProcessSpeed
LINE/t (10,11,12,14,15), 34.387, 31.958, 34.764, -64.707, 0., 62/gDblProcessSpeed
LINE/t (10,11,12,14,15), 34.354, 32.084, 34.797, -64.876, 0., 38/gDblProcessSpeed
LINE/t (10,11,12,14,15), 34.354, 34.321, 35.321, -67.851, 0., 330/gDblProcessSpeed
LINE/t (10,11,12,14,15), 34.354, 36.581, 35.73, -70.825, 0., 330/gDblProcessSpeed
LINE/t (10,11,12,14,15), 34.354, 38.099, 35.937, -72.808, 0., 220/gDblProcessSpeed
LINE/v (10,11,12,14,15), 34.176, 38.099, 35.937, -72.808, 0., gDblProcessSpeed
LINE/t (10,11,12,14,15), 34.176, 35.858, 35.612, -69.877, 0., 325/gDblProcessSpeed
LINE/t (10,11,12,14,15), 34.176, 33.637, 35.173, -66.945, 0., 325/gDblProcessSpeed
LINE/t (10,11,12,14,15), 34.176, 31.441, 34.622, -64.014, 0., 325/gDblProcessSpeed
LINE/t (10,11,12,14,15), 34.176, 29.277, 33.961, -61.082, 0., 325/gDblProcessSpeed
LINE/t (10,11,12,14,15), 34.176, 27.149, 33.187, -58.151, 0., 325/gDblProcessSpeed
LINE/t (10,11,12,14,15), 34.176, 25.063, 32.307, -55.219, 0., 325/gDblProcessSpeed
LINE/t (10,11,12,14,15), 34.176, 24.242, 31.926, -54.047, 0., 130/gDblProcessSpeed
LINE/v (10,11,12,14,15), 34.202, 24.242, 31.926, -54.047, 0., gDblProcessSpeed
LINE/t (10,11,12,14,15), 34.206, 22.558, 30.885, -51.105, 0., 667/gDblProcessSpeed
LINE/t (10,11,12,14,15), 34.202, 22.315, 30.722, -50.671, 0., 98/gDblProcessSpeed
LINE/t (10,11,12,14,15), 34.143, 22.36, 30.75, -50.744, 0., 60/gDblProcessSpeed
LINE/t (10,11,12,14,15), 34.143, 22.359, 30.761, -50.772, 0., 23/gDblProcessSpeed
LINE/t (10,11,12,14,15), 34.15, 24.01, 31.819, -53.729, 0., 705/gDblProcessSpeed
LINE/t (10,11,12,14,15), 34.163, 24.112, 31.873, -53.887, 0., 28/gDblProcessSpeed
LINE/t (10,11,12,14,15), 34.202, 24.242, 31.926, -54.047, 0., 38/gDblProcessSpeed
LINE/t (10,11,12,14,15), 34.187, 24.004, 31.812, -53.705, 0., 41/gDblProcessSpeed
LINE/t (10,11,12,14,15), 34.179, 22.394, 30.776, -50.814, 0., 694/gDblProcessSpeed
LINE/t (10,11,12,14,15), 34.165, 22.628, 30.933, -51.233, 0., 98/gDblProcessSpeed
LINE/t (10,11,12,14,15), 34.165, 24.004, 31.812, -53.705, 0., 597/gDblProcessSpeed
LINE/t (10,11,12,14,15), 34.024, 25.614, 32.553, -56., 0., 291/gDblProcessSpeed
LINE/t (10,11,12,14,15), 33.965, 25.863, 32.651, -56.322, 0., 61/gDblProcessSpeed
LINE/t (10,11,12,14,15), 33.965, 27.78, 33.504, -59.319, 0., 565/gDblProcessSpeed
LINE/t (10,11,12,14,15), 33.971, 28.959, 33.961, -61.129, 0., 341/gDblProcessSpeed
LINE/t (10,11,12,14,15), 33.973, 29.009, 33.993, -61.265, 0., 64/gDblProcessSpeed
LINE/t (10,11,12,14,15), 34.002, 29.07, 34.009, -61.329, 0., 30/gDblProcessSpeed
LINE/t (10,11,12,14,15), 34.031, 28.959, 33.971, -61.171, 0., 37/gDblProcessSpeed
LINE/t (10,11,12,14,15), 34.032, 27.033, 33.201, -58.208, 0., 555/gDblProcessSpeed
LINE/t (10,11,12,14,15), 34.024, 25.614, 32.553, -56., 0., 401/gDblProcessSpeed
LINE/v (10,11,12,14,15), 33.998, 25.614, 32.553, -56., 0., gDblProcessSpeed
LINE/t (10,11,12,14,15), 33.998, 23.573, 31.598, -53.078, -0.001, 328/gDblProcessSpeed
LINE/t (10,11,12,14,15), 33.997, 21.584, 30.54, -50.155, -0.001, 328/gDblProcessSpeed
LINE/t (10,11,12,14,15), 33.997, 19.646, 29.379, -47.225, -0.002, 329/gDblProcessSpeed
LINE/t (10,11,12,14,15), 33.997, 17.771, 28.12, -44.296, -0.002, 329/gDblProcessSpeed
LINE/t (10,11,12,14,15), 34.041, 15.988, 26.788, -41.413, -0.003, 324/gDblProcessSpeed
LINE/t (10,11,12,14,15), 34.087, 14.273, 25.37, -38.531, -0.003, 324/gDblProcessSpeed
LINE/t (10,11,12,14,15), 34.134, 12.632, 23.866, -35.648, -0.004, 324/gDblProcessSpeed
LINE/t (10,11,12,14,15), 34.183, 11.068, 22.282, -32.765, -0.004, 324/gDblProcessSpeed
LINE/t (10,11,12,14,15), 34.234, 9.586, 20.621, -29.883, -0.005, 324/gDblProcessSpeed
LINE/t (10,11,12,14,15), 34.287, 8.189, 18.889, -27., -0.005, 324/gDblProcessSpeed
LINE/t (10,11,12,14,15), 34.34, 6.881, 17.087, -24.118, -0.006, 324/gDblProcessSpeed
LINE/t (10,11,12,14,15), 34.395, 5.664, 15.223, -21.236, -0.006, 324/gDblProcessSpeed
LINE/t (10,11,12,14,15), 34.451, 4.543, 13.299, -18.353, -0.007, 324/gDblProcessSpeed
LINE/t (10,11,12,14,15), 34.508, 3.52, 11.323, -15.471, -0.007, 324/gDblProcessSpeed
LINE/t (10,11,12,14,15), 34.566, 2.598, 9.296, -12.59, -0.008, 324/gDblProcessSpeed
LINE/t (10,11,12,14,15), 34.624, 1.778, 7.228, -9.708, -0.008, 324/gDblProcessSpeed
LINE/t (10,11,12,14,15), 34.683, 1.063, 5.119, -6.826, -0.008, 324/gDblProcessSpeed
LINE/t (10,11,12,14,15), 34.742, 0.455, 2.978, -3.944, -0.008, 324/gDblProcessSpeed
LINE/t (10,11,12,14,15), 34.802, -0.044, 0.808, -1.062, -0.008, 324/gDblProcessSpeed
LINE/t (10,11,12,14,15), 34.824, -0.199, 0.003, 0., -0.008, 121/gDblProcessSpeed
LINE/t (10,11,12,14,15), 35.506, 3.467, -0.188, 0.102, -0.008, 3755/gDblProcessSpeed
LINE/t (10,11,12,14,15), 35.518, 82.027, -1.462, 1.924, -0.008, 78991/gDblProcessSpeed
LINE/v (10,11,12,14,15), 35.637, 82.027, -1.462, 1.924, -0.008, gDblProcessSpeed
LINE/t (10,11,12,14,15), 35.615, 3.323, -0.19, 0.112, -0.008, 79132/gDblProcessSpeed
LINE/t (10,11,12,14,15), 34.977, -0.172, 0.002, 0., -0.008, 3582/gDblProcessSpeed
LINE/t (10,11,12,14,15), 34.917, 0.298, 2.244, -2.966, -0.008, 336/gDblProcessSpeed
LINE/t (10,11,12,14,15), 34.858, 0.888, 4.468, -5.945, -0.008, 337/gDblProcessSpeed
LINE/t (10,11,12,14,15), 34.798, 1.592, 6.657, -8.924, -0.008, 337/gDblProcessSpeed
LINE/t (10,11,12,14,15), 34.74, 2.409, 8.807, -11.903, -0.007, 337/gDblProcessSpeed
LINE/t (10,11,12,14,15), 34.682, 3.337, 10.911, -14.881, -0.007, 337/gDblProcessSpeed
LINE/t (10,11,12,14,15), 34.624, 4.373, 12.965, -17.86, -0.006, 337/gDblProcessSpeed
LINE/t (10,11,12,14,15), 34.568, 5.513, 14.961, -20.84, -0.006, 337/gDblProcessSpeed
LINE/t (10,11,12,14,15), 34.513, 6.756, 16.896, -23.819, -0.005, 337/gDblProcessSpeed
LINE/t (10,11,12,14,15), 34.459, 8.098, 18.764, -26.798, -0.004, 337/gDblProcessSpeed
LINE/t (10,11,12,14,15), 34.406, 9.535, 20.559, -29.778, -0.004, 337/gDblProcessSpeed
LINE/t (10,11,12,14,15), 34.355, 11.063, 22.278, -32.758, -0.003, 337/gDblProcessSpeed
LINE/t (10,11,12,14,15), 34.306, 12.679, 23.914, -35.739, -0.002, 337/gDblProcessSpeed
LINE/t (10,11,12,14,15), 34.258, 14.378, 25.466, -38.722, -0.002, 337/gDblProcessSpeed
LINE/t (10,11,12,14,15), 34.213, 16.158, 26.928, -41.707, -0.001, 338/gDblProcessSpeed
LINE/t (10,11,12,14,15), 34.176, 17.941, 28.247, -44.584, -0.001, 325/gDblProcessSpeed
LINE/t (10,11,12,14,15), 34.176, 19.585, 29.348, -47.151, 0., 290/gDblProcessSpeed
LINE/t (10,11,12,14,15), 33.854, 19.654, 29.392, -47.257, 0., 322/gDblProcessSpeed
LINE/t (10,11,12,14,15), 33.787, 19.861, 29.503, -47.528, 0., 67/gDblProcessSpeed
LINE/t (10,11,12,14,15), 33.794, 21.404, 30.642, -50.456, 0., 729/gDblProcessSpeed
LINE/t (10,11,12,14,15), 33.795, 21.449, 30.675, -50.546, 0., 25/gDblProcessSpeed
LINE/t (10,11,12,14,15), 33.81, 21.496, 30.696, -50.6, 0., 15/gDblProcessSpeed
LINE/t (10,11,12,14,15), 33.854, 21.4, 30.645, -50.465, 0., 45/gDblProcessSpeed
LINE/t (10,11,12,14,15), 33.854, 19.82, 29.517, -47.564, 0., 670/gDblProcessSpeed
LINE/t (10,11,12,14,15), 33.854, 19.654, 29.392, -47.257, 0., 69/gDblProcessSpeed
LINE/t (10,11,12,14,15), 33.82, 19.585, 29.348, -47.151, 0., 36/gDblProcessSpeed
LINE/t (10,11,12,14,15), 33.825, 17.746, 28.085, -44.218, -0.001, 366/gDblProcessSpeed
LINE/t (10,11,12,14,15), 33.876, 16.005, 26.754, -41.344, -0.001, 359/gDblProcessSpeed
LINE/t (10,11,12,14,15), 33.931, 14.265, 25.277, -38.351, -0.002, 374/gDblProcessSpeed
LINE/t (10,11,12,14,15), 33.988, 12.611, 23.713, -35.368, -0.003, 373/gDblProcessSpeed
LINE/t (10,11,12,14,15), 34.048, 11.044, 22.069, -32.394, -0.003, 372/gDblProcessSpeed
LINE/t (10,11,12,14,15), 34.109, 9.567, 20.348, -29.428, -0.004, 371/gDblProcessSpeed
LINE/t (10,11,12,14,15), 34.173, 8.183, 18.552, -26.463, -0.004, 370/gDblProcessSpeed
LINE/t (10,11,12,14,15), 34.237, 6.893, 16.686, -23.501, -0.005, 370/gDblProcessSpeed
LINE/t (10,11,12,14,15), 34.304, 5.701, 14.752, -20.536, -0.006, 370/gDblProcessSpeed
LINE/t (10,11,12,14,15), 34.371, 4.608, 12.755, -17.568, -0.006, 371/gDblProcessSpeed
LINE/t (10,11,12,14,15), 34.44, 3.619, 10.697, -14.595, -0.007, 372/gDblProcessSpeed
LINE/t (10,11,12,14,15), 34.509, 2.735, 8.586, -11.615, -0.008, 372/gDblProcessSpeed
LINE/t (10,11,12,14,15), 34.58, 1.96, 6.418, -8.621, -0.008, 374/gDblProcessSpeed
LINE/t (10,11,12,14,15), 34.648, 1.322, 4.3, -5.748, -0.008, 359/gDblProcessSpeed
LINE/t (10,11,12,14,15), 34.717, 0.787, 2.129, -2.85, -0.008, 362/gDblProcessSpeed
LINE/t (10,11,12,14,15), 34.785, 0.369, -0.012, -0.007, -0.008, 354/gDblProcessSpeed
LINE/t (10,11,12,14,15), 35.384, 3.497, -0.177, 0.084, -0.008, 3208/gDblProcessSpeed
LINE/t (10,11,12,14,15), 35.396, 82.027, -1.462, 1.924, -0.008, 78965/gDblProcessSpeed
LINE/v (10,11,12,14,15), 35.274, 82.027, -1.462, 1.924, -0.008, gDblProcessSpeed
LINE/t (10,11,12,14,15), 35.251, 3.405, -0.172, 0.082, -0.008, 79057/gDblProcessSpeed
LINE/t (10,11,12,14,15), 34.639, 0.373, -0.012, -0.007, -0.008, 3116/gDblProcessSpeed
LINE/t (10,11,12,14,15), 34.569, 0.809, 2.18, -2.919, -0.008, 357/gDblProcessSpeed
LINE/t (10,11,12,14,15), 34.497, 1.367, 4.4, -5.884, -0.008, 364/gDblProcessSpeed
LINE/t (10,11,12,14,15), 34.426, 2.028, 6.553, -8.809, -0.008, 360/gDblProcessSpeed
LINE/t (10,11,12,14,15), 34.357, 2.796, 8.663, -11.725, -0.008, 358/gDblProcessSpeed
LINE/t (10,11,12,14,15), 34.288, 3.665, 10.717, -14.627, -0.007, 357/gDblProcessSpeed
LINE/t (10,11,12,14,15), 34.22, 4.634, 12.721, -17.523, -0.007, 356/gDblProcessSpeed
LINE/t (10,11,12,14,15), 34.153, 5.702, 14.668, -20.414, -0.006, 355/gDblProcessSpeed
LINE/t (10,11,12,14,15), 34.087, 6.864, 16.553, -23.3, -0.006, 355/gDblProcessSpeed
LINE/t (10,11,12,14,15), 34.023, 8.118, 18.377, -26.184, -0.005, 355/gDblProcessSpeed
LINE/t (10,11,12,14,15), 33.96, 9.462, 20.132, -29.069, -0.005, 355/gDblProcessSpeed
LINE/t (10,11,12,14,15), 33.898, 10.894, 21.817, -31.956, -0.004, 355/gDblProcessSpeed
LINE/t (10,11,12,14,15), 33.839, 12.411, 23.43, -34.849, -0.004, 356/gDblProcessSpeed
LINE/t (10,11,12,14,15), 33.781, 14.01, 24.965, -37.747, -0.003, 356/gDblProcessSpeed
LINE/t (10,11,12,14,15), 33.725, 15.69, 26.42, -40.654, -0.003, 357/gDblProcessSpeed
LINE/t (10,11,12,14,15), 33.672, 17.456, 27.798, -43.587, -0.002, 360/gDblProcessSpeed
LINE/t (10,11,12,14,15), 33.641, 19.165, 28.998, -46.323, -0.002, 335/gDblProcessSpeed
LINE/t (10,11,12,14,15), 33.642, 20.992, 30.154, -49.16, -0.001, 349/gDblProcessSpeed
LINE/t (10,11,12,14,15), 33.642, 22.873, 31.216, -51.996, -0.001, 349/gDblProcessSpeed
LINE/t (10,11,12,14,15), 33.642, 24.805, 32.182, -54.833, 0., 349/gDblProcessSpeed
LINE/t (10,11,12,14,15), 33.643, 25.614, 32.553, -56., 0., 144/gDblProcessSpeed
LINE/v (10,11,12,14,15), 33.617, 25.614, 32.553, -56., 0., gDblProcessSpeed
LINE/t (10,11,12,14,15), 33.609, 27.494, 33.398, -58.922, 0., 535/gDblProcessSpeed
LINE/t (10,11,12,14,15), 33.617, 28.955, 33.972, -61.181, 0., 434/gDblProcessSpeed
LINE/t (10,11,12,14,15), 33.632, 28.923, 33.966, -61.158, 0., 20/gDblProcessSpeed
LINE/t (10,11,12,14,15), 33.676, 28.904, 33.958, -61.125, 0., 45/gDblProcessSpeed
LINE/t (10,11,12,14,15), 33.676, 28.91, 33.956, -61.113, 0., 15/gDblProcessSpeed
LINE/t (10,11,12,14,15), 33.676, 27.01, 33.184, -58.144, 0., 585/gDblProcessSpeed
LINE/t (10,11,12,14,15), 33.668, 25.826, 32.632, -56.259, 0., 371/gDblProcessSpeed
LINE/t (10,11,12,14,15), 33.617, 25.614, 32.553, -56., 0., 51/gDblProcessSpeed
LINE/t (10,11,12,14,15), 33.49, 24.242, 31.926, -54.047, 0., 251/gDblProcessSpeed
LINE/t (10,11,12,14,15), 33.494, 22.558, 30.885, -51.105, 0., 667/gDblProcessSpeed
LINE/t (10,11,12,14,15), 33.49, 22.315, 30.722, -50.671, 0., 98/gDblProcessSpeed
LINE/t (10,11,12,14,15), 33.431, 22.36, 30.75, -50.744, 0., 60/gDblProcessSpeed
LINE/t (10,11,12,14,15), 33.431, 22.359, 30.761, -50.772, 0., 23/gDblProcessSpeed
LINE/t (10,11,12,14,15), 33.438, 24.01, 31.819, -53.729, 0., 705/gDblProcessSpeed
LINE/t (10,11,12,14,15), 33.452, 24.112, 31.873, -53.887, 0., 28/gDblProcessSpeed
LINE/t (10,11,12,14,15), 33.49, 24.242, 31.926, -54.047, 0., 38/gDblProcessSpeed
LINE/v (10,11,12,14,15), 33.465, 24.242, 31.926, -54.047, 0., gDblProcessSpeed
LINE/t (10,11,12,14,15), 33.465, 26.309, 32.848, -56.978, 0., 325/gDblProcessSpeed
LINE/t (10,11,12,14,15), 33.465, 28.421, 33.663, -59.91, 0., 325/gDblProcessSpeed
LINE/t (10,11,12,14,15), 33.465, 30.571, 34.371, -62.841, 0., 325/gDblProcessSpeed
LINE/t (10,11,12,14,15), 33.465, 32.756, 34.968, -65.773, 0., 325/gDblProcessSpeed
LINE/t (10,11,12,14,15), 33.465, 34.967, 35.45, -68.704, 0., 325/gDblProcessSpeed
LINE/t (10,11,12,14,15), 33.465, 37.201, 35.819, -71.636, 0., 325/gDblProcessSpeed
LINE/t (10,11,12,14,15), 33.465, 38.099, 35.937, -72.808, 0., 130/gDblProcessSpeed
LINE/v (10,11,12,14,15), 33.287, 38.099, 35.937, -72.808, 0., gDblProcessSpeed
LINE/t (10,11,12,14,15), 33.287, 35.826, 35.606, -69.834, 0., 330/gDblProcessSpeed
LINE/t (10,11,12,14,15), 33.287, 33.572, 35.16, -66.859, 0., 330/gDblProcessSpeed
LINE/t (10,11,12,14,15), 33.287, 32.084, 34.797, -64.876, 0., 220/gDblProcessSpeed
LINE/v (10,11,12,14,15), 33.262, 32.084, 34.797, -64.876, 0., gDblProcessSpeed
LINE/t (10,11,12,14,15), 33.32, 31.833, 34.736, -64.567, 0., 60/gDblProcessSpeed
LINE/t (10,11,12,14,15), 33.321, 29.911, 34.09, -61.64, 0., 570/gDblProcessSpeed
LINE/t (10,11,12,14,15), 33.314, 28.691, 33.611, -59.752, 0., 369/gDblProcessSpeed
LINE/t (10,11,12,14,15), 33.313, 28.717, 33.608, -59.746, 0., 32/gDblProcessSpeed
LINE/t (10,11,12,14,15), 33.254, 28.693, 33.606, -59.734, 0., 61/gDblProcessSpeed
LINE/t (10,11,12,14,15), 33.254, 30.626, 34.336, -62.693, 0., 565/gDblProcessSpeed
LINE/t (10,11,12,14,15), 33.262, 32.084, 34.797, -64.876, 0., 405/gDblProcessSpeed
LINE/t (10,11,12,14,15), 33.276, 31.733, 34.704, -64.406, 0., 54/gDblProcessSpeed
LINE/t (10,11,12,14,15), 33.276, 29.801, 34.05, -61.473, 0., 562/gDblProcessSpeed
LINE/t (10,11,12,14,15), 33.282, 28.88, 33.692, -60.057, 0., 272/gDblProcessSpeed
LINE/t (10,11,12,14,15), 33.284, 28.893, 33.676, -60.003, 0., 59/gDblProcessSpeed
LINE/t (10,11,12,14,15), 33.298, 28.838, 33.67, -59.972, 0., 32/gDblProcessSpeed
LINE/t (10,11,12,14,15), 33.298, 30.76, 34.389, -62.928, 0., 576/gDblProcessSpeed
LINE/t (10,11,12,14,15), 33.298, 31.733, 34.704, -64.406, 0., 288/gDblProcessSpeed
LINE/v (10,11,12,14,15), 33.631, 31.733, 34.704, -64.406, 0., gDblProcessSpeed
LINE/t (10,11,12,14,15), 33.631, 29.801, 34.05, -61.473, 0., 562/gDblProcessSpeed
LINE/t (10,11,12,14,15), 33.637, 28.88, 33.692, -60.057, 0., 272/gDblProcessSpeed
LINE/t (10,11,12,14,15), 33.639, 28.893, 33.676, -60.003, 0., 59/gDblProcessSpeed
LINE/t (10,11,12,14,15), 33.654, 28.838, 33.67, -59.972, 0., 32/gDblProcessSpeed
LINE/t (10,11,12,14,15), 33.654, 30.76, 34.389, -62.928, 0., 576/gDblProcessSpeed
LINE/t (10,11,12,14,15), 33.654, 31.733, 34.704, -64.406, 0., 288/gDblProcessSpeed
LINE/t (10,11,12,14,15), 33.643, 32.084, 34.797, -64.876, 0., 53/gDblProcessSpeed
LINE/t (10,11,12,14,15), 33.643, 34.321, 35.321, -67.851, 0., 330/gDblProcessSpeed
LINE/t (10,11,12,14,15), 33.643, 36.581, 35.73, -70.825, 0., 330/gDblProcessSpeed
LINE/t (10,11,12,14,15), 33.643, 38.099, 35.937, -72.808, 0., 220/gDblProcessSpeed
LINE/v (10,11,12,14,15), 33.82, 38.099, 35.937, -72.808, 0., gDblProcessSpeed
LINE/t (10,11,12,14,15), 33.82, 35.858, 35.612, -69.877, 0., 325/gDblProcessSpeed
LINE/t (10,11,12,14,15), 33.82, 33.637, 35.173, -66.945, 0., 325/gDblProcessSpeed
LINE/t (10,11,12,14,15), 33.82, 31.441, 34.622, -64.014, 0., 325/gDblProcessSpeed
LINE/t (10,11,12,14,15), 33.82, 29.277, 33.961, -61.082, 0., 325/gDblProcessSpeed
LINE/t (10,11,12,14,15), 33.82, 27.149, 33.187, -58.151, 0., 325/gDblProcessSpeed
LINE/t (10,11,12,14,15), 33.82, 25.063, 32.307, -55.219, 0., 325/gDblProcessSpeed
LINE/t (10,11,12,14,15), 33.82, 24.242, 31.926, -54.047, 0., 130/gDblProcessSpeed
LINE/t (10,11,12,14,15), 33.832, 24.004, 31.812, -53.705, 0., 39/gDblProcessSpeed
LINE/t (10,11,12,14,15), 33.824, 22.394, 30.776, -50.814, 0., 694/gDblProcessSpeed
LINE/t (10,11,12,14,15), 33.809, 22.628, 30.933, -51.233, 0., 98/gDblProcessSpeed
LINE/t (10,11,12,14,15), 33.809, 24.004, 31.812, -53.705, 0., 597/gDblProcessSpeed
LINE/v (10,11,12,14,15), 33.476, 24.004, 31.812, -53.705, 0., gDblProcessSpeed
LINE/t (10,11,12,14,15), 33.468, 22.394, 30.776, -50.814, 0., 694/gDblProcessSpeed
LINE/t (10,11,12,14,15), 33.454, 22.628, 30.933, -51.233, 0., 98/gDblProcessSpeed
LINE/t (10,11,12,14,15), 33.454, 24.004, 31.812, -53.705, 0., 597/gDblProcessSpeed
LINE/t (10,11,12,14,15), 33.287, 25.614, 32.553, -56., 0., 304/gDblProcessSpeed
LINE/t (10,11,12,14,15), 33.287, 23.556, 31.572, -53.005, -0.001, 369/gDblProcessSpeed
LINE/t (10,11,12,14,15), 33.286, 21.551, 30.482, -50.008, -0.001, 369/gDblProcessSpeed
LINE/t (10,11,12,14,15), 33.286, 19.708, 29.354, -47.171, -0.002, 350/gDblProcessSpeed
LINE/t (10,11,12,14,15), 33.303, 17.967, 28.166, -44.407, -0.002, 340/gDblProcessSpeed
LINE/t (10,11,12,14,15), 33.359, 16.19, 26.821, -41.488, -0.003, 360/gDblProcessSpeed
LINE/t (10,11,12,14,15), 33.418, 14.491, 25.393, -38.584, -0.003, 358/gDblProcessSpeed
LINE/t (10,11,12,14,15), 33.479, 12.871, 23.882, -35.687, -0.004, 357/gDblProcessSpeed
LINE/t (10,11,12,14,15), 33.542, 11.332, 22.294, -32.797, -0.004, 356/gDblProcessSpeed
LINE/t (10,11,12,14,15), 33.607, 9.878, 20.631, -29.913, -0.005, 356/gDblProcessSpeed
LINE/t (10,11,12,14,15), 33.673, 8.51, 18.898, -27.03, -0.005, 355/gDblProcessSpeed
LINE/t (10,11,12,14,15), 33.741, 7.23, 17.097, -24.149, -0.006, 355/gDblProcessSpeed
LINE/t (10,11,12,14,15), 33.811, 6.042, 15.229, -21.264, -0.006, 356/gDblProcessSpeed
LINE/t (10,11,12,14,15), 33.882, 4.947, 13.301, -18.377, -0.007, 356/gDblProcessSpeed
LINE/t (10,11,12,14,15), 33.954, 3.949, 11.316, -15.484, -0.007, 357/gDblProcessSpeed
LINE/t (10,11,12,14,15), 34.027, 3.05, 9.274, -12.583, -0.008, 358/gDblProcessSpeed
LINE/t (10,11,12,14,15), 34.101, 2.252, 7.181, -9.671, -0.008, 359/gDblProcessSpeed
LINE/t (10,11,12,14,15), 34.176, 1.56, 5.041, -6.751, -0.008, 360/gDblProcessSpeed
LINE/t (10,11,12,14,15), 34.251, 0.974, 2.853, -3.815, -0.008, 362/gDblProcessSpeed
LINE/t (10,11,12,14,15), 34.327, 0.501, 0.641, -0.873, -0.008, 363/gDblProcessSpeed
LINE/t (10,11,12,14,15), 34.349, 0.382, -0.013, -0.005, -0.008, 106/gDblProcessSpeed
LINE/t (10,11,12,14,15), 35.021, 3.573, -0.181, 0.086, -0.008, 3285/gDblProcessSpeed
LINE/t (10,11,12,14,15), 35.033, 82.027, -1.462, 1.924, -0.008, 78888/gDblProcessSpeed
LINE/v (10,11,12,14,15), 35.152, 82.027, -1.462, 1.924, -0.008, gDblProcessSpeed
LINE/t (10,11,12,14,15), 35.128, 3.43, -0.174, 0.083, -0.008, 79032/gDblProcessSpeed
LINE/t (10,11,12,14,15), 34.493, 0.377, -0.012, -0.006, -0.008, 3141/gDblProcessSpeed
LINE/t (10,11,12,14,15), 34.417, 0.821, 2.244, -3.004, -0.008, 375/gDblProcessSpeed
LINE/t (10,11,12,14,15), 34.343, 1.369, 4.442, -5.94, -0.008, 368/gDblProcessSpeed
LINE/t (10,11,12,14,15), 34.27, 2.013, 6.555, -8.81, -0.008, 360/gDblProcessSpeed
LINE/t (10,11,12,14,15), 34.195, 2.795, 8.719, -11.802, -0.007, 375/gDblProcessSpeed
LINE/t (10,11,12,14,15), 34.121, 3.684, 10.826, -14.78, -0.007, 373/gDblProcessSpeed
LINE/t (10,11,12,14,15), 34.048, 4.678, 12.879, -17.75, -0.006, 372/gDblProcessSpeed
LINE/t (10,11,12,14,15), 33.976, 5.775, 14.87, -20.715, -0.006, 372/gDblProcessSpeed
LINE/t (10,11,12,14,15), 33.905, 6.972, 16.798, -23.676, -0.005, 371/gDblProcessSpeed
LINE/t (10,11,12,14,15), 33.837, 8.265, 18.657, -26.635, -0.004, 371/gDblProcessSpeed
LINE/t (10,11,12,14,15), 33.77, 9.652, 20.447, -29.595, -0.004, 371/gDblProcessSpeed
LINE/t (10,11,12,14,15), 33.704, 11.131, 22.161, -32.557, -0.003, 371/gDblProcessSpeed
LINE/t (10,11,12,14,15), 33.641, 12.699, 23.798, -35.525, -0.002, 372/gDblProcessSpeed
LINE/t (10,11,12,14,15), 33.58, 14.354, 25.354, -38.502, -0.002, 373/gDblProcessSpeed
LINE/t (10,11,12,14,15), 33.521, 16.097, 26.826, -41.495, -0.001, 375/gDblProcessSpeed
LINE/t (10,11,12,14,15), 33.467, 17.844, 28.155, -44.375, -0.001, 361/gDblProcessSpeed
LINE/t (10,11,12,14,15), 33.465, 19.585, 29.348, -47.151, 0., 348/gDblProcessSpeed
LINE/t (10,11,12,14,15), 33.143, 19.654, 29.392, -47.257, 0., 322/gDblProcessSpeed
LINE/t (10,11,12,14,15), 33.076, 19.861, 29.503, -47.528, 0., 67/gDblProcessSpeed
LINE/t (10,11,12,14,15), 33.083, 21.404, 30.642, -50.456, 0., 729/gDblProcessSpeed
LINE/t (10,11,12,14,15), 33.084, 21.449, 30.675, -50.546, 0., 25/gDblProcessSpeed
LINE/t (10,11,12,14,15), 33.098, 21.496, 30.696, -50.6, 0., 15/gDblProcessSpeed
LINE/t (10,11,12,14,15), 33.143, 21.4, 30.645, -50.465, 0., 45/gDblProcessSpeed
LINE/t (10,11,12,14,15), 33.143, 19.82, 29.517, -47.564, 0., 670/gDblProcessSpeed
LINE/t (10,11,12,14,15), 33.143, 19.654, 29.392, -47.257, 0., 69/gDblProcessSpeed
LINE/t (10,11,12,14,15), 33.109, 19.585, 29.348, -47.151, 0., 36/gDblProcessSpeed
LINE/t (10,11,12,14,15), 33.114, 17.76, 28.093, -44.237, -0.001, 366/gDblProcessSpeed
LINE/t (10,11,12,14,15), 33.174, 15.95, 26.707, -41.245, -0.001, 377/gDblProcessSpeed
LINE/t (10,11,12,14,15), 33.237, 14.222, 25.234, -38.265, -0.002, 375/gDblProcessSpeed
LINE/t (10,11,12,14,15), 33.302, 12.577, 23.673, -35.294, -0.003, 374/gDblProcessSpeed
LINE/t (10,11,12,14,15), 33.369, 11.019, 22.033, -32.331, -0.003, 373/gDblProcessSpeed
LINE/t (10,11,12,14,15), 33.439, 9.55, 20.316, -29.374, -0.004, 372/gDblProcessSpeed
LINE/t (10,11,12,14,15), 33.511, 8.172, 18.524, -26.419, -0.004, 372/gDblProcessSpeed
LINE/t (10,11,12,14,15), 33.584, 6.888, 16.661, -23.464, -0.005, 372/gDblProcessSpeed
LINE/t (10,11,12,14,15), 33.659, 5.701, 14.731, -20.506, -0.006, 372/gDblProcessSpeed
LINE/t (10,11,12,14,15), 33.735, 4.612, 12.738, -17.544, -0.006, 373/gDblProcessSpeed
LINE/t (10,11,12,14,15), 33.813, 3.626, 10.683, -14.576, -0.007, 374/gDblProcessSpeed
LINE/t (10,11,12,14,15), 33.892, 2.746, 8.574, -11.6, -0.008, 374/gDblProcessSpeed
LINE/t (10,11,12,14,15), 33.971, 1.972, 6.408, -8.61, -0.008, 376/gDblProcessSpeed
LINE/t (10,11,12,14,15), 34.052, 1.31, 4.197, -5.611, -0.008, 377/gDblProcessSpeed
LINE/t (10,11,12,14,15), 34.131, 0.775, 1.998, -2.677, -0.008, 369/gDblProcessSpeed
LINE/t (10,11,12,14,15), 34.203, 0.386, -0.014, -0.005, -0.008, 335/gDblProcessSpeed
LINE/t (10,11,12,14,15), 34.899, 3.598, -0.182, 0.087, -0.008, 3311/gDblProcessSpeed
LINE/t (10,11,12,14,15), 34.911, 82.027, -1.462, 1.924, -0.008, 78863/gDblProcessSpeed
LINE/v (10,11,12,14,15), 34.789, 82.027, -1.462, 1.924, -0.008, gDblProcessSpeed
LINE/t (10,11,12,14,15), 34.767, 3.52, -0.178, 0.085, -0.008, 78942/gDblProcessSpeed
LINE/t (10,11,12,14,15), 34.057, 0.39, -0.015, -0.003, -0.008, 3232/gDblProcessSpeed
LINE/t (10,11,12,14,15), 33.976, 0.837, 2.232, -2.99, -0.008, 368/gDblProcessSpeed
LINE/t (10,11,12,14,15), 33.897, 1.382, 4.396, -5.88, -0.008, 357/gDblProcessSpeed
LINE/t (10,11,12,14,15), 33.818, 2.042, 6.547, -8.802, -0.008, 361/gDblProcessSpeed
LINE/t (10,11,12,14,15), 33.739, 2.81, 8.658, -11.719, -0.008, 361/gDblProcessSpeed
LINE/t (10,11,12,14,15), 33.662, 3.678, 10.712, -14.62, -0.007, 359/gDblProcessSpeed
LINE/t (10,11,12,14,15), 33.585, 4.647, 12.715, -17.515, -0.007, 358/gDblProcessSpeed
LINE/t (10,11,12,14,15), 33.509, 5.713, 14.661, -20.404, -0.006, 357/gDblProcessSpeed
LINE/t (10,11,12,14,15), 33.435, 6.872, 16.544, -23.287, -0.006, 356/gDblProcessSpeed
LINE/t (10,11,12,14,15), 33.363, 8.124, 18.365, -26.168, -0.005, 356/gDblProcessSpeed
LINE/t (10,11,12,14,15), 33.292, 9.465, 20.118, -29.048, -0.005, 356/gDblProcessSpeed
LINE/t (10,11,12,14,15), 33.223, 10.892, 21.801, -31.928, -0.004, 356/gDblProcessSpeed
LINE/t (10,11,12,14,15), 33.156, 12.403, 23.411, -34.814, -0.004, 357/gDblProcessSpeed
LINE/t (10,11,12,14,15), 33.09, 13.996, 24.942, -37.703, -0.003, 357/gDblProcessSpeed
LINE/t (10,11,12,14,15), 33.028, 15.668, 26.394, -40.601, -0.003, 358/gDblProcessSpeed
LINE/t (10,11,12,14,15), 32.968, 17.426, 27.769, -43.523, -0.002, 361/gDblProcessSpeed
LINE/t (10,11,12,14,15), 32.93, 19.104, 28.953, -46.216, -0.002, 332/gDblProcessSpeed
LINE/t (10,11,12,14,15), 32.93, 21.024, 30.17, -49.201, -0.001, 369/gDblProcessSpeed
LINE/t (10,11,12,14,15), 32.931, 23.004, 31.284, -52.186, -0.001, 369/gDblProcessSpeed
LINE/t (10,11,12,14,15), 32.931, 25.04, 32.291, -55.171, 0., 369/gDblProcessSpeed
LINE/t (10,11,12,14,15), 32.931, 25.614, 32.553, -56., 0., 103/gDblProcessSpeed
LINE/v (10,11,12,14,15), 32.957, 25.614, 32.553, -56., 0., gDblProcessSpeed
LINE/t (10,11,12,14,15), 32.898, 25.863, 32.651, -56.322, 0., 61/gDblProcessSpeed
LINE/t (10,11,12,14,15), 32.898, 27.78, 33.504, -59.319, 0., 565/gDblProcessSpeed
LINE/t (10,11,12,14,15), 32.904, 28.959, 33.961, -61.129, 0., 341/gDblProcessSpeed
LINE/t (10,11,12,14,15), 32.906, 29.009, 33.993, -61.265, 0., 64/gDblProcessSpeed
LINE/t (10,11,12,14,15), 32.935, 29.07, 34.009, -61.329, 0., 30/gDblProcessSpeed
LINE/t (10,11,12,14,15), 32.965, 28.959, 33.971, -61.171, 0., 37/gDblProcessSpeed
LINE/t (10,11,12,14,15), 32.965, 27.033, 33.201, -58.208, 0., 555/gDblProcessSpeed
LINE/t (10,11,12,14,15), 32.957, 25.614, 32.553, -56., 0., 401/gDblProcessSpeed
LINE/t (10,11,12,14,15), 33.109, 24.242, 31.926, -54.047, 0., 265/gDblProcessSpeed
LINE/t (10,11,12,14,15), 33.109, 26.309, 32.848, -56.978, 0., 325/gDblProcessSpeed
LINE/t (10,11,12,14,15), 33.109, 28.421, 33.663, -59.91, 0., 325/gDblProcessSpeed
LINE/t (10,11,12,14,15), 33.109, 30.571, 34.371, -62.841, 0., 325/gDblProcessSpeed
LINE/t (10,11,12,14,15), 33.109, 32.756, 34.968, -65.773, 0., 325/gDblProcessSpeed
LINE/t (10,11,12,14,15), 33.109, 34.967, 35.45, -68.704, 0., 325/gDblProcessSpeed
LINE/t (10,11,12,14,15), 33.109, 37.201, 35.819, -71.636, 0., 325/gDblProcessSpeed
LINE/t (10,11,12,14,15), 33.109, 38.099, 35.937, -72.808, 0., 130/gDblProcessSpeed
LINE/v (10,11,12,14,15), 32.931, 38.099, 35.937, -72.808, 0., gDblProcessSpeed
LINE/t (10,11,12,14,15), 32.931, 35.826, 35.606, -69.834, 0., 330/gDblProcessSpeed
LINE/t (10,11,12,14,15), 32.931, 33.572, 35.16, -66.859, 0., 330/gDblProcessSpeed
LINE/t (10,11,12,14,15), 32.931, 32.084, 34.797, -64.876, 0., 220/gDblProcessSpeed
LINE/t (10,11,12,14,15), 32.943, 31.733, 34.704, -64.406, 0., 53/gDblProcessSpeed
LINE/t (10,11,12,14,15), 32.943, 29.801, 34.05, -61.473, 0., 562/gDblProcessSpeed
LINE/t (10,11,12,14,15), 32.937, 28.88, 33.692, -60.057, 0., 272/gDblProcessSpeed
LINE/t (10,11,12,14,15), 32.935, 28.893, 33.676, -60.003, 0., 59/gDblProcessSpeed
LINE/t (10,11,12,14,15), 32.92, 28.838, 33.67, -59.972, 0., 32/gDblProcessSpeed
LINE/t (10,11,12,14,15), 32.92, 30.76, 34.389, -62.928, 0., 576/gDblProcessSpeed
LINE/t (10,11,12,14,15), 32.92, 31.733, 34.704, -64.406, 0., 288/gDblProcessSpeed
LINE/t (10,11,12,14,15), 32.609, 31.958, 34.764, -64.707, 0., 313/gDblProcessSpeed
LINE/t (10,11,12,14,15), 32.609, 29.972, 34.117, -61.747, 0., 535/gDblProcessSpeed
LINE/t (10,11,12,14,15), 32.603, 28.628, 33.603, -59.714, 0., 368/gDblProcessSpeed
LINE/t (10,11,12,14,15), 32.601, 28.573, 33.564, -59.573, 0., 63/gDblProcessSpeed
LINE/t (10,11,12,14,15), 32.572, 28.509, 33.547, -59.505, 0., 30/gDblProcessSpeed
LINE/t (10,11,12,14,15), 32.542, 28.625, 33.591, -59.67, 0., 37/gDblProcessSpeed
LINE/t (10,11,12,14,15), 32.542, 30.532, 34.328, -62.653, 0., 610/gDblProcessSpeed
LINE/t (10,11,12,14,15), 32.55, 31.659, 34.698, -64.381, 0., 346/gDblProcessSpeed
LINE/t (10,11,12,14,15), 32.609, 31.958, 34.764, -64.707, 0., 62/gDblProcessSpeed
LINE/t (10,11,12,14,15), 32.576, 32.084, 34.797, -64.876, 0., 38/gDblProcessSpeed
LINE/t (10,11,12,14,15), 32.576, 34.321, 35.321, -67.851, 0., 330/gDblProcessSpeed
LINE/t (10,11,12,14,15), 32.576, 36.581, 35.73, -70.825, 0., 330/gDblProcessSpeed
LINE/t (10,11,12,14,15), 32.576, 38.099, 35.937, -72.808, 0., 220/gDblProcessSpeed
LINE/v (10,11,12,14,15), 32.754, 38.099, 35.937, -72.808, 0., gDblProcessSpeed
LINE/t (10,11,12,14,15), 32.754, 35.858, 35.612, -69.877, 0., 325/gDblProcessSpeed
LINE/t (10,11,12,14,15), 32.754, 33.637, 35.173, -66.945, 0., 325/gDblProcessSpeed
LINE/t (10,11,12,14,15), 32.754, 31.441, 34.622, -64.014, 0., 325/gDblProcessSpeed
LINE/t (10,11,12,14,15), 32.754, 29.277, 33.961, -61.082, 0., 325/gDblProcessSpeed
LINE/t (10,11,12,14,15), 32.754, 27.149, 33.187, -58.151, 0., 325/gDblProcessSpeed
LINE/t (10,11,12,14,15), 32.754, 25.063, 32.307, -55.219, 0., 325/gDblProcessSpeed
LINE/t (10,11,12,14,15), 32.754, 24.242, 31.926, -54.047, 0., 130/gDblProcessSpeed
LINE/v (10,11,12,14,15), 32.779, 24.242, 31.926, -54.047, 0., gDblProcessSpeed
LINE/t (10,11,12,14,15), 32.783, 22.558, 30.885, -51.105, 0., 667/gDblProcessSpeed
LINE/t (10,11,12,14,15), 32.779, 22.315, 30.722, -50.671, 0., 98/gDblProcessSpeed
LINE/t (10,11,12,14,15), 32.72, 22.36, 30.75, -50.744, 0., 60/gDblProcessSpeed
LINE/t (10,11,12,14,15), 32.72, 22.359, 30.761, -50.772, 0., 23/gDblProcessSpeed
LINE/t (10,11,12,14,15), 32.727, 24.01, 31.819, -53.729, 0., 705/gDblProcessSpeed
LINE/t (10,11,12,14,15), 32.741, 24.112, 31.873, -53.887, 0., 28/gDblProcessSpeed
LINE/t (10,11,12,14,15), 32.779, 24.242, 31.926, -54.047, 0., 38/gDblProcessSpeed
LINE/t (10,11,12,14,15), 32.765, 24.004, 31.812, -53.705, 0., 41/gDblProcessSpeed
LINE/t (10,11,12,14,15), 32.757, 22.394, 30.776, -50.814, 0., 694/gDblProcessSpeed
LINE/t (10,11,12,14,15), 32.742, 22.628, 30.933, -51.233, 0., 98/gDblProcessSpeed
LINE/t (10,11,12,14,15), 32.742, 24.004, 31.812, -53.705, 0., 597/gDblProcessSpeed
LINE/t (10,11,12,14,15), 32.576, 25.614, 32.553, -56., 0., 304/gDblProcessSpeed
LINE/t (10,11,12,14,15), 32.575, 23.566, 31.576, -53.017, -0.001, 369/gDblProcessSpeed
LINE/t (10,11,12,14,15), 32.575, 21.57, 30.491, -50.032, -0.001, 369/gDblProcessSpeed
LINE/t (10,11,12,14,15), 32.575, 19.629, 29.299, -47.04, -0.002, 370/gDblProcessSpeed
LINE/t (10,11,12,14,15), 32.592, 18.082, 28.244, -44.583, -0.002, 303/gDblProcessSpeed
LINE/t (10,11,12,14,15), 32.654, 16.302, 26.906, -41.666, -0.003, 361/gDblProcessSpeed
LINE/t (10,11,12,14,15), 32.72, 14.6, 25.484, -38.763, -0.003, 359/gDblProcessSpeed
LINE/t (10,11,12,14,15), 32.787, 12.976, 23.978, -35.867, -0.004, 359/gDblProcessSpeed
LINE/t (10,11,12,14,15), 32.857, 11.433, 22.395, -32.977, -0.004, 358/gDblProcessSpeed
LINE/t (10,11,12,14,15), 32.93, 9.973, 20.737, -30.093, -0.005, 357/gDblProcessSpeed
LINE/t (10,11,12,14,15), 33.004, 8.598, 19.007, -27.209, -0.005, 357/gDblProcessSpeed
LINE/t (10,11,12,14,15), 33.08, 7.313, 17.21, -24.326, -0.006, 357/gDblProcessSpeed
LINE/t (10,11,12,14,15), 33.158, 6.117, 15.344, -21.44, -0.006, 357/gDblProcessSpeed
LINE/t (10,11,12,14,15), 33.237, 5.015, 13.417, -18.549, -0.007, 358/gDblProcessSpeed
LINE/t (10,11,12,14,15), 33.317, 4.01, 11.433, -15.654, -0.007, 358/gDblProcessSpeed
LINE/t (10,11,12,14,15), 33.399, 3.103, 9.391, -12.749, -0.008, 360/gDblProcessSpeed
LINE/t (10,11,12,14,15), 33.481, 2.298, 7.298, -9.833, -0.008, 361/gDblProcessSpeed
LINE/t (10,11,12,14,15), 33.565, 1.599, 5.158, -6.91, -0.008, 362/gDblProcessSpeed
LINE/t (10,11,12,14,15), 33.65, 0.998, 2.936, -3.927, -0.008, 369/gDblProcessSpeed
LINE/t (10,11,12,14,15), 33.733, 0.526, 0.757, -1.029, -0.008, 359/gDblProcessSpeed
LINE/t (10,11,12,14,15), 33.762, 0.385, -0.009, -0.011, -0.008, 125/gDblProcessSpeed
LINE/t (10,11,12,14,15), 34.536, 3.655, -0.185, 0.088, -0.008, 3385/gDblProcessSpeed
LINE/t (10,11,12,14,15), 34.547, 82.027, -1.462, 1.924, -0.008, 78806/gDblProcessSpeed
LINE/v (10,11,12,14,15), 34.667, 82.027, -1.462, 1.924, -0.008, gDblProcessSpeed
LINE/t (10,11,12,14,15), 34.645, 3.545, -0.179, 0.086, -0.008, 78916/gDblProcessSpeed
LINE/t (10,11,12,14,15), 33.83, 0.808, 2.111, -2.828, -0.008, 3614/gDblProcessSpeed
LINE/t (10,11,12,14,15), 33.745, 1.356, 4.337, -5.8, -0.008, 375/gDblProcessSpeed
LINE/t (10,11,12,14,15), 33.661, 2.023, 6.542, -8.794, -0.008, 378/gDblProcessSpeed
LINE/t (10,11,12,14,15), 33.576, 2.803, 8.704, -11.782, -0.007, 377/gDblProcessSpeed
LINE/t (10,11,12,14,15), 33.493, 3.689, 10.808, -14.755, -0.007, 375/gDblProcessSpeed
LINE/t (10,11,12,14,15), 33.411, 4.681, 12.858, -17.72, -0.006, 374/gDblProcessSpeed
LINE/t (10,11,12,14,15), 33.331, 5.773, 14.845, -20.679, -0.006, 374/gDblProcessSpeed
LINE/t (10,11,12,14,15), 33.251, 6.965, 16.77, -23.634, -0.005, 373/gDblProcessSpeed
LINE/t (10,11,12,14,15), 33.174, 8.252, 18.626, -26.585, -0.004, 373/gDblProcessSpeed
LINE/t (10,11,12,14,15), 33.099, 9.633, 20.412, -29.537, -0.004, 373/gDblProcessSpeed
LINE/t (10,11,12,14,15), 33.025, 11.104, 22.123, -32.49, -0.003, 373/gDblProcessSpeed
LINE/t (10,11,12,14,15), 32.954, 12.664, 23.756, -35.448, -0.002, 374/gDblProcessSpeed
LINE/t (10,11,12,14,15), 32.886, 14.31, 25.309, -38.414, -0.002, 375/gDblProcessSpeed
LINE/t (10,11,12,14,15), 32.82, 16.041, 26.778, -41.395, -0.001, 376/gDblProcessSpeed
LINE/t (10,11,12,14,15), 32.759, 17.778, 28.105, -44.265, -0.001, 362/gDblProcessSpeed
LINE/t (10,11,12,14,15), 32.754, 19.585, 29.348, -47.151, 0., 364/gDblProcessSpeed
LINE/t (10,11,12,14,15), 32.432, 19.654, 29.392, -47.257, 0., 322/gDblProcessSpeed
LINE/t (10,11,12,14,15), 32.365, 19.861, 29.503, -47.528, 0., 67/gDblProcessSpeed
LINE/t (10,11,12,14,15), 32.372, 21.404, 30.642, -50.456, 0., 729/gDblProcessSpeed
LINE/t (10,11,12,14,15), 32.373, 21.449, 30.675, -50.546, 0., 25/gDblProcessSpeed
LINE/t (10,11,12,14,15), 32.387, 21.496, 30.696, -50.6, 0., 15/gDblProcessSpeed
LINE/t (10,11,12,14,15), 32.432, 21.4, 30.645, -50.465, 0., 45/gDblProcessSpeed
LINE/t (10,11,12,14,15), 32.432, 19.82, 29.517, -47.564, 0., 670/gDblProcessSpeed
LINE/t (10,11,12,14,15), 32.432, 19.654, 29.392, -47.257, 0., 69/gDblProcessSpeed
LINE/t (10,11,12,14,15), 32.398, 19.585, 29.348, -47.151, 0., 36/gDblProcessSpeed
LINE/t (10,11,12,14,15), 32.404, 17.774, 28.101, -44.256, -0.001, 366/gDblProcessSpeed
LINE/t (10,11,12,14,15), 32.471, 15.973, 26.721, -41.276, -0.001, 378/gDblProcessSpeed
LINE/t (10,11,12,14,15), 32.54, 14.252, 25.255, -38.307, -0.002, 376/gDblProcessSpeed
LINE/t (10,11,12,14,15), 32.613, 12.613, 23.701, -35.347, -0.003, 375/gDblProcessSpeed
LINE/t (10,11,12,14,15), 32.687, 11.059, 22.068, -32.393, -0.003, 374/gDblProcessSpeed
LINE/t (10,11,12,14,15), 32.765, 9.594, 20.357, -29.445, -0.004, 374/gDblProcessSpeed
LINE/t (10,11,12,14,15), 32.845, 8.218, 18.572, -26.498, -0.004, 374/gDblProcessSpeed
LINE/t (10,11,12,14,15), 32.926, 6.936, 16.716, -23.55, -0.005, 374/gDblProcessSpeed
LINE/t (10,11,12,14,15), 33.01, 5.749, 14.792, -20.6, -0.006, 374/gDblProcessSpeed
LINE/t (10,11,12,14,15), 33.095, 4.66, 12.805, -17.643, -0.006, 375/gDblProcessSpeed
LINE/t (10,11,12,14,15), 33.181, 3.673, 10.755, -14.68, -0.007, 376/gDblProcessSpeed
LINE/t (10,11,12,14,15), 33.269, 2.791, 8.652, -11.71, -0.007, 377/gDblProcessSpeed
LINE/t (10,11,12,14,15), 33.358, 2.014, 6.49, -8.724, -0.008, 379/gDblProcessSpeed
LINE/t (10,11,12,14,15), 33.447, 1.351, 4.287, -5.734, -0.008, 379/gDblProcessSpeed
LINE/t (10,11,12,14,15), 33.537, 0.802, 2.043, -2.739, -0.008, 380/gDblProcessSpeed
LINE/t (10,11,12,14,15), 33.619, 0.403, -0.017, 0., -0.008, 346/gDblProcessSpeed
LINE/t (10,11,12,14,15), 34.414, 3.68, -0.186, 0.09, -0.008, 3396/gDblProcessSpeed
LINE/t (10,11,12,14,15), 34.425, 82.027, -1.462, 1.924, -0.008, 78780/gDblProcessSpeed
LINE/v (10,11,12,14,15), 34.304, 82.027, -1.462, 1.924, -0.008, gDblProcessSpeed
LINE/t (10,11,12,14,15), 34.281, 3.62, -0.183, 0.088, -0.008, 78841/gDblProcessSpeed
LINE/t (10,11,12,14,15), 33.469, 0.393, -0.012, -0.008, -0.008, 3352/gDblProcessSpeed
LINE/t (10,11,12,14,15), 33.38, 0.834, 2.203, -2.951, -0.008, 364/gDblProcessSpeed
LINE/t (10,11,12,14,15), 33.291, 1.392, 4.415, -5.906, -0.008, 367/gDblProcessSpeed
LINE/t (10,11,12,14,15), 33.203, 2.053, 6.566, -8.828, -0.008, 363/gDblProcessSpeed
LINE/t (10,11,12,14,15), 33.116, 2.823, 8.679, -11.749, -0.008, 363/gDblProcessSpeed
LINE/t (10,11,12,14,15), 33.03, 3.694, 10.735, -14.655, -0.007, 361/gDblProcessSpeed
LINE/t (10,11,12,14,15), 32.945, 4.666, 12.74, -17.553, -0.007, 360/gDblProcessSpeed
LINE/t (10,11,12,14,15), 32.862, 5.735, 14.688, -20.446, -0.006, 359/gDblProcessSpeed
LINE/t (10,11,12,14,15), 32.78, 6.897, 16.573, -23.332, -0.006, 358/gDblProcessSpeed
LINE/t (10,11,12,14,15), 32.699, 8.151, 18.394, -26.214, -0.005, 358/gDblProcessSpeed
LINE/t (10,11,12,14,15), 32.62, 9.494, 20.147, -29.096, -0.005, 358/gDblProcessSpeed
LINE/t (10,11,12,14,15), 32.544, 10.923, 21.828, -31.978, -0.004, 358/gDblProcessSpeed
LINE/t (10,11,12,14,15), 32.469, 12.436, 23.438, -34.863, -0.004, 358/gDblProcessSpeed
LINE/t (10,11,12,14,15), 32.397, 14.03, 24.967, -37.752, -0.003, 359/gDblProcessSpeed
LINE/t (10,11,12,14,15), 32.327, 15.702, 26.417, -40.648, -0.003, 360/gDblProcessSpeed
LINE/t (10,11,12,14,15), 32.261, 17.46, 27.79, -43.57, -0.002, 363/gDblProcessSpeed
LINE/t (10,11,12,14,15), 32.219, 19.032, 28.9, -46.093, -0.002, 312/gDblProcessSpeed
LINE/t (10,11,12,14,15), 32.219, 20.939, 30.117, -49.065, -0.001, 369/gDblProcessSpeed
LINE/t (10,11,12,14,15), 32.22, 22.906, 31.231, -52.037, -0.001, 369/gDblProcessSpeed
LINE/t (10,11,12,14,15), 32.22, 24.929, 32.239, -55.01, 0., 369/gDblProcessSpeed
LINE/t (10,11,12,14,15), 32.22, 25.614, 32.553, -56., 0., 123/gDblProcessSpeed
LINE/v (10,11,12,14,15), 32.195, 25.614, 32.553, -56., 0., gDblProcessSpeed
LINE/t (10,11,12,14,15), 32.187, 27.494, 33.398, -58.922, 0., 535/gDblProcessSpeed
LINE/t (10,11,12,14,15), 32.194, 28.955, 33.972, -61.181, 0., 434/gDblProcessSpeed
LINE/t (10,11,12,14,15), 32.209, 28.923, 33.966, -61.158, 0., 20/gDblProcessSpeed
LINE/t (10,11,12,14,15), 32.253, 28.904, 33.958, -61.125, 0., 45/gDblProcessSpeed
LINE/t (10,11,12,14,15), 32.253, 28.91, 33.956, -61.113, 0., 15/gDblProcessSpeed
LINE/t (10,11,12,14,15), 32.254, 27.01, 33.184, -58.144, 0., 585/gDblProcessSpeed
LINE/t (10,11,12,14,15), 32.246, 25.826, 32.632, -56.259, 0., 371/gDblProcessSpeed
LINE/t (10,11,12,14,15), 32.195, 25.614, 32.553, -56., 0., 51/gDblProcessSpeed
LINE/t (10,11,12,14,15), 32.068, 24.242, 31.926, -54.047, 0., 251/gDblProcessSpeed
LINE/t (10,11,12,14,15), 32.072, 22.558, 30.885, -51.105, 0., 667/gDblProcessSpeed
LINE/t (10,11,12,14,15), 32.068, 22.315, 30.722, -50.671, 0., 98/gDblProcessSpeed
LINE/t (10,11,12,14,15), 32.009, 22.36, 30.75, -50.744, 0., 60/gDblProcessSpeed
LINE/t (10,11,12,14,15), 32.009, 22.359, 30.761, -50.772, 0., 23/gDblProcessSpeed
LINE/t (10,11,12,14,15), 32.016, 24.01, 31.819, -53.729, 0., 705/gDblProcessSpeed
LINE/t (10,11,12,14,15), 32.03, 24.112, 31.873, -53.887, 0., 28/gDblProcessSpeed
LINE/t (10,11,12,14,15), 32.068, 24.242, 31.926, -54.047, 0., 38/gDblProcessSpeed
LINE/v (10,11,12,14,15), 32.042, 24.242, 31.926, -54.047, 0., gDblProcessSpeed
LINE/t (10,11,12,14,15), 32.042, 26.309, 32.848, -56.978, 0., 325/gDblProcessSpeed
LINE/t (10,11,12,14,15), 32.042, 28.421, 33.663, -59.91, 0., 325/gDblProcessSpeed
LINE/t (10,11,12,14,15), 32.042, 30.571, 34.371, -62.841, 0., 325/gDblProcessSpeed
LINE/t (10,11,12,14,15), 32.042, 32.756, 34.968, -65.773, 0., 325/gDblProcessSpeed
LINE/t (10,11,12,14,15), 32.042, 34.967, 35.45, -68.704, 0., 325/gDblProcessSpeed
LINE/t (10,11,12,14,15), 32.042, 37.201, 35.819, -71.636, 0., 325/gDblProcessSpeed
LINE/t (10,11,12,14,15), 32.042, 38.099, 35.937, -72.808, 0., 130/gDblProcessSpeed
LINE/v (10,11,12,14,15), 31.865, 38.099, 35.937, -72.808, 0., gDblProcessSpeed
LINE/t (10,11,12,14,15), 31.865, 35.826, 35.606, -69.834, 0., 330/gDblProcessSpeed
LINE/t (10,11,12,14,15), 31.865, 33.572, 35.16, -66.859, 0., 330/gDblProcessSpeed
LINE/t (10,11,12,14,15), 31.865, 32.084, 34.797, -64.876, 0., 220/gDblProcessSpeed
LINE/v (10,11,12,14,15), 31.839, 32.084, 34.797, -64.876, 0., gDblProcessSpeed
LINE/t (10,11,12,14,15), 31.898, 31.833, 34.736, -64.567, 0., 60/gDblProcessSpeed
LINE/t (10,11,12,14,15), 31.898, 29.911, 34.09, -61.64, 0., 570/gDblProcessSpeed
LINE/t (10,11,12,14,15), 31.891, 28.691, 33.611, -59.752, 0., 369/gDblProcessSpeed
LINE/t (10,11,12,14,15), 31.89, 28.717, 33.608, -59.746, 0., 32/gDblProcessSpeed
LINE/t (10,11,12,14,15), 31.831, 28.693, 33.606, -59.734, 0., 61/gDblProcessSpeed
LINE/t (10,11,12,14,15), 31.831, 30.626, 34.336, -62.693, 0., 565/gDblProcessSpeed
LINE/t (10,11,12,14,15), 31.839, 32.084, 34.797, -64.876, 0., 405/gDblProcessSpeed
LINE/t (10,11,12,14,15), 31.853, 31.733, 34.704, -64.406, 0., 54/gDblProcessSpeed
LINE/t (10,11,12,14,15), 31.853, 29.801, 34.05, -61.473, 0., 562/gDblProcessSpeed
LINE/t (10,11,12,14,15), 31.859, 28.88, 33.692, -60.057, 0., 272/gDblProcessSpeed
LINE/t (10,11,12,14,15), 31.861, 28.893, 33.676, -60.003, 0., 59/gDblProcessSpeed
LINE/t (10,11,12,14,15), 31.876, 28.838, 33.67, -59.972, 0., 32/gDblProcessSpeed
LINE/t (10,11,12,14,15), 31.876, 30.76, 34.389, -62.928, 0., 576/gDblProcessSpeed
LINE/t (10,11,12,14,15), 31.876, 31.733, 34.704, -64.406, 0., 288/gDblProcessSpeed
LINE/v (10,11,12,14,15), 32.209, 31.733, 34.704, -64.406, 0., gDblProcessSpeed
LINE/t (10,11,12,14,15), 32.209, 29.801, 34.05, -61.473, 0., 562/gDblProcessSpeed
LINE/t (10,11,12,14,15), 32.215, 28.88, 33.692, -60.057, 0., 272/gDblProcessSpeed
LINE/t (10,11,12,14,15), 32.217, 28.893, 33.676, -60.003, 0., 59/gDblProcessSpeed
LINE/t (10,11,12,14,15), 32.231, 28.838, 33.67, -59.972, 0., 32/gDblProcessSpeed
LINE/t (10,11,12,14,15), 32.231, 30.76, 34.389, -62.928, 0., 576/gDblProcessSpeed
LINE/t (10,11,12,14,15), 32.231, 31.733, 34.704, -64.406, 0., 288/gDblProcessSpeed
LINE/t (10,11,12,14,15), 32.22, 32.084, 34.797, -64.876, 0., 53/gDblProcessSpeed
LINE/t (10,11,12,14,15), 32.22, 34.321, 35.321, -67.851, 0., 330/gDblProcessSpeed
LINE/t (10,11,12,14,15), 32.22, 36.581, 35.73, -70.825, 0., 330/gDblProcessSpeed
LINE/t (10,11,12,14,15), 32.22, 38.099, 35.937, -72.808, 0., 220/gDblProcessSpeed
LINE/v (10,11,12,14,15), 32.398, 38.099, 35.937, -72.808, 0., gDblProcessSpeed
LINE/t (10,11,12,14,15), 32.398, 35.858, 35.612, -69.877, 0., 325/gDblProcessSpeed
LINE/t (10,11,12,14,15), 32.398, 33.637, 35.173, -66.945, 0., 325/gDblProcessSpeed
LINE/t (10,11,12,14,15), 32.398, 31.441, 34.622, -64.014, 0., 325/gDblProcessSpeed
LINE/t (10,11,12,14,15), 32.398, 29.277, 33.961, -61.082, 0., 325/gDblProcessSpeed
LINE/t (10,11,12,14,15), 32.398, 27.149, 33.187, -58.151, 0., 325/gDblProcessSpeed
LINE/t (10,11,12,14,15), 32.398, 25.063, 32.307, -55.219, 0., 325/gDblProcessSpeed
LINE/t (10,11,12,14,15), 32.398, 24.242, 31.926, -54.047, 0., 130/gDblProcessSpeed
LINE/t (10,11,12,14,15), 32.409, 24.004, 31.812, -53.705, 0., 39/gDblProcessSpeed
LINE/t (10,11,12,14,15), 32.401, 22.394, 30.776, -50.814, 0., 694/gDblProcessSpeed
LINE/t (10,11,12,14,15), 32.387, 22.628, 30.933, -51.233, 0., 98/gDblProcessSpeed
LINE/t (10,11,12,14,15), 32.387, 24.004, 31.812, -53.705, 0., 597/gDblProcessSpeed
LINE/v (10,11,12,14,15), 32.054, 24.004, 31.812, -53.705, 0., gDblProcessSpeed
LINE/t (10,11,12,14,15), 32.046, 22.394, 30.776, -50.814, 0., 694/gDblProcessSpeed
LINE/t (10,11,12,14,15), 32.031, 22.628, 30.933, -51.233, 0., 98/gDblProcessSpeed
LINE/t (10,11,12,14,15), 32.031, 24.004, 31.812, -53.705, 0., 597/gDblProcessSpeed
LINE/t (10,11,12,14,15), 31.865, 25.614, 32.553, -56., 0., 304/gDblProcessSpeed
LINE/t (10,11,12,14,15), 31.864, 23.581, 31.583, -53.036, -0.001, 369/gDblProcessSpeed
LINE/t (10,11,12,14,15), 31.864, 21.6, 30.505, -50.07, -0.001, 369/gDblProcessSpeed
LINE/t (10,11,12,14,15), 31.864, 19.672, 29.322, -47.097, -0.002, 370/gDblProcessSpeed
LINE/t (10,11,12,14,15), 31.879, 18.215, 28.333, -44.784, -0.002, 287/gDblProcessSpeed
LINE/t (10,11,12,14,15), 31.948, 16.437, 27.004, -41.875, -0.003, 362/gDblProcessSpeed
LINE/t (10,11,12,14,15), 32.02, 14.735, 25.592, -38.979, -0.003, 361/gDblProcessSpeed
LINE/t (10,11,12,14,15), 32.095, 13.109, 24.095, -36.088, -0.004, 360/gDblProcessSpeed
LINE/t (10,11,12,14,15), 32.171, 11.563, 22.522, -33.205, -0.004, 359/gDblProcessSpeed
LINE/t (10,11,12,14,15), 32.251, 10.1, 20.873, -30.325, -0.005, 359/gDblProcessSpeed
LINE/t (10,11,12,14,15), 32.333, 8.721, 19.15, -27.446, -0.005, 359/gDblProcessSpeed
LINE/t (10,11,12,14,15), 32.417, 7.43, 17.361, -24.566, -0.006, 359/gDblProcessSpeed
LINE/t (10,11,12,14,15), 32.502, 6.229, 15.503, -21.683, -0.006, 359/gDblProcessSpeed
LINE/t (10,11,12,14,15), 32.589, 5.12, 13.583, -18.795, -0.007, 360/gDblProcessSpeed
LINE/t (10,11,12,14,15), 32.678, 4.108, 11.605, -15.903, -0.007, 360/gDblProcessSpeed
LINE/t (10,11,12,14,15), 32.768, 3.193, 9.567, -12.998, -0.008, 362/gDblProcessSpeed
LINE/t (10,11,12,14,15), 32.859, 2.38, 7.48, -10.086, -0.008, 363/gDblProcessSpeed
LINE/t (10,11,12,14,15), 32.951, 1.672, 5.347, -7.168, -0.008, 364/gDblProcessSpeed
LINE/t (10,11,12,14,15), 33.042, 1.079, 3.199, -4.28, -0.008, 360/gDblProcessSpeed
LINE/t (10,11,12,14,15), 33.136, 0.583, 0.967, -1.308, -0.008, 370/gDblProcessSpeed
LINE/t (10,11,12,14,15), 33.177, 0.402, -0.013, -0.006, -0.008, 161/gDblProcessSpeed
LINE/t (10,11,12,14,15), 34.051, 3.756, -0.19, 0.091, -0.008, 3492/gDblProcessSpeed
LINE/t (10,11,12,14,15), 34.062, 82.027, -1.462, 1.924, -0.008, 78704/gDblProcessSpeed
LINE/v (10,11,12,14,15), 34.184, 82.027, -1.462, 1.924, -0.008, gDblProcessSpeed
LINE/v (10,11,12,14,15), 34.173, 3.259, -1.462, 1.924, -0.008, gDblProcessSpeed
LINE/t (10,11,12,14,15), 33.331, -0.264, -2.275, 2.99, -0.008, 3396/gDblProcessSpeed
LINE/t (10,11,12,14,15), 33.328, -0.028, -1.424, 1.868, -0.008, 9/gDblProcessSpeed
LINE/t (10,11,12,14,15), 33.326, 0.541, 0.369, -0.517, -0.008, 8/gDblProcessSpeed
LINE/t (10,11,12,14,15), 33.325, 0.999, 1.655, -2.249, -0.008, 6/gDblProcessSpeed
LINE/t (10,11,12,14,15), 33.324, 1.207, 2.211, -3.003, -0.008, 7/gDblProcessSpeed
LINE/t (10,11,12,14,15), 33.165, 0.695, 2.533, -3.365, -0.008, 640/gDblProcessSpeed
LINE/t (10,11,12,14,15), 33.071, 1.237, 4.694, -6.262, -0.008, 379/gDblProcessSpeed
LINE/t (10,11,12,14,15), 31.209, 2.148, 6.859, -9.258, -2.308, 363/gDblProcessSpeed
LINE/t (10,11,12,14,15), 31.247, 2.941, 8.997, -12.236, -2.126, 362/gDblProcessSpeed
LINE/t (10,11,12,14,15), 31.288, 3.841, 11.085, -15.207, -1.945, 361/gDblProcessSpeed
LINE/t (10,11,12,14,15), 31.332, 4.845, 13.119, -18.169, -1.765, 360/gDblProcessSpeed
LINE/t (10,11,12,14,15), 31.38, 5.95, 15.092, -21.124, -1.585, 359/gDblProcessSpeed
LINE/t (10,11,12,14,15), 31.431, 7.153, 17.004, -24.077, -1.405, 359/gDblProcessSpeed
LINE/t (10,11,12,14,15), 31.486, 8.452, 18.85, -27.027, -1.226, 358/gDblProcessSpeed
LINE/t (10,11,12,14,15), 31.546, 9.844, 20.625, -29.977, -1.046, 358/gDblProcessSpeed
LINE/t (10,11,12,14,15), 31.61, 11.327, 22.328, -32.929, -0.866, 359/gDblProcessSpeed
LINE/t (10,11,12,14,15), 31.678, 12.897, 23.954, -35.885, -0.686, 359/gDblProcessSpeed
LINE/t (10,11,12,14,15), 31.752, 14.553, 25.5, -38.85, -0.506, 360/gDblProcessSpeed
LINE/t (10,11,12,14,15), 31.832, 16.299, 26.968, -41.834, -0.324, 362/gDblProcessSpeed
LINE/t (10,11,12,14,15), 31.921, 18.084, 28.317, -44.763, -0.145, 355/gDblProcessSpeed
LINE/t (10,11,12,14,15), 32.042, 19.585, 29.348, -47.151, 0., 290/gDblProcessSpeed
LINE/t (10,11,12,14,15), 31.72, 19.654, 29.392, -47.257, 0., 322/gDblProcessSpeed
LINE/t (10,11,12,14,15), 31.653, 19.861, 29.503, -47.528, 0., 67/gDblProcessSpeed
LINE/t (10,11,12,14,15), 31.66, 21.404, 30.642, -50.456, 0., 729/gDblProcessSpeed
LINE/t (10,11,12,14,15), 31.661, 21.449, 30.675, -50.546, 0., 25/gDblProcessSpeed
LINE/t (10,11,12,14,15), 31.676, 21.496, 30.696, -50.6, 0., 15/gDblProcessSpeed
LINE/t (10,11,12,14,15), 31.72, 21.4, 30.645, -50.465, 0., 45/gDblProcessSpeed
LINE/t (10,11,12,14,15), 31.72, 19.82, 29.517, -47.564, 0., 670/gDblProcessSpeed
LINE/t (10,11,12,14,15), 31.72, 19.654, 29.392, -47.257, 0., 69/gDblProcessSpeed
LINE/t (10,11,12,14,15), 31.687, 19.585, 29.348, -47.151, 0., 36/gDblProcessSpeed
LINE/t (10,11,12,14,15), 31.693, 17.784, 28.107, -44.269, -0.001, 367/gDblProcessSpeed
LINE/t (10,11,12,14,15), 31.767, 15.985, 26.729, -41.292, -0.001, 379/gDblProcessSpeed
LINE/t (10,11,12,14,15), 31.843, 14.266, 25.265, -38.327, -0.002, 378/gDblProcessSpeed
LINE/t (10,11,12,14,15), 31.923, 12.628, 23.713, -35.369, -0.003, 377/gDblProcessSpeed
LINE/t (10,11,12,14,15), 32.005, 11.075, 22.082, -32.417, -0.003, 376/gDblProcessSpeed
LINE/t (10,11,12,14,15), 32.091, 9.61, 20.372, -29.47, -0.004, 376/gDblProcessSpeed
LINE/t (10,11,12,14,15), 32.178, 8.234, 18.587, -26.523, -0.004, 376/gDblProcessSpeed
LINE/t (10,11,12,14,15), 32.268, 6.95, 16.732, -23.575, -0.005, 376/gDblProcessSpeed
LINE/t (10,11,12,14,15), 32.359, 5.762, 14.807, -20.623, -0.006, 376/gDblProcessSpeed
LINE/t (10,11,12,14,15), 32.453, 4.672, 12.819, -17.664, -0.006, 377/gDblProcessSpeed
LINE/t (10,11,12,14,15), 32.548, 3.683, 10.768, -14.699, -0.007, 378/gDblProcessSpeed
LINE/t (10,11,12,14,15), 32.644, 2.799, 8.663, -11.726, -0.007, 379/gDblProcessSpeed
LINE/t (10,11,12,14,15), 32.742, 2.022, 6.502, -8.74, -0.008, 380/gDblProcessSpeed
LINE/t (10,11,12,14,15), 32.84, 1.358, 4.301, -5.753, -0.008, 381/gDblProcessSpeed
LINE/t (10,11,12,14,15), 32.937, 0.817, 2.101, -2.816, -0.008, 374/gDblProcessSpeed
LINE/t (10,11,12,14,15), 33.029, 0.406, -0.014, -0.005, -0.008, 357/gDblProcessSpeed
LINE/t (10,11,12,14,15), 33.929, 3.782, -0.191, 0.092, -0.008, 3519/gDblProcessSpeed
LINE/t (10,11,12,14,15), 33.94, 82.027, -1.462, 1.924, -0.008, 78678/gDblProcessSpeed
LINE/v (10,11,12,14,15), 33.818, 82.027, -1.462, 1.924, -0.008, gDblProcessSpeed
LINE/t (10,11,12,14,15), 33.798, 3.736, -0.189, 0.091, -0.008, 78724/gDblProcessSpeed
LINE/t (10,11,12,14,15), 32.882, 0.409, -0.015, -0.004, -0.008, 3474/gDblProcessSpeed
LINE/t (10,11,12,14,15), 32.787, 0.84, 2.154, -2.888, -0.008, 360/gDblProcessSpeed
LINE/t (10,11,12,14,15), 32.692, 1.379, 4.311, -5.768, -0.008, 360/gDblProcessSpeed
LINE/t (10,11,12,14,15), 32.596, 2.033, 6.458, -8.683, -0.009, 364/gDblProcessSpeed
LINE/t (10,11,12,14,15), 32.5, 2.796, 8.568, -11.598, -0.008, 364/gDblProcessSpeed
LINE/t (10,11,12,14,15), 32.406, 3.661, 10.628, -14.503, -0.007, 363/gDblProcessSpeed
LINE/t (10,11,12,14,15), 32.313, 4.627, 12.636, -17.402, -0.007, 362/gDblProcessSpeed
LINE/t (10,11,12,14,15), 32.221, 5.691, 14.587, -20.294, -0.006, 361/gDblProcessSpeed
LINE/t (10,11,12,14,15), 32.131, 6.847, 16.472, -23.177, -0.006, 360/gDblProcessSpeed
LINE/t (10,11,12,14,15), 32.042, 8.094, 18.295, -26.057, -0.005, 360/gDblProcessSpeed
LINE/t (10,11,12,14,15), 31.955, 9.43, 20.05, -28.935, -0.005, 360/gDblProcessSpeed
LINE/t (10,11,12,14,15), 31.871, 10.852, 21.733, -31.812, -0.004, 360/gDblProcessSpeed
LINE/t (10,11,12,14,15), 31.79, 12.356, 23.344, -34.692, -0.004, 360/gDblProcessSpeed
LINE/t (10,11,12,14,15), 31.71, 13.941, 24.875, -37.575, -0.003, 360/gDblProcessSpeed
LINE/t (10,11,12,14,15), 31.633, 15.604, 26.327, -40.465, -0.003, 361/gDblProcessSpeed
LINE/t (10,11,12,14,15), 31.56, 17.351, 27.703, -43.377, -0.002, 364/gDblProcessSpeed
LINE/t (10,11,12,14,15), 31.508, 18.977, 28.858, -45.993, -0.002, 326/gDblProcessSpeed
LINE/t (10,11,12,14,15), 31.508, 20.867, 30.07, -48.946, -0.001, 369/gDblProcessSpeed
LINE/t (10,11,12,14,15), 31.508, 22.817, 31.181, -51.899, -0.001, 369/gDblProcessSpeed
LINE/t (10,11,12,14,15), 31.509, 24.821, 32.188, -54.852, 0., 369/gDblProcessSpeed
LINE/t (10,11,12,14,15), 31.509, 25.614, 32.553, -56., 0., 144/gDblProcessSpeed
LINE/v (10,11,12,14,15), 31.535, 25.614, 32.553, -56., 0., gDblProcessSpeed
LINE/t (10,11,12,14,15), 31.476, 25.863, 32.651, -56.322, 0., 61/gDblProcessSpeed
LINE/t (10,11,12,14,15), 31.476, 27.78, 33.504, -59.319, 0., 565/gDblProcessSpeed
LINE/t (10,11,12,14,15), 31.482, 28.959, 33.961, -61.129, 0., 341/gDblProcessSpeed
LINE/t (10,11,12,14,15), 31.484, 29.009, 33.993, -61.265, 0., 64/gDblProcessSpeed
LINE/t (10,11,12,14,15), 31.513, 29.07, 34.009, -61.329, 0., 30/gDblProcessSpeed
LINE/t (10,11,12,14,15), 31.542, 28.959, 33.971, -61.171, 0., 37/gDblProcessSpeed
LINE/t (10,11,12,14,15), 31.543, 27.033, 33.201, -58.208, 0., 555/gDblProcessSpeed
LINE/t (10,11,12,14,15), 31.535, 25.614, 32.553, -56., 0., 401/gDblProcessSpeed
LINE/t (10,11,12,14,15), 31.687, 24.242, 31.926, -54.047, 0., 265/gDblProcessSpeed
LINE/t (10,11,12,14,15), 31.687, 26.309, 32.848, -56.978, 0., 325/gDblProcessSpeed
LINE/t (10,11,12,14,15), 31.687, 28.421, 33.663, -59.91, 0., 325/gDblProcessSpeed
LINE/t (10,11,12,14,15), 31.687, 30.571, 34.371, -62.841, 0., 325/gDblProcessSpeed
LINE/t (10,11,12,14,15), 31.687, 32.756, 34.968, -65.773, 0., 325/gDblProcessSpeed
LINE/t (10,11,12,14,15), 31.687, 34.967, 35.45, -68.704, 0., 325/gDblProcessSpeed
LINE/t (10,11,12,14,15), 31.687, 37.201, 35.819, -71.636, 0., 325/gDblProcessSpeed
LINE/t (10,11,12,14,15), 31.687, 38.099, 35.937, -72.808, 0., 130/gDblProcessSpeed
LINE/v (10,11,12,14,15), 31.509, 38.099, 35.937, -72.808, 0., gDblProcessSpeed
LINE/t (10,11,12,14,15), 31.509, 35.826, 35.606, -69.834, 0., 330/gDblProcessSpeed
LINE/t (10,11,12,14,15), 31.509, 33.572, 35.16, -66.859, 0., 330/gDblProcessSpeed
LINE/t (10,11,12,14,15), 31.509, 32.084, 34.797, -64.876, 0., 220/gDblProcessSpeed
LINE/t (10,11,12,14,15), 31.52, 31.733, 34.704, -64.406, 0., 53/gDblProcessSpeed
LINE/t (10,11,12,14,15), 31.52, 29.801, 34.05, -61.473, 0., 562/gDblProcessSpeed
LINE/t (10,11,12,14,15), 31.514, 28.88, 33.692, -60.057, 0., 272/gDblProcessSpeed
LINE/t (10,11,12,14,15), 31.512, 28.893, 33.676, -60.003, 0., 59/gDblProcessSpeed
LINE/t (10,11,12,14,15), 31.498, 28.838, 33.67, -59.972, 0., 32/gDblProcessSpeed
LINE/t (10,11,12,14,15), 31.498, 30.76, 34.389, -62.928, 0., 576/gDblProcessSpeed
LINE/t (10,11,12,14,15), 31.498, 31.733, 34.704, -64.406, 0., 288/gDblProcessSpeed
LINE/t (10,11,12,14,15), 31.187, 31.958, 34.764, -64.707, 0., 313/gDblProcessSpeed
LINE/t (10,11,12,14,15), 31.187, 29.972, 34.117, -61.747, 0., 535/gDblProcessSpeed
LINE/t (10,11,12,14,15), 31.181, 28.628, 33.603, -59.714, 0., 368/gDblProcessSpeed
LINE/t (10,11,12,14,15), 31.179, 28.573, 33.564, -59.573, 0., 63/gDblProcessSpeed
LINE/t (10,11,12,14,15), 31.149, 28.509, 33.547, -59.505, 0., 30/gDblProcessSpeed
LINE/t (10,11,12,14,15), 31.12, 28.625, 33.591, -59.67, 0., 37/gDblProcessSpeed
LINE/t (10,11,12,14,15), 31.12, 30.532, 34.328, -62.653, 0., 610/gDblProcessSpeed
LINE/t (10,11,12,14,15), 31.128, 31.659, 34.698, -64.381, 0., 346/gDblProcessSpeed
LINE/t (10,11,12,14,15), 31.187, 31.958, 34.764, -64.707, 0., 62/gDblProcessSpeed
LINE/t (10,11,12,14,15), 31.153, 32.084, 34.797, -64.876, 0., 38/gDblProcessSpeed
LINE/t (10,11,12,14,15), 31.153, 34.321, 35.321, -67.851, 0., 330/gDblProcessSpeed
LINE/t (10,11,12,14,15), 31.153, 36.581, 35.73, -70.825, 0., 330/gDblProcessSpeed
LINE/t (10,11,12,14,15), 31.153, 38.099, 35.937, -72.808, 0., 220/gDblProcessSpeed
LINE/v (10,11,12,14,15), 31.331, 38.099, 35.937, -72.808, 0., gDblProcessSpeed
LINE/t (10,11,12,14,15), 31.331, 35.858, 35.612, -69.877, 0., 325/gDblProcessSpeed
LINE/t (10,11,12,14,15), 31.331, 33.637, 35.173, -66.945, 0., 325/gDblProcessSpeed
LINE/t (10,11,12,14,15), 31.331, 31.441, 34.622, -64.014, 0., 325/gDblProcessSpeed
LINE/t (10,11,12,14,15), 31.331, 29.277, 33.961, -61.082, 0., 325/gDblProcessSpeed
LINE/t (10,11,12,14,15), 31.331, 27.149, 33.187, -58.151, 0., 325/gDblProcessSpeed
LINE/t (10,11,12,14,15), 31.331, 25.063, 32.307, -55.219, 0., 325/gDblProcessSpeed
LINE/t (10,11,12,14,15), 31.331, 24.242, 31.926, -54.047, 0., 130/gDblProcessSpeed
LINE/v (10,11,12,14,15), 31.357, 24.242, 31.926, -54.047, 0., gDblProcessSpeed
LINE/t (10,11,12,14,15), 31.361, 22.558, 30.885, -51.105, 0., 667/gDblProcessSpeed
LINE/t (10,11,12,14,15), 31.357, 22.315, 30.722, -50.671, 0., 98/gDblProcessSpeed
LINE/t (10,11,12,14,15), 31.298, 22.36, 30.75, -50.744, 0., 60/gDblProcessSpeed
LINE/t (10,11,12,14,15), 31.298, 22.359, 30.761, -50.772, 0., 23/gDblProcessSpeed
LINE/t (10,11,12,14,15), 31.305, 24.01, 31.819, -53.729, 0., 705/gDblProcessSpeed
LINE/t (10,11,12,14,15), 31.318, 24.112, 31.873, -53.887, 0., 28/gDblProcessSpeed
LINE/t (10,11,12,14,15), 31.357, 24.242, 31.926, -54.047, 0., 38/gDblProcessSpeed
LINE/t (10,11,12,14,15), 31.342, 24.004, 31.812, -53.705, 0., 41/gDblProcessSpeed
LINE/t (10,11,12,14,15), 31.334, 22.394, 30.776, -50.814, 0., 694/gDblProcessSpeed
LINE/t (10,11,12,14,15), 31.32, 22.628, 30.933, -51.233, 0., 98/gDblProcessSpeed
LINE/t (10,11,12,14,15), 31.32, 24.004, 31.812, -53.705, 0., 597/gDblProcessSpeed
LINE/t (10,11,12,14,15), 31.153, 25.614, 32.553, -56., 0., 304/gDblProcessSpeed
LINE/t (10,11,12,14,15), 31.153, 23.592, 31.587, -53.05, -0.001, 369/gDblProcessSpeed
LINE/t (10,11,12,14,15), 31.153, 21.62, 30.515, -50.096, -0.001, 369/gDblProcessSpeed
LINE/t (10,11,12,14,15), 31.152, 19.702, 29.338, -47.135, -0.002, 370/gDblProcessSpeed
LINE/t (10,11,12,14,15), 31.166, 18.332, 28.411, -44.961, -0.002, 271/gDblProcessSpeed
LINE/t (10,11,12,14,15), 31.241, 16.55, 27.088, -42.053, -0.002, 364/gDblProcessSpeed
LINE/t (10,11,12,14,15), 31.32, 14.843, 25.681, -39.156, -0.003, 363/gDblProcessSpeed
LINE/t (10,11,12,14,15), 31.401, 13.212, 24.189, -36.264, -0.003, 362/gDblProcessSpeed
LINE/t (10,11,12,14,15), 31.485, 11.661, 22.619, -33.38, -0.004, 361/gDblProcessSpeed
LINE/t (10,11,12,14,15), 31.572, 10.192, 20.974, -30.498, -0.005, 361/gDblProcessSpeed
LINE/t (10,11,12,14,15), 31.661, 8.807, 19.254, -27.616, -0.005, 361/gDblProcessSpeed
LINE/t (10,11,12,14,15), 31.751, 7.509, 17.467, -24.734, -0.006, 361/gDblProcessSpeed
LINE/t (10,11,12,14,15), 31.845, 6.301, 15.61, -21.848, -0.006, 361/gDblProcessSpeed
LINE/t (10,11,12,14,15), 31.94, 5.185, 13.691, -18.957, -0.007, 362/gDblProcessSpeed
LINE/t (10,11,12,14,15), 32.036, 4.166, 11.715, -16.061, -0.007, 362/gDblProcessSpeed
LINE/t (10,11,12,14,15), 32.134, 3.243, 9.676, -13.152, -0.008, 364/gDblProcessSpeed
LINE/t (10,11,12,14,15), 32.233, 2.423, 7.589, -10.238, -0.008, 365/gDblProcessSpeed
LINE/t (10,11,12,14,15), 32.333, 1.709, 5.459, -7.32, -0.009, 365/gDblProcessSpeed
LINE/t (10,11,12,14,15), 32.433, 1.104, 3.29, -4.401, -0.009, 365/gDblProcessSpeed
LINE/t (10,11,12,14,15), 32.533, 0.611, 1.097, -1.481, -0.009, 365/gDblProcessSpeed
LINE/t (10,11,12,14,15), 32.584, 0.404, -0.009, -0.012, -0.009, 183/gDblProcessSpeed
LINE/t (10,11,12,14,15), 33.565, 3.858, -0.195, 0.094, -0.009, 3617/gDblProcessSpeed
LINE/t (10,11,12,14,15), 33.578, 82.027, -1.462, 1.924, -0.009, 78601/gDblProcessSpeed
LINE/v (10,11,12,14,15), 33.456, 82.027, -1.462, 1.924, -0.009, gDblProcessSpeed
LINE/t (10,11,12,14,15), 33.434, 3.811, -0.193, 0.093, -0.009, 78649/gDblProcessSpeed
LINE/t (10,11,12,14,15), 32.436, 0.408, -0.01, -0.01, -0.009, 3573/gDblProcessSpeed
LINE/t (10,11,12,14,15), 32.333, 0.832, 2.159, -2.894, -0.009, 368/gDblProcessSpeed
LINE/t (10,11,12,14,15), 32.23, 1.362, 4.31, -5.764, -0.009, 368/gDblProcessSpeed
LINE/t (10,11,12,14,15), 32.124, 2.026, 6.508, -8.749, -0.008, 382/gDblProcessSpeed
LINE/t (10,11,12,14,15), 32.018, 2.804, 8.668, -11.733, -0.007, 382/gDblProcessSpeed
LINE/t (10,11,12,14,15), 31.913, 3.689, 10.775, -14.71, -0.007, 381/gDblProcessSpeed
LINE/t (10,11,12,14,15), 31.81, 4.679, 12.828, -17.678, -0.006, 380/gDblProcessSpeed
LINE/t (10,11,12,14,15), 31.708, 5.771, 14.817, -20.638, -0.006, 379/gDblProcessSpeed
LINE/t (10,11,12,14,15), 31.608, 6.961, 16.743, -23.592, -0.005, 378/gDblProcessSpeed
LINE/t (10,11,12,14,15), 31.511, 8.246, 18.598, -26.541, -0.004, 378/gDblProcessSpeed
LINE/t (10,11,12,14,15), 31.415, 9.623, 20.383, -29.489, -0.004, 378/gDblProcessSpeed
LINE/t (10,11,12,14,15), 31.322, 11.089, 22.093, -32.436, -0.003, 377/gDblProcessSpeed
LINE/t (10,11,12,14,15), 31.233, 12.641, 23.723, -35.387, -0.002, 378/gDblProcessSpeed
LINE/t (10,11,12,14,15), 31.146, 14.278, 25.274, -38.344, -0.002, 379/gDblProcessSpeed
LINE/t (10,11,12,14,15), 31.063, 16., 26.739, -41.313, -0.001, 380/gDblProcessSpeed
LINE/t (10,11,12,14,15), 30.982, 17.807, 28.123, -44.304, -0.001, 383/gDblProcessSpeed
LINE/t (10,11,12,14,15), 30.976, 19.585, 29.348, -47.151, 0., 364/gDblProcessSpeed
LINE/v (10,11,12,14,15), 31.001, 19.585, 29.348, -47.151, 0., gDblProcessSpeed
LINE/t (10,11,12,14,15), 30.942, 19.771, 29.455, -47.41, 0., 60/gDblProcessSpeed
LINE/t (10,11,12,14,15), 30.947, 21.364, 30.601, -50.342, 0., 679/gDblProcessSpeed
LINE/t (10,11,12,14,15), 30.95, 21.534, 30.716, -50.653, 0., 75/gDblProcessSpeed
LINE/t (10,11,12,14,15), 30.965, 21.587, 30.74, -50.717, 0., 15/gDblProcessSpeed
LINE/t (10,11,12,14,15), 31.009, 21.471, 30.68, -50.556, 0., 45/gDblProcessSpeed
LINE/t (10,11,12,14,15), 31.005, 19.832, 29.533, -47.603, 0., 653/gDblProcessSpeed
LINE/t (10,11,12,14,15), 31.001, 19.585, 29.348, -47.151, 0., 98/gDblProcessSpeed
LINE/v (10,11,12,14,15), 31.331, 19.585, 29.348, -47.151, 0., gDblProcessSpeed
LINE/t (10,11,12,14,15), 31.338, 17.791, 28.111, -44.279, -0.001, 367/gDblProcessSpeed
LINE/t (10,11,12,14,15), 31.415, 15.996, 26.737, -41.308, -0.001, 380/gDblProcessSpeed
LINE/t (10,11,12,14,15), 31.495, 14.28, 25.275, -38.347, -0.002, 379/gDblProcessSpeed
LINE/t (10,11,12,14,15), 31.578, 12.645, 23.726, -35.393, -0.002, 378/gDblProcessSpeed
LINE/t (10,11,12,14,15), 31.664, 11.094, 22.098, -32.446, -0.003, 377/gDblProcessSpeed
LINE/t (10,11,12,14,15), 31.753, 9.63, 20.391, -29.502, -0.004, 376/gDblProcessSpeed
LINE/t (10,11,12,14,15), 31.845, 8.255, 18.609, -26.558, -0.004, 377/gDblProcessSpeed
LINE/t (10,11,12,14,15), 31.938, 6.972, 16.756, -23.614, -0.005, 377/gDblProcessSpeed
LINE/t (10,11,12,14,15), 32.034, 5.784, 14.834, -20.664, -0.006, 377/gDblProcessSpeed
LINE/t (10,11,12,14,15), 32.132, 4.693, 12.849, -17.708, -0.006, 378/gDblProcessSpeed
LINE/t (10,11,12,14,15), 32.231, 3.704, 10.8, -14.745, -0.007, 379/gDblProcessSpeed
LINE/t (10,11,12,14,15), 32.332, 2.819, 8.697, -11.774, -0.008, 380/gDblProcessSpeed
LINE/t (10,11,12,14,15), 32.434, 2.042, 6.54, -8.793, -0.008, 381/gDblProcessSpeed
LINE/t (10,11,12,14,15), 32.536, 1.377, 4.344, -5.811, -0.008, 381/gDblProcessSpeed
LINE/t (10,11,12,14,15), 32.639, 0.83, 2.122, -2.845, -0.008, 379/gDblProcessSpeed
LINE/t (10,11,12,14,15), 32.736, 0.414, -0.016, -0.003, -0.008, 363/gDblProcessSpeed
LINE/t (10,11,12,14,15), 33.688, 3.832, -0.194, 0.093, -0.008, 3573/gDblProcessSpeed
LINE/t (10,11,12,14,15), 33.699, 82.027, -1.462, 1.924, -0.008, 78627/gDblProcessSpeed
LINE/v (10,11,12,14,15), 33.333, 82.027, -1.462, 1.924, -0.008, gDblProcessSpeed
LINE/t (10,11,12,14,15), 33.312, 3.836, -0.194, 0.094, -0.008, 78623/gDblProcessSpeed
LINE/t (10,11,12,14,15), 32.293, 0.426, -0.018, 0., -0.008, 3583/gDblProcessSpeed
LINE/t (10,11,12,14,15), 32.188, 0.868, 2.205, -2.957, -0.008, 371/gDblProcessSpeed
LINE/t (10,11,12,14,15), 32.082, 1.423, 4.408, -5.901, -0.008, 370/gDblProcessSpeed
LINE/t (10,11,12,14,15), 31.978, 2.08, 6.549, -8.809, -0.008, 366/gDblProcessSpeed
LINE/t (10,11,12,14,15), 31.874, 2.846, 8.653, -11.717, -0.008, 366/gDblProcessSpeed
LINE/t (10,11,12,14,15), 31.772, 3.714, 10.709, -14.62, -0.007, 365/gDblProcessSpeed
LINE/t (10,11,12,14,15), 31.671, 4.683, 12.712, -17.516, -0.007, 364/gDblProcessSpeed
LINE/t (10,11,12,14,15), 31.571, 5.749, 14.66, -20.405, -0.006, 364/gDblProcessSpeed
LINE/t (10,11,12,14,15), 31.473, 6.906, 16.541, -23.285, -0.006, 362/gDblProcessSpeed
LINE/t (10,11,12,14,15), 31.377, 8.155, 18.359, -26.161, -0.005, 362/gDblProcessSpeed
LINE/t (10,11,12,14,15), 31.283, 9.492, 20.11, -29.035, -0.005, 362/gDblProcessSpeed
LINE/t (10,11,12,14,15), 31.192, 10.914, 21.787, -31.908, -0.004, 361/gDblProcessSpeed
LINE/t (10,11,12,14,15), 31.103, 12.418, 23.393, -34.783, -0.004, 362/gDblProcessSpeed
LINE/t (10,11,12,14,15), 31.016, 14.001, 24.919, -37.661, -0.003, 362/gDblProcessSpeed
LINE/t (10,11,12,14,15), 30.933, 15.662, 26.366, -40.545, -0.003, 363/gDblProcessSpeed
LINE/t (10,11,12,14,15), 30.853, 17.407, 27.737, -43.452, -0.002, 366/gDblProcessSpeed
LINE/t (10,11,12,14,15), 30.796, 19.028, 28.887, -46.061, -0.002, 327/gDblProcessSpeed
LINE/t (10,11,12,14,15), 30.797, 20.904, 30.089, -48.994, -0.001, 369/gDblProcessSpeed
LINE/t (10,11,12,14,15), 30.797, 22.839, 31.191, -51.927, -0.001, 369/gDblProcessSpeed
LINE/t (10,11,12,14,15), 30.798, 24.827, 32.19, -54.86, 0., 369/gDblProcessSpeed
LINE/t (10,11,12,14,15), 30.798, 25.614, 32.553, -56., 0., 144/gDblProcessSpeed
LINE/v (10,11,12,14,15), 30.823, 25.614, 32.553, -56., 0., gDblProcessSpeed
LINE/t (10,11,12,14,15), 30.764, 25.863, 32.651, -56.322, 0., 61/gDblProcessSpeed
LINE/t (10,11,12,14,15), 30.764, 27.78, 33.504, -59.319, 0., 565/gDblProcessSpeed
LINE/t (10,11,12,14,15), 30.77, 28.959, 33.961, -61.129, 0., 341/gDblProcessSpeed
LINE/t (10,11,12,14,15), 30.772, 29.009, 33.993, -61.265, 0., 64/gDblProcessSpeed
LINE/t (10,11,12,14,15), 30.802, 29.07, 34.009, -61.329, 0., 30/gDblProcessSpeed
LINE/t (10,11,12,14,15), 30.831, 28.959, 33.971, -61.171, 0., 37/gDblProcessSpeed
LINE/t (10,11,12,14,15), 30.831, 27.033, 33.201, -58.208, 0., 555/gDblProcessSpeed
LINE/t (10,11,12,14,15), 30.823, 25.614, 32.553, -56., 0., 401/gDblProcessSpeed
LINE/t (10,11,12,14,15), 30.976, 24.242, 31.926, -54.047, 0., 265/gDblProcessSpeed
LINE/t (10,11,12,14,15), 30.976, 26.309, 32.848, -56.978, 0., 325/gDblProcessSpeed
LINE/t (10,11,12,14,15), 30.976, 28.421, 33.663, -59.91, 0., 325/gDblProcessSpeed
LINE/t (10,11,12,14,15), 30.976, 30.571, 34.371, -62.841, 0., 325/gDblProcessSpeed
LINE/t (10,11,12,14,15), 30.976, 32.756, 34.968, -65.773, 0., 325/gDblProcessSpeed
LINE/t (10,11,12,14,15), 30.976, 34.967, 35.45, -68.704, 0., 325/gDblProcessSpeed
LINE/t (10,11,12,14,15), 30.976, 37.201, 35.819, -71.636, 0., 325/gDblProcessSpeed
LINE/t (10,11,12,14,15), 30.976, 38.099, 35.937, -72.808, 0., 130/gDblProcessSpeed
LINE/v (10,11,12,14,15), 30.798, 38.099, 35.937, -72.808, 0., gDblProcessSpeed
LINE/t (10,11,12,14,15), 30.798, 35.826, 35.606, -69.834, 0., 330/gDblProcessSpeed
LINE/t (10,11,12,14,15), 30.798, 33.572, 35.16, -66.859, 0., 330/gDblProcessSpeed
LINE/t (10,11,12,14,15), 30.798, 32.084, 34.797, -64.876, 0., 220/gDblProcessSpeed
LINE/t (10,11,12,14,15), 30.787, 31.733, 34.704, -64.406, 0., 53/gDblProcessSpeed
LINE/t (10,11,12,14,15), 30.787, 29.801, 34.05, -61.473, 0., 562/gDblProcessSpeed
LINE/t (10,11,12,14,15), 30.793, 28.88, 33.692, -60.057, 0., 272/gDblProcessSpeed
LINE/t (10,11,12,14,15), 30.795, 28.893, 33.676, -60.003, 0., 59/gDblProcessSpeed
LINE/t (10,11,12,14,15), 30.809, 28.838, 33.67, -59.972, 0., 32/gDblProcessSpeed
LINE/t (10,11,12,14,15), 30.809, 30.76, 34.389, -62.928, 0., 576/gDblProcessSpeed
LINE/t (10,11,12,14,15), 30.809, 31.733, 34.704, -64.406, 0., 288/gDblProcessSpeed
LINE/v (10,11,12,14,15), 31.142, 31.733, 34.704, -64.406, 0., gDblProcessSpeed
LINE/t (10,11,12,14,15), 31.142, 29.801, 34.05, -61.473, 0., 562/gDblProcessSpeed
LINE/t (10,11,12,14,15), 31.148, 28.88, 33.692, -60.057, 0., 272/gDblProcessSpeed
LINE/t (10,11,12,14,15), 31.15, 28.893, 33.676, -60.003, 0., 59/gDblProcessSpeed
LINE/t (10,11,12,14,15), 31.165, 28.838, 33.67, -59.972, 0., 32/gDblProcessSpeed
LINE/t (10,11,12,14,15), 31.165, 30.76, 34.389, -62.928, 0., 576/gDblProcessSpeed
LINE/t (10,11,12,14,15), 31.165, 31.733, 34.704, -64.406, 0., 288/gDblProcessSpeed
LINE/t (10,11,12,14,15), 30.476, 31.958, 34.764, -64.707, 0., 690/gDblProcessSpeed
LINE/t (10,11,12,14,15), 30.476, 29.972, 34.117, -61.747, 0., 535/gDblProcessSpeed
LINE/t (10,11,12,14,15), 30.47, 28.628, 33.603, -59.714, 0., 368/gDblProcessSpeed
LINE/t (10,11,12,14,15), 30.468, 28.573, 33.564, -59.573, 0., 63/gDblProcessSpeed
LINE/t (10,11,12,14,15), 30.438, 28.509, 33.547, -59.505, 0., 30/gDblProcessSpeed
LINE/t (10,11,12,14,15), 30.409, 28.625, 33.591, -59.67, 0., 37/gDblProcessSpeed
LINE/t (10,11,12,14,15), 30.409, 30.532, 34.328, -62.653, 0., 610/gDblProcessSpeed
LINE/t (10,11,12,14,15), 30.417, 31.659, 34.698, -64.381, 0., 346/gDblProcessSpeed
LINE/t (10,11,12,14,15), 30.476, 31.958, 34.764, -64.707, 0., 62/gDblProcessSpeed
LINE/t (10,11,12,14,15), 30.442, 32.084, 34.797, -64.876, 0., 38/gDblProcessSpeed
LINE/t (10,11,12,14,15), 30.442, 34.321, 35.321, -67.851, 0., 330/gDblProcessSpeed
LINE/t (10,11,12,14,15), 30.442, 36.581, 35.73, -70.825, 0., 330/gDblProcessSpeed
LINE/t (10,11,12,14,15), 30.442, 38.099, 35.937, -72.808, 0., 220/gDblProcessSpeed
LINE/v (10,11,12,14,15), 30.62, 38.099, 35.937, -72.808, 0., gDblProcessSpeed
LINE/t (10,11,12,14,15), 30.62, 35.858, 35.612, -69.877, 0., 325/gDblProcessSpeed
LINE/t (10,11,12,14,15), 30.62, 33.637, 35.173, -66.945, 0., 325/gDblProcessSpeed
LINE/t (10,11,12,14,15), 30.62, 31.441, 34.622, -64.014, 0., 325/gDblProcessSpeed
LINE/t (10,11,12,14,15), 30.62, 29.277, 33.961, -61.082, 0., 325/gDblProcessSpeed
LINE/t (10,11,12,14,15), 30.62, 27.149, 33.187, -58.151, 0., 325/gDblProcessSpeed
LINE/t (10,11,12,14,15), 30.62, 25.063, 32.307, -55.219, 0., 325/gDblProcessSpeed
LINE/t (10,11,12,14,15), 30.62, 24.242, 31.926, -54.047, 0., 130/gDblProcessSpeed
LINE/v (10,11,12,14,15), 30.646, 24.242, 31.926, -54.047, 0., gDblProcessSpeed
LINE/t (10,11,12,14,15), 30.65, 22.558, 30.885, -51.105, 0., 667/gDblProcessSpeed
LINE/t (10,11,12,14,15), 30.646, 22.315, 30.722, -50.671, 0., 98/gDblProcessSpeed
LINE/t (10,11,12,14,15), 30.587, 22.36, 30.75, -50.744, 0., 60/gDblProcessSpeed
LINE/t (10,11,12,14,15), 30.587, 22.359, 30.761, -50.772, 0., 23/gDblProcessSpeed
LINE/t (10,11,12,14,15), 30.594, 24.01, 31.819, -53.729, 0., 705/gDblProcessSpeed
LINE/t (10,11,12,14,15), 30.607, 24.112, 31.873, -53.887, 0., 28/gDblProcessSpeed
LINE/t (10,11,12,14,15), 30.646, 24.242, 31.926, -54.047, 0., 38/gDblProcessSpeed
LINE/t (10,11,12,14,15), 30.631, 24.004, 31.812, -53.705, 0., 41/gDblProcessSpeed
LINE/t (10,11,12,14,15), 30.623, 22.394, 30.776, -50.814, 0., 694/gDblProcessSpeed
LINE/t (10,11,12,14,15), 30.609, 22.628, 30.933, -51.233, 0., 98/gDblProcessSpeed
LINE/t (10,11,12,14,15), 30.609, 24.004, 31.812, -53.705, 0., 597/gDblProcessSpeed
LINE/t (10,11,12,14,15), 30.442, 25.614, 32.553, -56., 0., 304/gDblProcessSpeed
LINE/t (10,11,12,14,15), 30.442, 23.608, 31.594, -53.07, -0.001, 369/gDblProcessSpeed
LINE/t (10,11,12,14,15), 30.441, 21.651, 30.53, -50.136, -0.001, 370/gDblProcessSpeed
LINE/t (10,11,12,14,15), 30.441, 19.747, 29.362, -47.194, -0.002, 371/gDblProcessSpeed
LINE/t (10,11,12,14,15), 30.456, 18.385, 28.442, -45.032, -0.002, 271/gDblProcessSpeed
LINE/t (10,11,12,14,15), 30.537, 16.607, 27.124, -42.131, -0.002, 366/gDblProcessSpeed
LINE/t (10,11,12,14,15), 30.622, 14.902, 25.722, -39.239, -0.003, 364/gDblProcessSpeed
LINE/t (10,11,12,14,15), 30.71, 13.273, 24.235, -36.354, -0.003, 364/gDblProcessSpeed
LINE/t (10,11,12,14,15), 30.801, 11.723, 22.671, -33.474, -0.004, 363/gDblProcessSpeed
LINE/t (10,11,12,14,15), 30.895, 10.254, 21.03, -30.596, -0.005, 363/gDblProcessSpeed
LINE/t (10,11,12,14,15), 30.991, 8.868, 19.315, -27.718, -0.005, 363/gDblProcessSpeed
LINE/t (10,11,12,14,15), 31.089, 7.569, 17.531, -24.839, -0.006, 363/gDblProcessSpeed
LINE/t (10,11,12,14,15), 31.19, 6.358, 15.679, -21.954, -0.006, 363/gDblProcessSpeed
LINE/t (10,11,12,14,15), 31.293, 5.24, 13.763, -19.065, -0.007, 364/gDblProcessSpeed
LINE/t (10,11,12,14,15), 31.397, 4.217, 11.789, -16.17, -0.007, 365/gDblProcessSpeed
LINE/t (10,11,12,14,15), 31.503, 3.291, 9.753, -13.263, -0.008, 366/gDblProcessSpeed
LINE/t (10,11,12,14,15), 31.61, 2.469, 7.671, -10.353, -0.008, 367/gDblProcessSpeed
LINE/t (10,11,12,14,15), 31.717, 1.753, 5.548, -7.443, -0.009, 367/gDblProcessSpeed
LINE/t (10,11,12,14,15), 31.827, 1.14, 3.364, -4.503, -0.009, 370/gDblProcessSpeed
LINE/t (10,11,12,14,15), 31.938, 0.632, 1.119, -1.513, -0.009, 377/gDblProcessSpeed
LINE/t (10,11,12,14,15), 31.993, 0.42, -0.013, -0.007, -0.009, 188/gDblProcessSpeed
LINE/t (10,11,12,14,15), 33.08, 3.959, -0.2, 0.096, -0.009, 3729/gDblProcessSpeed
LINE/t (10,11,12,14,15), 33.092, 82.027, -1.462, 1.924, -0.009, 78499/gDblProcessSpeed
LINE/v (10,11,12,14,15), 33.214, 82.027, -1.462, 1.924, -0.009, gDblProcessSpeed
LINE/t (10,11,12,14,15), 33.192, 3.861, -0.195, 0.094, -0.009, 78598/gDblProcessSpeed
LINE/t (10,11,12,14,15), 32.142, 0.416, -0.012, -0.008, -0.009, 3628/gDblProcessSpeed
LINE/t (10,11,12,14,15), 32.033, 0.845, 2.181, -2.924, -0.009, 374/gDblProcessSpeed
LINE/t (10,11,12,14,15), 31.925, 1.382, 4.352, -5.822, -0.009, 373/gDblProcessSpeed
LINE/t (10,11,12,14,15), 31.814, 2.046, 6.545, -8.801, -0.008, 383/gDblProcessSpeed
LINE/t (10,11,12,14,15), 31.704, 2.823, 8.7, -11.779, -0.008, 383/gDblProcessSpeed
LINE/t (10,11,12,14,15), 31.596, 3.71, 10.805, -14.753, -0.007, 382/gDblProcessSpeed
LINE/t (10,11,12,14,15), 31.488, 4.701, 12.856, -17.72, -0.006, 381/gDblProcessSpeed
LINE/t (10,11,12,14,15), 31.382, 5.793, 14.844, -20.678, -0.006, 380/gDblProcessSpeed
LINE/t (10,11,12,14,15), 31.278, 6.983, 16.767, -23.63, -0.005, 380/gDblProcessSpeed
LINE/t (10,11,12,14,15), 31.177, 8.267, 18.62, -26.577, -0.004, 379/gDblProcessSpeed
LINE/t (10,11,12,14,15), 31.078, 9.643, 20.402, -29.521, -0.004, 379/gDblProcessSpeed
LINE/t (10,11,12,14,15), 30.981, 11.108, 22.109, -32.466, -0.003, 379/gDblProcessSpeed
LINE/t (10,11,12,14,15), 30.887, 12.658, 23.736, -35.412, -0.003, 379/gDblProcessSpeed
LINE/t (10,11,12,14,15), 30.798, 14.293, 25.284, -38.365, -0.002, 380/gDblProcessSpeed
LINE/t (10,11,12,14,15), 30.711, 16.011, 26.747, -41.329, -0.001, 381/gDblProcessSpeed
LINE/t (10,11,12,14,15), 30.627, 17.815, 28.128, -44.315, -0.001, 384/gDblProcessSpeed
LINE/t (10,11,12,14,15), 30.62, 19.585, 29.348, -47.151, 0., 364/gDblProcessSpeed
LINE/t (10,11,12,14,15), 30.298, 19.654, 29.392, -47.257, 0., 322/gDblProcessSpeed
LINE/t (10,11,12,14,15), 30.231, 19.861, 29.503, -47.528, 0., 67/gDblProcessSpeed
LINE/t (10,11,12,14,15), 30.238, 21.404, 30.642, -50.456, 0., 729/gDblProcessSpeed
LINE/t (10,11,12,14,15), 30.239, 21.449, 30.675, -50.546, 0., 25/gDblProcessSpeed
LINE/t (10,11,12,14,15), 30.254, 21.496, 30.696, -50.6, 0., 15/gDblProcessSpeed
LINE/t (10,11,12,14,15), 30.298, 21.4, 30.645, -50.465, 0., 45/gDblProcessSpeed
LINE/t (10,11,12,14,15), 30.298, 19.82, 29.517, -47.564, 0., 670/gDblProcessSpeed
LINE/t (10,11,12,14,15), 30.298, 19.654, 29.392, -47.257, 0., 69/gDblProcessSpeed
LINE/t (10,11,12,14,15), 30.264, 19.585, 29.348, -47.151, 0., 36/gDblProcessSpeed
LINE/t (10,11,12,14,15), 30.276, 17.729, 28.064, -44.173, -0.001, 383/gDblProcessSpeed
LINE/t (10,11,12,14,15), 30.362, 15.942, 26.689, -41.209, -0.001, 383/gDblProcessSpeed
LINE/t (10,11,12,14,15), 30.453, 14.234, 25.228, -38.255, -0.002, 381/gDblProcessSpeed
LINE/t (10,11,12,14,15), 30.546, 12.605, 23.679, -35.307, -0.003, 381/gDblProcessSpeed
LINE/t (10,11,12,14,15), 30.643, 11.06, 22.052, -32.365, -0.003, 380/gDblProcessSpeed
LINE/t (10,11,12,14,15), 30.744, 9.601, 20.344, -29.425, -0.004, 380/gDblProcessSpeed
LINE/t (10,11,12,14,15), 30.847, 8.23, 18.563, -26.484, -0.004, 380/gDblProcessSpeed
LINE/t (10,11,12,14,15), 30.952, 6.951, 16.709, -23.541, -0.005, 380/gDblProcessSpeed
LINE/t (10,11,12,14,15), 31.06, 5.766, 14.787, -20.593, -0.006, 381/gDblProcessSpeed
LINE/t (10,11,12,14,15), 31.17, 4.678, 12.799, -17.638, -0.006, 382/gDblProcessSpeed
LINE/t (10,11,12,14,15), 31.281, 3.692, 10.75, -14.675, -0.007, 382/gDblProcessSpeed
LINE/t (10,11,12,14,15), 31.394, 2.81, 8.647, -11.704, -0.008, 384/gDblProcessSpeed
LINE/t (10,11,12,14,15), 31.508, 2.037, 6.493, -8.73, -0.008, 384/gDblProcessSpeed
LINE/t (10,11,12,14,15), 31.623, 1.376, 4.302, -5.756, -0.008, 384/gDblProcessSpeed
LINE/t (10,11,12,14,15), 31.737, 0.837, 2.105, -2.824, -0.008, 379/gDblProcessSpeed
LINE/t (10,11,12,14,15), 31.845, 0.424, -0.013, -0.007, -0.008, 362/gDblProcessSpeed
LINE/t (10,11,12,14,15), 32.959, 3.985, -0.201, 0.097, -0.008, 3757/gDblProcessSpeed
LINE/t (10,11,12,14,15), 32.97, 82.027, -1.462, 1.924, -0.008, 78474/gDblProcessSpeed
LINE/v (10,11,12,14,15), 32.848, 82.027, -1.462, 1.924, -0.008, gDblProcessSpeed
LINE/t (10,11,12,14,15), 32.826, 3.937, -0.199, 0.096, -0.008, 78522/gDblProcessSpeed
LINE/t (10,11,12,14,15), 31.697, 0.428, -0.014, -0.006, -0.008, 3712/gDblProcessSpeed
LINE/t (10,11,12,14,15), 31.586, 0.861, 2.163, -2.903, -0.008, 365/gDblProcessSpeed
LINE/t (10,11,12,14,15), 31.475, 1.401, 4.322, -5.784, -0.008, 364/gDblProcessSpeed
LINE/t (10,11,12,14,15), 31.363, 2.055, 6.463, -8.692, -0.008, 368/gDblProcessSpeed
LINE/t (10,11,12,14,15), 31.252, 2.816, 8.568, -11.6, -0.008, 368/gDblProcessSpeed
LINE/t (10,11,12,14,15), 31.141, 3.682, 10.629, -14.506, -0.007, 367/gDblProcessSpeed
LINE/t (10,11,12,14,15), 31.032, 4.649, 12.637, -17.407, -0.007, 367/gDblProcessSpeed
LINE/t (10,11,12,14,15), 30.925, 5.714, 14.589, -20.3, -0.006, 366/gDblProcessSpeed
LINE/t (10,11,12,14,15), 30.819, 6.87, 16.476, -23.185, -0.006, 365/gDblProcessSpeed
LINE/t (10,11,12,14,15), 30.716, 8.118, 18.299, -26.066, -0.005, 364/gDblProcessSpeed
LINE/t (10,11,12,14,15), 30.614, 9.454, 20.054, -28.943, -0.005, 364/gDblProcessSpeed
LINE/t (10,11,12,14,15), 30.516, 10.875, 21.736, -31.819, -0.004, 364/gDblProcessSpeed
LINE/t (10,11,12,14,15), 30.42, 12.377, 23.345, -34.696, -0.004, 364/gDblProcessSpeed
LINE/t (10,11,12,14,15), 30.326, 13.959, 24.875, -37.575, -0.003, 364/gDblProcessSpeed
LINE/t (10,11,12,14,15), 30.237, 15.619, 26.324, -40.46, -0.003, 365/gDblProcessSpeed
LINE/t (10,11,12,14,15), 30.151, 17.361, 27.698, -43.367, -0.002, 367/gDblProcessSpeed
LINE/t (10,11,12,14,15), 30.085, 19.063, 28.906, -46.108, -0.002, 345/gDblProcessSpeed
LINE/t (10,11,12,14,15), 30.086, 20.929, 30.102, -49.027, -0.001, 369/gDblProcessSpeed
LINE/t (10,11,12,14,15), 30.086, 22.854, 31.198, -51.946, -0.001, 369/gDblProcessSpeed
LINE/t (10,11,12,14,15), 30.086, 24.832, 32.192, -54.865, 0., 369/gDblProcessSpeed
LINE/t (10,11,12,14,15), 30.087, 25.614, 32.553, -56., 0., 144/gDblProcessSpeed
LINE/v (10,11,12,14,15), 30.112, 25.614, 32.553, -56., 0., gDblProcessSpeed
LINE/t (10,11,12,14,15), 30.053, 25.863, 32.651, -56.322, 0., 61/gDblProcessSpeed
LINE/t (10,11,12,14,15), 30.053, 27.78, 33.504, -59.319, 0., 565/gDblProcessSpeed
LINE/t (10,11,12,14,15), 30.059, 28.959, 33.961, -61.129, 0., 341/gDblProcessSpeed
LINE/t (10,11,12,14,15), 30.061, 29.009, 33.993, -61.265, 0., 64/gDblProcessSpeed
LINE/t (10,11,12,14,15), 30.09, 29.07, 34.009, -61.329, 0., 30/gDblProcessSpeed
LINE/t (10,11,12,14,15), 30.12, 28.959, 33.971, -61.171, 0., 37/gDblProcessSpeed
LINE/t (10,11,12,14,15), 30.12, 27.033, 33.201, -58.208, 0., 555/gDblProcessSpeed
LINE/t (10,11,12,14,15), 30.112, 25.614, 32.553, -56., 0., 401/gDblProcessSpeed
LINE/t (10,11,12,14,15), 30.264, 24.242, 31.926, -54.047, 0., 265/gDblProcessSpeed
LINE/t (10,11,12,14,15), 30.264, 26.309, 32.848, -56.978, 0., 325/gDblProcessSpeed
LINE/t (10,11,12,14,15), 30.264, 28.421, 33.663, -59.91, 0., 325/gDblProcessSpeed
LINE/t (10,11,12,14,15), 30.264, 30.571, 34.371, -62.841, 0., 325/gDblProcessSpeed
LINE/t (10,11,12,14,15), 30.264, 32.756, 34.968, -65.773, 0., 325/gDblProcessSpeed
LINE/t (10,11,12,14,15), 30.264, 34.967, 35.45, -68.704, 0., 325/gDblProcessSpeed
LINE/t (10,11,12,14,15), 30.264, 37.201, 35.819, -71.636, 0., 325/gDblProcessSpeed
LINE/t (10,11,12,14,15), 30.264, 38.099, 35.937, -72.808, 0., 130/gDblProcessSpeed
LINE/v (10,11,12,14,15), 30.087, 38.099, 35.937, -72.808, 0., gDblProcessSpeed
LINE/t (10,11,12,14,15), 30.087, 35.826, 35.606, -69.834, 0., 330/gDblProcessSpeed
LINE/t (10,11,12,14,15), 30.087, 33.572, 35.16, -66.859, 0., 330/gDblProcessSpeed
LINE/t (10,11,12,14,15), 30.087, 32.084, 34.797, -64.876, 0., 220/gDblProcessSpeed
LINE/t (10,11,12,14,15), 30.075, 31.733, 34.704, -64.406, 0., 53/gDblProcessSpeed
LINE/t (10,11,12,14,15), 30.075, 29.801, 34.05, -61.473, 0., 562/gDblProcessSpeed
LINE/t (10,11,12,14,15), 30.081, 28.88, 33.692, -60.057, 0., 272/gDblProcessSpeed
LINE/t (10,11,12,14,15), 30.083, 28.893, 33.676, -60.003, 0., 59/gDblProcessSpeed
LINE/t (10,11,12,14,15), 30.098, 28.838, 33.67, -59.972, 0., 32/gDblProcessSpeed
LINE/t (10,11,12,14,15), 30.098, 30.76, 34.389, -62.928, 0., 576/gDblProcessSpeed
LINE/t (10,11,12,14,15), 30.098, 31.733, 34.704, -64.406, 0., 288/gDblProcessSpeed
LINE/v (10,11,12,14,15), 30.431, 31.733, 34.704, -64.406, 0., gDblProcessSpeed
LINE/t (10,11,12,14,15), 30.431, 29.801, 34.05, -61.473, 0., 562/gDblProcessSpeed
LINE/t (10,11,12,14,15), 30.437, 28.88, 33.692, -60.057, 0., 272/gDblProcessSpeed
LINE/t (10,11,12,14,15), 30.439, 28.893, 33.676, -60.003, 0., 59/gDblProcessSpeed
LINE/t (10,11,12,14,15), 30.453, 28.838, 33.67, -59.972, 0., 32/gDblProcessSpeed
LINE/t (10,11,12,14,15), 30.453, 30.76, 34.389, -62.928, 0., 576/gDblProcessSpeed
LINE/t (10,11,12,14,15), 30.453, 31.733, 34.704, -64.406, 0., 288/gDblProcessSpeed
LINE/t (10,11,12,14,15), 29.765, 31.958, 34.764, -64.707, 0., 690/gDblProcessSpeed
LINE/t (10,11,12,14,15), 29.765, 29.972, 34.117, -61.747, 0., 535/gDblProcessSpeed
LINE/t (10,11,12,14,15), 29.759, 28.628, 33.603, -59.714, 0., 368/gDblProcessSpeed
LINE/t (10,11,12,14,15), 29.757, 28.573, 33.564, -59.573, 0., 63/gDblProcessSpeed
LINE/t (10,11,12,14,15), 29.727, 28.509, 33.547, -59.505, 0., 30/gDblProcessSpeed
LINE/t (10,11,12,14,15), 29.698, 28.625, 33.591, -59.67, 0., 37/gDblProcessSpeed
LINE/t (10,11,12,14,15), 29.698, 30.532, 34.328, -62.653, 0., 610/gDblProcessSpeed
LINE/t (10,11,12,14,15), 29.706, 31.659, 34.698, -64.381, 0., 346/gDblProcessSpeed
LINE/t (10,11,12,14,15), 29.765, 31.958, 34.764, -64.707, 0., 62/gDblProcessSpeed
LINE/t (10,11,12,14,15), 29.731, 32.084, 34.797, -64.876, 0., 38/gDblProcessSpeed
LINE/t (10,11,12,14,15), 29.731, 34.321, 35.321, -67.851, 0., 330/gDblProcessSpeed
LINE/t (10,11,12,14,15), 29.731, 36.581, 35.73, -70.825, 0., 330/gDblProcessSpeed
LINE/t (10,11,12,14,15), 29.731, 38.099, 35.937, -72.808, 0., 220/gDblProcessSpeed
LINE/v (10,11,12,14,15), 29.909, 38.099, 35.937, -72.808, 0., gDblProcessSpeed
LINE/t (10,11,12,14,15), 29.909, 35.858, 35.612, -69.877, 0., 325/gDblProcessSpeed
LINE/t (10,11,12,14,15), 29.909, 33.637, 35.173, -66.945, 0., 325/gDblProcessSpeed
LINE/t (10,11,12,14,15), 29.909, 31.441, 34.622, -64.014, 0., 325/gDblProcessSpeed
LINE/t (10,11,12,14,15), 29.909, 29.277, 33.961, -61.082, 0., 325/gDblProcessSpeed
LINE/t (10,11,12,14,15), 29.909, 27.149, 33.187, -58.151, 0., 325/gDblProcessSpeed
LINE/t (10,11,12,14,15), 29.909, 25.063, 32.307, -55.219, 0., 325/gDblProcessSpeed
LINE/t (10,11,12,14,15), 29.909, 24.242, 31.926, -54.047, 0., 130/gDblProcessSpeed
LINE/v (10,11,12,14,15), 29.934, 24.242, 31.926, -54.047, 0., gDblProcessSpeed
LINE/t (10,11,12,14,15), 29.938, 22.558, 30.885, -51.105, 0., 667/gDblProcessSpeed
LINE/t (10,11,12,14,15), 29.934, 22.315, 30.722, -50.671, 0., 98/gDblProcessSpeed
LINE/t (10,11,12,14,15), 29.875, 22.36, 30.75, -50.744, 0., 60/gDblProcessSpeed
LINE/t (10,11,12,14,15), 29.875, 22.359, 30.761, -50.772, 0., 23/gDblProcessSpeed
LINE/t (10,11,12,14,15), 29.882, 24.01, 31.819, -53.729, 0., 705/gDblProcessSpeed
LINE/t (10,11,12,14,15), 29.896, 24.112, 31.873, -53.887, 0., 28/gDblProcessSpeed
LINE/t (10,11,12,14,15), 29.934, 24.242, 31.926, -54.047, 0., 38/gDblProcessSpeed
LINE/t (10,11,12,14,15), 29.92, 24.004, 31.812, -53.705, 0., 41/gDblProcessSpeed
LINE/t (10,11,12,14,15), 29.912, 22.394, 30.776, -50.814, 0., 694/gDblProcessSpeed
LINE/t (10,11,12,14,15), 29.898, 22.628, 30.933, -51.233, 0., 98/gDblProcessSpeed
LINE/t (10,11,12,14,15), 29.898, 24.004, 31.812, -53.705, 0., 597/gDblProcessSpeed
LINE/t (10,11,12,14,15), 29.731, 25.614, 32.553, -56., 0., 304/gDblProcessSpeed
LINE/t (10,11,12,14,15), 29.731, 23.624, 31.601, -53.09, -0.001, 369/gDblProcessSpeed
LINE/t (10,11,12,14,15), 29.73, 21.683, 30.546, -50.177, -0.001, 370/gDblProcessSpeed
LINE/t (10,11,12,14,15), 29.73, 19.793, 29.387, -47.254, -0.002, 371/gDblProcessSpeed
LINE/t (10,11,12,14,15), 29.746, 18.439, 28.473, -45.104, -0.002, 271/gDblProcessSpeed
LINE/t (10,11,12,14,15), 29.833, 16.664, 27.16, -42.209, -0.002, 367/gDblProcessSpeed
LINE/t (10,11,12,14,15), 29.925, 14.961, 25.764, -39.322, -0.003, 366/gDblProcessSpeed
LINE/t (10,11,12,14,15), 30.019, 13.334, 24.281, -36.442, -0.004, 365/gDblProcessSpeed
LINE/t (10,11,12,14,15), 30.116, 11.784, 22.722, -33.566, -0.004, 365/gDblProcessSpeed
LINE/t (10,11,12,14,15), 30.217, 10.315, 21.086, -30.692, -0.004, 365/gDblProcessSpeed
LINE/t (10,11,12,14,15), 30.32, 8.928, 19.375, -27.817, -0.005, 365/gDblProcessSpeed
LINE/t (10,11,12,14,15), 30.426, 7.628, 17.595, -24.941, -0.006, 365/gDblProcessSpeed
LINE/t (10,11,12,14,15), 30.535, 6.416, 15.747, -22.06, -0.006, 366/gDblProcessSpeed
LINE/t (10,11,12,14,15), 30.645, 5.295, 13.834, -19.173, -0.007, 366/gDblProcessSpeed
LINE/t (10,11,12,14,15), 30.756, 4.27, 11.864, -16.281, -0.007, 367/gDblProcessSpeed
LINE/t (10,11,12,14,15), 30.87, 3.341, 9.832, -13.377, -0.008, 368/gDblProcessSpeed
LINE/t (10,11,12,14,15), 30.985, 2.517, 7.756, -10.473, -0.008, 368/gDblProcessSpeed
LINE/t (10,11,12,14,15), 31.1, 1.798, 5.639, -7.568, -0.008, 368/gDblProcessSpeed
LINE/t (10,11,12,14,15), 31.218, 1.176, 3.44, -4.606, -0.008, 376/gDblProcessSpeed
LINE/t (10,11,12,14,15), 31.334, 0.674, 1.247, -1.684, -0.008, 371/gDblProcessSpeed
LINE/t (10,11,12,14,15), 31.401, 0.436, -0.016, -0.004, -0.008, 212/gDblProcessSpeed
LINE/t (10,11,12,14,15), 32.595, 4.061, -0.205, 0.099, -0.008, 3842/gDblProcessSpeed
LINE/t (10,11,12,14,15), 32.607, 82.027, -1.462, 1.924, -0.008, 78397/gDblProcessSpeed
LINE/v (10,11,12,14,15), 32.485, 82.027, -1.462, 1.924, -0.008, gDblProcessSpeed
LINE/t (10,11,12,14,15), 32.462, 4.012, -0.203, 0.098, -0.008, 78446/gDblProcessSpeed
LINE/t (10,11,12,14,15), 31.252, 0.44, -0.016, -0.004, -0.008, 3797/gDblProcessSpeed
LINE/t (10,11,12,14,15), 31.133, 0.861, 2.147, -2.882, -0.008, 373/gDblProcessSpeed
LINE/t (10,11,12,14,15), 31.009, 1.415, 4.387, -5.872, -0.008, 389/gDblProcessSpeed
LINE/t (10,11,12,14,15), 30.886, 2.077, 6.57, -8.837, -0.008, 386/gDblProcessSpeed
LINE/t (10,11,12,14,15), 30.764, 2.851, 8.715, -11.801, -0.008, 386/gDblProcessSpeed
LINE/t (10,11,12,14,15), 30.643, 3.733, 10.812, -14.765, -0.007, 386/gDblProcessSpeed
LINE/t (10,11,12,14,15), 30.524, 4.721, 12.856, -17.722, -0.006, 385/gDblProcessSpeed
LINE/t (10,11,12,14,15), 30.406, 5.808, 14.838, -20.672, -0.006, 384/gDblProcessSpeed
LINE/t (10,11,12,14,15), 30.29, 6.993, 16.755, -23.614, -0.005, 383/gDblProcessSpeed
LINE/t (10,11,12,14,15), 30.178, 8.271, 18.603, -26.551, -0.004, 382/gDblProcessSpeed
LINE/t (10,11,12,14,15), 30.067, 9.639, 20.38, -29.485, -0.004, 382/gDblProcessSpeed
LINE/t (10,11,12,14,15), 29.959, 11.096, 22.082, -32.418, -0.003, 382/gDblProcessSpeed
LINE/t (10,11,12,14,15), 29.856, 12.637, 23.704, -35.353, -0.002, 382/gDblProcessSpeed
LINE/t (10,11,12,14,15), 29.755, 14.261, 25.247, -38.293, -0.002, 383/gDblProcessSpeed
LINE/t (10,11,12,14,15), 29.658, 15.968, 26.706, -41.244, -0.001, 384/gDblProcessSpeed
LINE/t (10,11,12,14,15), 29.565, 17.76, 28.085, -44.219, -0.001, 387/gDblProcessSpeed
LINE/t (10,11,12,14,15), 29.553, 19.585, 29.348, -47.151, 0., 380/gDblProcessSpeed
LINE/v (10,11,12,14,15), 29.579, 19.585, 29.348, -47.151, 0., gDblProcessSpeed
LINE/t (10,11,12,14,15), 29.52, 19.771, 29.455, -47.41, 0., 60/gDblProcessSpeed
LINE/t (10,11,12,14,15), 29.525, 21.364, 30.601, -50.342, 0., 679/gDblProcessSpeed
LINE/t (10,11,12,14,15), 29.528, 21.534, 30.716, -50.653, 0., 75/gDblProcessSpeed
LINE/t (10,11,12,14,15), 29.542, 21.587, 30.74, -50.717, 0., 15/gDblProcessSpeed
LINE/t (10,11,12,14,15), 29.587, 21.471, 30.68, -50.556, 0., 45/gDblProcessSpeed
LINE/t (10,11,12,14,15), 29.583, 19.832, 29.533, -47.603, 0., 653/gDblProcessSpeed
LINE/t (10,11,12,14,15), 29.579, 19.585, 29.348, -47.151, 0., 98/gDblProcessSpeed
LINE/v (10,11,12,14,15), 29.909, 19.585, 29.348, -47.151, 0., gDblProcessSpeed
LINE/t (10,11,12,14,15), 29.921, 17.737, 28.069, -44.184, -0.001, 383/gDblProcessSpeed
LINE/t (10,11,12,14,15), 30.01, 15.954, 26.697, -41.224, -0.001, 384/gDblProcessSpeed
LINE/t (10,11,12,14,15), 30.104, 14.248, 25.238, -38.274, -0.002, 382/gDblProcessSpeed
LINE/t (10,11,12,14,15), 30.201, 12.622, 23.692, -35.331, -0.003, 382/gDblProcessSpeed
LINE/t (10,11,12,14,15), 30.301, 11.079, 22.067, -32.392, -0.003, 381/gDblProcessSpeed
LINE/t (10,11,12,14,15), 30.406, 9.621, 20.363, -29.456, -0.004, 381/gDblProcessSpeed
LINE/t (10,11,12,14,15), 30.513, 8.251, 18.584, -26.518, -0.004, 381/gDblProcessSpeed
LINE/t (10,11,12,14,15), 30.622, 6.973, 16.733, -23.578, -0.005, 381/gDblProcessSpeed
LINE/t (10,11,12,14,15), 30.733, 5.788, 14.813, -20.634, -0.006, 382/gDblProcessSpeed
LINE/t (10,11,12,14,15), 30.848, 4.7, 12.828, -17.681, -0.006, 383/gDblProcessSpeed
LINE/t (10,11,12,14,15), 30.963, 3.713, 10.782, -14.721, -0.007, 384/gDblProcessSpeed
LINE/t (10,11,12,14,15), 31.08, 2.831, 8.681, -11.754, -0.007, 385/gDblProcessSpeed
LINE/t (10,11,12,14,15), 31.198, 2.057, 6.532, -8.785, -0.008, 385/gDblProcessSpeed
LINE/t (10,11,12,14,15), 31.317, 1.396, 4.346, -5.816, -0.008, 385/gDblProcessSpeed
LINE/t (10,11,12,14,15), 31.436, 0.849, 2.127, -2.854, -0.008, 384/gDblProcessSpeed
LINE/t (10,11,12,14,15), 31.55, 0.432, -0.015, -0.005, -0.008, 368/gDblProcessSpeed
LINE/t (10,11,12,14,15), 32.718, 4.035, -0.204, 0.099, -0.008, 3814/gDblProcessSpeed
LINE/t (10,11,12,14,15), 32.729, 82.027, -1.462, 1.924, -0.008, 78423/gDblProcessSpeed
LINE/v (10,11,12,14,15), 32.363, 82.027, -1.462, 1.924, -0.008, gDblProcessSpeed
LINE/t (10,11,12,14,15), 32.34, 4.037, -0.204, 0.099, -0.008, 78421/gDblProcessSpeed
LINE/t (10,11,12,14,15), 30.988, 0.864, 2.104, -2.825, -0.008, 4184/gDblProcessSpeed
LINE/t (10,11,12,14,15), 30.866, 1.416, 4.317, -5.779, -0.008, 376/gDblProcessSpeed
LINE/t (10,11,12,14,15), 30.746, 2.068, 6.454, -8.681, -0.009, 369/gDblProcessSpeed
LINE/t (10,11,12,14,15), 30.628, 2.827, 8.554, -11.582, -0.008, 369/gDblProcessSpeed
LINE/t (10,11,12,14,15), 30.51, 3.691, 10.612, -14.483, -0.007, 369/gDblProcessSpeed
LINE/t (10,11,12,14,15), 30.393, 4.656, 12.619, -17.382, -0.007, 369/gDblProcessSpeed
LINE/t (10,11,12,14,15), 30.278, 5.718, 14.57, -20.274, -0.006, 368/gDblProcessSpeed
LINE/t (10,11,12,14,15), 30.165, 6.873, 16.457, -23.156, -0.006, 367/gDblProcessSpeed
LINE/t (10,11,12,14,15), 30.054, 8.119, 18.279, -26.035, -0.005, 366/gDblProcessSpeed
LINE/t (10,11,12,14,15), 29.945, 9.452, 20.034, -28.91, -0.005, 366/gDblProcessSpeed
LINE/t (10,11,12,14,15), 29.84, 10.869, 21.714, -31.782, -0.004, 366/gDblProcessSpeed
LINE/t (10,11,12,14,15), 29.737, 12.368, 23.322, -34.655, -0.004, 366/gDblProcessSpeed
LINE/t (10,11,12,14,15), 29.637, 13.946, 24.851, -37.53, -0.003, 366/gDblProcessSpeed
LINE/t (10,11,12,14,15), 29.541, 15.6, 26.299, -40.41, -0.003, 367/gDblProcessSpeed
LINE/t (10,11,12,14,15), 29.448, 17.337, 27.671, -43.311, -0.002, 369/gDblProcessSpeed
LINE/t (10,11,12,14,15), 29.374, 19.014, 28.868, -46.016, -0.002, 343/gDblProcessSpeed
LINE/t (10,11,12,14,15), 29.374, 20.863, 30.058, -48.915, -0.001, 369/gDblProcessSpeed
LINE/t (10,11,12,14,15), 29.375, 22.769, 31.15, -51.814, -0.001, 369/gDblProcessSpeed
LINE/t (10,11,12,14,15), 29.375, 24.728, 32.143, -54.712, 0., 369/gDblProcessSpeed
LINE/t (10,11,12,14,15), 29.375, 25.614, 32.553, -56., 0., 164/gDblProcessSpeed
LINE/v (10,11,12,14,15), 29.401, 25.614, 32.553, -56., 0., gDblProcessSpeed
LINE/t (10,11,12,14,15), 29.342, 25.863, 32.651, -56.322, 0., 61/gDblProcessSpeed
LINE/t (10,11,12,14,15), 29.342, 27.78, 33.504, -59.319, 0., 565/gDblProcessSpeed
LINE/t (10,11,12,14,15), 29.348, 28.959, 33.961, -61.129, 0., 341/gDblProcessSpeed
LINE/t (10,11,12,14,15), 29.35, 29.009, 33.993, -61.265, 0., 64/gDblProcessSpeed
LINE/t (10,11,12,14,15), 29.379, 29.07, 34.009, -61.329, 0., 30/gDblProcessSpeed
LINE/t (10,11,12,14,15), 29.409, 28.959, 33.971, -61.171, 0., 37/gDblProcessSpeed
LINE/t (10,11,12,14,15), 29.409, 27.033, 33.201, -58.208, 0., 555/gDblProcessSpeed
LINE/t (10,11,12,14,15), 29.401, 25.614, 32.553, -56., 0., 401/gDblProcessSpeed
LINE/t (10,11,12,14,15), 29.553, 24.242, 31.926, -54.047, 0., 265/gDblProcessSpeed
LINE/t (10,11,12,14,15), 29.553, 26.309, 32.848, -56.978, 0., 325/gDblProcessSpeed
LINE/t (10,11,12,14,15), 29.553, 28.421, 33.663, -59.91, 0., 325/gDblProcessSpeed
LINE/t (10,11,12,14,15), 29.553, 30.571, 34.371, -62.841, 0., 325/gDblProcessSpeed
LINE/t (10,11,12,14,15), 29.553, 32.756, 34.968, -65.773, 0., 325/gDblProcessSpeed
LINE/t (10,11,12,14,15), 29.553, 34.967, 35.45, -68.704, 0., 325/gDblProcessSpeed
LINE/t (10,11,12,14,15), 29.553, 37.201, 35.819, -71.636, 0., 325/gDblProcessSpeed
LINE/t (10,11,12,14,15), 29.553, 38.099, 35.937, -72.808, 0., 130/gDblProcessSpeed
LINE/v (10,11,12,14,15), 29.375, 38.099, 35.937, -72.808, 0., gDblProcessSpeed
LINE/t (10,11,12,14,15), 29.375, 35.826, 35.606, -69.834, 0., 330/gDblProcessSpeed
LINE/t (10,11,12,14,15), 29.375, 33.572, 35.16, -66.859, 0., 330/gDblProcessSpeed
LINE/t (10,11,12,14,15), 29.375, 32.084, 34.797, -64.876, 0., 220/gDblProcessSpeed
LINE/t (10,11,12,14,15), 29.364, 31.733, 34.704, -64.406, 0., 53/gDblProcessSpeed
LINE/t (10,11,12,14,15), 29.364, 29.801, 34.05, -61.473, 0., 562/gDblProcessSpeed
LINE/t (10,11,12,14,15), 29.37, 28.88, 33.692, -60.057, 0., 272/gDblProcessSpeed
LINE/t (10,11,12,14,15), 29.372, 28.893, 33.676, -60.003, 0., 59/gDblProcessSpeed
LINE/t (10,11,12,14,15), 29.387, 28.838, 33.67, -59.972, 0., 32/gDblProcessSpeed
LINE/t (10,11,12,14,15), 29.387, 30.76, 34.389, -62.928, 0., 576/gDblProcessSpeed
LINE/t (10,11,12,14,15), 29.387, 31.733, 34.704, -64.406, 0., 288/gDblProcessSpeed
LINE/v (10,11,12,14,15), 29.72, 31.733, 34.704, -64.406, 0., gDblProcessSpeed
LINE/t (10,11,12,14,15), 29.72, 29.801, 34.05, -61.473, 0., 562/gDblProcessSpeed
LINE/t (10,11,12,14,15), 29.726, 28.88, 33.692, -60.057, 0., 272/gDblProcessSpeed
LINE/t (10,11,12,14,15), 29.728, 28.893, 33.676, -60.003, 0., 59/gDblProcessSpeed
LINE/t (10,11,12,14,15), 29.742, 28.838, 33.67, -59.972, 0., 32/gDblProcessSpeed
LINE/t (10,11,12,14,15), 29.742, 30.76, 34.389, -62.928, 0., 576/gDblProcessSpeed
LINE/t (10,11,12,14,15), 29.742, 31.733, 34.704, -64.406, 0., 288/gDblProcessSpeed
LINE/t (10,11,12,14,15), 29.053, 31.958, 34.764, -64.707, 0., 690/gDblProcessSpeed
LINE/t (10,11,12,14,15), 29.053, 29.972, 34.117, -61.747, 0., 535/gDblProcessSpeed
LINE/t (10,11,12,14,15), 29.047, 28.628, 33.603, -59.714, 0., 368/gDblProcessSpeed
LINE/t (10,11,12,14,15), 29.045, 28.573, 33.564, -59.573, 0., 63/gDblProcessSpeed
LINE/t (10,11,12,14,15), 29.016, 28.509, 33.547, -59.505, 0., 30/gDblProcessSpeed
LINE/t (10,11,12,14,15), 28.986, 28.625, 33.591, -59.67, 0., 37/gDblProcessSpeed
LINE/t (10,11,12,14,15), 28.986, 30.532, 34.328, -62.653, 0., 610/gDblProcessSpeed
LINE/t (10,11,12,14,15), 28.994, 31.659, 34.698, -64.381, 0., 346/gDblProcessSpeed
LINE/t (10,11,12,14,15), 29.053, 31.958, 34.764, -64.707, 0., 62/gDblProcessSpeed
LINE/t (10,11,12,14,15), 29.02, 32.084, 34.797, -64.876, 0., 38/gDblProcessSpeed
LINE/t (10,11,12,14,15), 29.02, 34.321, 35.321, -67.851, 0., 330/gDblProcessSpeed
LINE/t (10,11,12,14,15), 29.02, 36.581, 35.73, -70.825, 0., 330/gDblProcessSpeed
LINE/t (10,11,12,14,15), 29.02, 38.099, 35.937, -72.808, 0., 220/gDblProcessSpeed
LINE/v (10,11,12,14,15), 29.198, 38.099, 35.937, -72.808, 0., gDblProcessSpeed
LINE/t (10,11,12,14,15), 29.198, 35.858, 35.612, -69.877, 0., 325/gDblProcessSpeed
LINE/t (10,11,12,14,15), 29.198, 33.637, 35.173, -66.945, 0., 325/gDblProcessSpeed
LINE/t (10,11,12,14,15), 29.198, 31.441, 34.622, -64.014, 0., 325/gDblProcessSpeed
LINE/t (10,11,12,14,15), 29.198, 29.277, 33.961, -61.082, 0., 325/gDblProcessSpeed
LINE/t (10,11,12,14,15), 29.198, 27.149, 33.187, -58.151, 0., 325/gDblProcessSpeed
LINE/t (10,11,12,14,15), 29.198, 25.063, 32.307, -55.219, 0., 325/gDblProcessSpeed
LINE/t (10,11,12,14,15), 29.198, 24.242, 31.926, -54.047, 0., 130/gDblProcessSpeed
LINE/v (10,11,12,14,15), 29.223, 24.242, 31.926, -54.047, 0., gDblProcessSpeed
LINE/t (10,11,12,14,15), 29.227, 22.558, 30.885, -51.105, 0., 667/gDblProcessSpeed
LINE/t (10,11,12,14,15), 29.223, 22.315, 30.722, -50.671, 0., 98/gDblProcessSpeed
LINE/t (10,11,12,14,15), 29.164, 22.36, 30.75, -50.744, 0., 60/gDblProcessSpeed
LINE/t (10,11,12,14,15), 29.164, 22.359, 30.761, -50.772, 0., 23/gDblProcessSpeed
LINE/t (10,11,12,14,15), 29.171, 24.01, 31.819, -53.729, 0., 705/gDblProcessSpeed
LINE/t (10,11,12,14,15), 29.185, 24.112, 31.873, -53.887, 0., 28/gDblProcessSpeed
LINE/t (10,11,12,14,15), 29.223, 24.242, 31.926, -54.047, 0., 38/gDblProcessSpeed
LINE/t (10,11,12,14,15), 29.209, 24.004, 31.812, -53.705, 0., 41/gDblProcessSpeed
LINE/t (10,11,12,14,15), 29.201, 22.394, 30.776, -50.814, 0., 694/gDblProcessSpeed
LINE/t (10,11,12,14,15), 29.186, 22.628, 30.933, -51.233, 0., 98/gDblProcessSpeed
LINE/t (10,11,12,14,15), 29.186, 24.004, 31.812, -53.705, 0., 597/gDblProcessSpeed
LINE/t (10,11,12,14,15), 29.02, 25.614, 32.553, -56., 0., 304/gDblProcessSpeed
LINE/t (10,11,12,14,15), 29.019, 23.635, 31.606, -53.104, -0.001, 369/gDblProcessSpeed
LINE/t (10,11,12,14,15), 29.019, 21.705, 30.556, -50.204, -0.001, 370/gDblProcessSpeed
LINE/t (10,11,12,14,15), 29.019, 19.824, 29.404, -47.295, -0.002, 371/gDblProcessSpeed
LINE/t (10,11,12,14,15), 29.032, 18.557, 28.552, -45.284, -0.002, 255/gDblProcessSpeed
LINE/t (10,11,12,14,15), 29.125, 16.777, 27.243, -42.386, -0.002, 369/gDblProcessSpeed
LINE/t (10,11,12,14,15), 29.222, 15.069, 25.85, -39.497, -0.003, 368/gDblProcessSpeed
LINE/t (10,11,12,14,15), 29.322, 13.436, 24.372, -36.614, -0.003, 368/gDblProcessSpeed
LINE/t (10,11,12,14,15), 29.427, 11.88, 22.815, -33.736, -0.004, 367/gDblProcessSpeed
LINE/t (10,11,12,14,15), 29.534, 10.404, 21.182, -30.858, -0.004, 367/gDblProcessSpeed
LINE/t (10,11,12,14,15), 29.644, 9.011, 19.473, -27.981, -0.005, 367/gDblProcessSpeed
LINE/t (10,11,12,14,15), 29.757, 7.704, 17.695, -25.101, -0.006, 367/gDblProcessSpeed
LINE/t (10,11,12,14,15), 29.872, 6.484, 15.848, -22.216, -0.006, 368/gDblProcessSpeed
LINE/t (10,11,12,14,15), 29.99, 5.356, 13.936, -19.325, -0.007, 368/gDblProcessSpeed
LINE/t (10,11,12,14,15), 30.109, 4.324, 11.965, -16.428, -0.007, 369/gDblProcessSpeed
LINE/t (10,11,12,14,15), 30.23, 3.389, 9.935, -13.522, -0.008, 370/gDblProcessSpeed
LINE/t (10,11,12,14,15), 30.352, 2.558, 7.859, -10.616, -0.008, 370/gDblProcessSpeed
LINE/t (10,11,12,14,15), 30.474, 1.833, 5.744, -7.711, -0.009, 370/gDblProcessSpeed
LINE/t (10,11,12,14,15), 30.601, 1.201, 3.533, -4.73, -0.009, 380/gDblProcessSpeed
LINE/t (10,11,12,14,15), 30.728, 0.683, 1.284, -1.733, -0.009, 382/gDblProcessSpeed
LINE/t (10,11,12,14,15), 30.801, 0.437, -0.011, -0.01, -0.009, 218/gDblProcessSpeed
LINE/t (10,11,12,14,15), 32.11, 4.143, -0.209, 0.102, -0.009, 3958/gDblProcessSpeed
LINE/t (10,11,12,14,15), 32.122, 82.027, -1.462, 1.924, -0.009, 78314/gDblProcessSpeed
LINE/v (10,11,12,14,15), 32.244, 82.027, -1.462, 1.924, -0.009, gDblProcessSpeed
LINE/t (10,11,12,14,15), 32.22, 4.062, -0.206, 0.1, -0.009, 78396/gDblProcessSpeed
LINE/t (10,11,12,14,15), 30.95, 0.433, -0.011, -0.011, -0.009, 3873/gDblProcessSpeed
LINE/t (10,11,12,14,15), 30.825, 0.862, 2.184, -2.929, -0.009, 379/gDblProcessSpeed
LINE/t (10,11,12,14,15), 30.702, 1.397, 4.348, -5.819, -0.009, 377/gDblProcessSpeed
LINE/t (10,11,12,14,15), 30.575, 2.059, 6.533, -8.786, -0.008, 387/gDblProcessSpeed
LINE/t (10,11,12,14,15), 30.449, 2.832, 8.681, -11.753, -0.008, 387/gDblProcessSpeed
LINE/t (10,11,12,14,15), 30.324, 3.715, 10.782, -14.721, -0.007, 387/gDblProcessSpeed
LINE/t (10,11,12,14,15), 30.201, 4.703, 12.83, -17.683, -0.006, 386/gDblProcessSpeed
LINE/t (10,11,12,14,15), 30.079, 5.793, 14.816, -20.639, -0.006, 385/gDblProcessSpeed
LINE/t (10,11,12,14,15), 29.96, 6.979, 16.738, -23.586, -0.005, 384/gDblProcessSpeed
LINE/t (10,11,12,14,15), 29.843, 8.259, 18.59, -26.528, -0.004, 383/gDblProcessSpeed
LINE/t (10,11,12,14,15), 29.729, 9.63, 20.37, -29.468, -0.004, 383/gDblProcessSpeed
LINE/t (10,11,12,14,15), 29.617, 11.089, 22.075, -32.406, -0.003, 383/gDblProcessSpeed
LINE/t (10,11,12,14,15), 29.51, 12.632, 23.7, -35.345, -0.003, 383/gDblProcessSpeed
LINE/t (10,11,12,14,15), 29.407, 14.259, 25.245, -38.289, -0.002, 384/gDblProcessSpeed
LINE/t (10,11,12,14,15), 29.306, 15.968, 26.706, -41.244, -0.001, 385/gDblProcessSpeed
LINE/t (10,11,12,14,15), 29.21, 17.763, 28.086, -44.223, -0.001, 388/gDblProcessSpeed
LINE/t (10,11,12,14,15), 29.198, 19.585, 29.348, -47.151, 0., 380/gDblProcessSpeed
LINE/t (10,11,12,14,15), 28.876, 19.654, 29.392, -47.257, 0., 322/gDblProcessSpeed
LINE/t (10,11,12,14,15), 28.809, 19.861, 29.503, -47.528, 0., 67/gDblProcessSpeed
LINE/t (10,11,12,14,15), 28.816, 21.404, 30.642, -50.456, 0., 729/gDblProcessSpeed
LINE/t (10,11,12,14,15), 28.817, 21.449, 30.675, -50.546, 0., 25/gDblProcessSpeed
LINE/t (10,11,12,14,15), 28.831, 21.496, 30.696, -50.6, 0., 15/gDblProcessSpeed
LINE/t (10,11,12,14,15), 28.876, 21.4, 30.645, -50.465, 0., 45/gDblProcessSpeed
LINE/t (10,11,12,14,15), 28.876, 19.82, 29.517, -47.564, 0., 670/gDblProcessSpeed
LINE/t (10,11,12,14,15), 28.876, 19.654, 29.392, -47.257, 0., 69/gDblProcessSpeed
LINE/t (10,11,12,14,15), 28.842, 19.585, 29.348, -47.151, 0., 36/gDblProcessSpeed
LINE/t (10,11,12,14,15), 28.855, 17.761, 28.083, -44.216, -0.001, 384/gDblProcessSpeed
LINE/t (10,11,12,14,15), 28.954, 15.987, 26.718, -41.27, -0.001, 387/gDblProcessSpeed
LINE/t (10,11,12,14,15), 29.058, 14.29, 25.267, -38.333, -0.002, 385/gDblProcessSpeed
LINE/t (10,11,12,14,15), 29.165, 12.671, 23.73, -35.401, -0.003, 385/gDblProcessSpeed
LINE/t (10,11,12,14,15), 29.275, 11.133, 22.113, -32.474, -0.003, 384/gDblProcessSpeed
LINE/t (10,11,12,14,15), 29.39, 9.679, 20.416, -29.548, -0.004, 384/gDblProcessSpeed
LINE/t (10,11,12,14,15), 29.508, 8.313, 18.646, -26.62, -0.004, 384/gDblProcessSpeed
LINE/t (10,11,12,14,15), 29.628, 7.036, 16.803, -23.689, -0.005, 385/gDblProcessSpeed
LINE/t (10,11,12,14,15), 29.751, 5.852, 14.891, -20.753, -0.006, 385/gDblProcessSpeed
LINE/t (10,11,12,14,15), 29.877, 4.764, 12.914, -17.808, -0.006, 386/gDblProcessSpeed
LINE/t (10,11,12,14,15), 30.004, 3.777, 10.876, -14.858, -0.007, 387/gDblProcessSpeed
LINE/t (10,11,12,14,15), 30.133, 2.893, 8.786, -11.902, -0.008, 388/gDblProcessSpeed
LINE/t (10,11,12,14,15), 30.262, 2.119, 6.65, -8.949, -0.008, 388/gDblProcessSpeed
LINE/t (10,11,12,14,15), 30.393, 1.455, 4.476, -5.994, -0.008, 388/gDblProcessSpeed
LINE/t (10,11,12,14,15), 30.522, 0.911, 2.297, -3.083, -0.008, 382/gDblProcessSpeed
LINE/t (10,11,12,14,15), 30.652, 0.477, 0.093, -0.15, -0.008, 385/gDblProcessSpeed
LINE/t (10,11,12,14,15), 30.658, 0.456, -0.019, 0., -0.008, 18/gDblProcessSpeed
LINE/t (10,11,12,14,15), 31.989, 4.168, -0.211, 0.103, -0.008, 3970/gDblProcessSpeed
LINE/t (10,11,12,14,15), 32., 82.027, -1.462, 1.924, -0.008, 78289/gDblProcessSpeed
LINE/v (10,11,12,14,15), 31.88, 82.027, -1.462, 1.924, -0.008, gDblProcessSpeed
LINE/t (10,11,12,14,15), 31.862, 4.155, -0.21, 0.102, -0.008, 78303/gDblProcessSpeed
LINE/t (10,11,12,14,15), 30.504, 0.445, -0.012, -0.009, -0.008, 3979/gDblProcessSpeed
LINE/t (10,11,12,14,15), 30.377, 0.878, 2.163, -2.904, -0.008, 369/gDblProcessSpeed
LINE/t (10,11,12,14,15), 30.251, 1.42, 4.324, -5.79, -0.008, 369/gDblProcessSpeed
LINE/t (10,11,12,14,15), 30.124, 2.073, 6.462, -8.693, -0.008, 371/gDblProcessSpeed
LINE/t (10,11,12,14,15), 29.998, 2.834, 8.563, -11.595, -0.008, 371/gDblProcessSpeed
LINE/t (10,11,12,14,15), 29.873, 3.699, 10.623, -14.499, -0.007, 371/gDblProcessSpeed
LINE/t (10,11,12,14,15), 29.748, 4.667, 12.631, -17.4, -0.007, 371/gDblProcessSpeed
LINE/t (10,11,12,14,15), 29.626, 5.732, 14.585, -20.296, -0.006, 370/gDblProcessSpeed
LINE/t (10,11,12,14,15), 29.506, 6.89, 16.474, -23.183, -0.006, 369/gDblProcessSpeed
LINE/t (10,11,12,14,15), 29.388, 8.138, 18.297, -26.065, -0.005, 369/gDblProcessSpeed
LINE/t (10,11,12,14,15), 29.271, 9.475, 20.054, -28.944, -0.005, 368/gDblProcessSpeed
LINE/t (10,11,12,14,15), 29.159, 10.895, 21.735, -31.819, -0.004, 368/gDblProcessSpeed
LINE/t (10,11,12,14,15), 29.05, 12.396, 23.343, -34.696, -0.004, 368/gDblProcessSpeed
LINE/t (10,11,12,14,15), 28.943, 13.977, 24.873, -37.573, -0.003, 368/gDblProcessSpeed
LINE/t (10,11,12,14,15), 28.841, 15.633, 26.321, -40.456, -0.003, 369/gDblProcessSpeed
LINE/t (10,11,12,14,15), 28.742, 17.372, 27.693, -43.359, -0.002, 371/gDblProcessSpeed
LINE/t (10,11,12,14,15), 28.663, 19.051, 28.888, -46.065, -0.002, 345/gDblProcessSpeed
LINE/t (10,11,12,14,15), 28.663, 20.89, 30.071, -48.949, -0.001, 369/gDblProcessSpeed
LINE/t (10,11,12,14,15), 28.664, 22.785, 31.158, -51.834, -0.001, 369/gDblProcessSpeed
LINE/t (10,11,12,14,15), 28.664, 24.733, 32.145, -54.718, 0., 369/gDblProcessSpeed
LINE/t (10,11,12,14,15), 28.664, 25.614, 32.553, -56., 0., 164/gDblProcessSpeed
LINE/v (10,11,12,14,15), 28.639, 25.614, 32.553, -56., 0., gDblProcessSpeed
LINE/t (10,11,12,14,15), 28.631, 27.494, 33.398, -58.922, 0., 535/gDblProcessSpeed
LINE/t (10,11,12,14,15), 28.638, 28.955, 33.972, -61.181, 0., 434/gDblProcessSpeed
LINE/t (10,11,12,14,15), 28.653, 28.923, 33.966, -61.158, 0., 20/gDblProcessSpeed
LINE/t (10,11,12,14,15), 28.697, 28.904, 33.958, -61.125, 0., 45/gDblProcessSpeed
LINE/t (10,11,12,14,15), 28.697, 28.91, 33.956, -61.113, 0., 15/gDblProcessSpeed
LINE/t (10,11,12,14,15), 28.698, 27.01, 33.184, -58.144, 0., 585/gDblProcessSpeed
LINE/t (10,11,12,14,15), 28.69, 25.826, 32.632, -56.259, 0., 371/gDblProcessSpeed
LINE/t (10,11,12,14,15), 28.639, 25.614, 32.553, -56., 0., 51/gDblProcessSpeed
LINE/t (10,11,12,14,15), 28.512, 24.242, 31.926, -54.047, 0., 251/gDblProcessSpeed
LINE/t (10,11,12,14,15), 28.516, 22.558, 30.885, -51.105, 0., 667/gDblProcessSpeed
LINE/t (10,11,12,14,15), 28.512, 22.315, 30.722, -50.671, 0., 98/gDblProcessSpeed
LINE/t (10,11,12,14,15), 28.453, 22.36, 30.75, -50.744, 0., 60/gDblProcessSpeed
LINE/t (10,11,12,14,15), 28.453, 22.359, 30.761, -50.772, 0., 23/gDblProcessSpeed
LINE/t (10,11,12,14,15), 28.46, 24.01, 31.819, -53.729, 0., 705/gDblProcessSpeed
LINE/t (10,11,12,14,15), 28.474, 24.112, 31.873, -53.887, 0., 28/gDblProcessSpeed
LINE/t (10,11,12,14,15), 28.512, 24.242, 31.926, -54.047, 0., 38/gDblProcessSpeed
LINE/v (10,11,12,14,15), 28.486, 24.242, 31.926, -54.047, 0., gDblProcessSpeed
LINE/t (10,11,12,14,15), 28.486, 26.309, 32.848, -56.978, 0., 325/gDblProcessSpeed
LINE/t (10,11,12,14,15), 28.486, 28.421, 33.663, -59.91, 0., 325/gDblProcessSpeed
LINE/t (10,11,12,14,15), 28.486, 30.571, 34.371, -62.841, 0., 325/gDblProcessSpeed
LINE/t (10,11,12,14,15), 28.486, 32.756, 34.968, -65.773, 0., 325/gDblProcessSpeed
LINE/t (10,11,12,14,15), 28.486, 34.967, 35.45, -68.704, 0., 325/gDblProcessSpeed
LINE/t (10,11,12,14,15), 28.486, 37.201, 35.819, -71.636, 0., 325/gDblProcessSpeed
LINE/t (10,11,12,14,15), 28.486, 38.099, 35.937, -72.808, 0., 130/gDblProcessSpeed
LINE/v (10,11,12,14,15), 28.309, 38.099, 35.937, -72.808, 0., gDblProcessSpeed
LINE/t (10,11,12,14,15), 28.309, 35.826, 35.606, -69.834, 0., 330/gDblProcessSpeed
LINE/t (10,11,12,14,15), 28.309, 33.572, 35.16, -66.859, 0., 330/gDblProcessSpeed
LINE/t (10,11,12,14,15), 28.309, 32.084, 34.797, -64.876, 0., 220/gDblProcessSpeed
LINE/v (10,11,12,14,15), 28.283, 32.084, 34.797, -64.876, 0., gDblProcessSpeed
LINE/t (10,11,12,14,15), 28.342, 31.833, 34.736, -64.567, 0., 60/gDblProcessSpeed
LINE/t (10,11,12,14,15), 28.342, 29.911, 34.09, -61.64, 0., 570/gDblProcessSpeed
LINE/t (10,11,12,14,15), 28.335, 28.691, 33.611, -59.752, 0., 369/gDblProcessSpeed
LINE/t (10,11,12,14,15), 28.334, 28.717, 33.608, -59.746, 0., 32/gDblProcessSpeed
LINE/t (10,11,12,14,15), 28.275, 28.693, 33.606, -59.734, 0., 61/gDblProcessSpeed
LINE/t (10,11,12,14,15), 28.275, 30.626, 34.336, -62.693, 0., 565/gDblProcessSpeed
LINE/t (10,11,12,14,15), 28.283, 32.084, 34.797, -64.876, 0., 405/gDblProcessSpeed
LINE/t (10,11,12,14,15), 28.297, 31.733, 34.704, -64.406, 0., 54/gDblProcessSpeed
LINE/t (10,11,12,14,15), 28.297, 29.801, 34.05, -61.473, 0., 562/gDblProcessSpeed
LINE/t (10,11,12,14,15), 28.303, 28.88, 33.692, -60.057, 0., 272/gDblProcessSpeed
LINE/t (10,11,12,14,15), 28.305, 28.893, 33.676, -60.003, 0., 59/gDblProcessSpeed
LINE/t (10,11,12,14,15), 28.32, 28.838, 33.67, -59.972, 0., 32/gDblProcessSpeed
LINE/t (10,11,12,14,15), 28.32, 30.76, 34.389, -62.928, 0., 576/gDblProcessSpeed
LINE/t (10,11,12,14,15), 28.32, 31.733, 34.704, -64.406, 0., 288/gDblProcessSpeed
LINE/v (10,11,12,14,15), 28.653, 31.733, 34.704, -64.406, 0., gDblProcessSpeed
LINE/t (10,11,12,14,15), 28.653, 29.801, 34.05, -61.473, 0., 562/gDblProcessSpeed
LINE/t (10,11,12,14,15), 28.659, 28.88, 33.692, -60.057, 0., 272/gDblProcessSpeed
LINE/t (10,11,12,14,15), 28.661, 28.893, 33.676, -60.003, 0., 59/gDblProcessSpeed
LINE/t (10,11,12,14,15), 28.675, 28.838, 33.67, -59.972, 0., 32/gDblProcessSpeed
LINE/t (10,11,12,14,15), 28.675, 30.76, 34.389, -62.928, 0., 576/gDblProcessSpeed
LINE/t (10,11,12,14,15), 28.675, 31.733, 34.704, -64.406, 0., 288/gDblProcessSpeed
LINE/t (10,11,12,14,15), 28.664, 32.084, 34.797, -64.876, 0., 53/gDblProcessSpeed
LINE/t (10,11,12,14,15), 28.664, 34.321, 35.321, -67.851, 0., 330/gDblProcessSpeed
LINE/t (10,11,12,14,15), 28.664, 36.581, 35.73, -70.825, 0., 330/gDblProcessSpeed
LINE/t (10,11,12,14,15), 28.664, 38.099, 35.937, -72.808, 0., 220/gDblProcessSpeed
LINE/v (10,11,12,14,15), 28.842, 38.099, 35.937, -72.808, 0., gDblProcessSpeed
LINE/t (10,11,12,14,15), 28.842, 35.858, 35.612, -69.877, 0., 325/gDblProcessSpeed
LINE/t (10,11,12,14,15), 28.842, 33.637, 35.173, -66.945, 0., 325/gDblProcessSpeed
LINE/t (10,11,12,14,15), 28.842, 31.441, 34.622, -64.014, 0., 325/gDblProcessSpeed
LINE/t (10,11,12,14,15), 28.842, 29.277, 33.961, -61.082, 0., 325/gDblProcessSpeed
LINE/t (10,11,12,14,15), 28.842, 27.149, 33.187, -58.151, 0., 325/gDblProcessSpeed
LINE/t (10,11,12,14,15), 28.842, 25.063, 32.307, -55.219, 0., 325/gDblProcessSpeed
LINE/t (10,11,12,14,15), 28.842, 24.242, 31.926, -54.047, 0., 130/gDblProcessSpeed
LINE/t (10,11,12,14,15), 28.853, 24.004, 31.812, -53.705, 0., 39/gDblProcessSpeed
LINE/t (10,11,12,14,15), 28.845, 22.394, 30.776, -50.814, 0., 694/gDblProcessSpeed
LINE/t (10,11,12,14,15), 28.831, 22.628, 30.933, -51.233, 0., 98/gDblProcessSpeed
LINE/t (10,11,12,14,15), 28.831, 24.004, 31.812, -53.705, 0., 597/gDblProcessSpeed
LINE/v (10,11,12,14,15), 28.498, 24.004, 31.812, -53.705, 0., gDblProcessSpeed
LINE/t (10,11,12,14,15), 28.49, 22.394, 30.776, -50.814, 0., 694/gDblProcessSpeed
LINE/t (10,11,12,14,15), 28.475, 22.628, 30.933, -51.233, 0., 98/gDblProcessSpeed
LINE/t (10,11,12,14,15), 28.475, 24.004, 31.812, -53.705, 0., 597/gDblProcessSpeed
LINE/t (10,11,12,14,15), 28.309, 25.614, 32.553, -56., 0., 304/gDblProcessSpeed
LINE/t (10,11,12,14,15), 28.308, 23.652, 31.613, -53.124, -0.001, 369/gDblProcessSpeed
LINE/t (10,11,12,14,15), 28.308, 21.737, 30.572, -50.245, -0.001, 370/gDblProcessSpeed
LINE/t (10,11,12,14,15), 28.308, 19.871, 29.429, -47.357, -0.002, 371/gDblProcessSpeed
LINE/t (10,11,12,14,15), 28.321, 18.612, 28.583, -45.357, -0.002, 255/gDblProcessSpeed
LINE/t (10,11,12,14,15), 28.42, 16.835, 27.279, -42.465, -0.002, 371/gDblProcessSpeed
LINE/t (10,11,12,14,15), 28.524, 15.129, 25.891, -39.581, -0.003, 370/gDblProcessSpeed
LINE/t (10,11,12,14,15), 28.63, 13.496, 24.418, -36.701, -0.003, 370/gDblProcessSpeed
LINE/t (10,11,12,14,15), 28.741, 11.941, 22.865, -33.827, -0.004, 369/gDblProcessSpeed
LINE/t (10,11,12,14,15), 28.855, 10.465, 21.237, -30.953, -0.004, 369/gDblProcessSpeed
LINE/t (10,11,12,14,15), 28.972, 9.071, 19.532, -28.078, -0.005, 369/gDblProcessSpeed
LINE/t (10,11,12,14,15), 29.091, 7.762, 17.758, -25.201, -0.005, 369/gDblProcessSpeed
LINE/t (10,11,12,14,15), 29.214, 6.541, 15.914, -22.318, -0.006, 370/gDblProcessSpeed
LINE/t (10,11,12,14,15), 29.339, 5.411, 14.005, -19.43, -0.007, 371/gDblProcessSpeed
LINE/t (10,11,12,14,15), 29.465, 4.376, 12.038, -16.535, -0.007, 372/gDblProcessSpeed
LINE/t (10,11,12,14,15), 29.593, 3.439, 10.013, -13.634, -0.008, 372/gDblProcessSpeed
LINE/t (10,11,12,14,15), 29.722, 2.605, 7.943, -10.734, -0.008, 372/gDblProcessSpeed
LINE/t (10,11,12,14,15), 29.852, 1.877, 5.833, -7.834, -0.009, 372/gDblProcessSpeed
LINE/t (10,11,12,14,15), 29.987, 1.237, 3.609, -4.835, -0.009, 385/gDblProcessSpeed
LINE/t (10,11,12,14,15), 30.119, 0.727, 1.42, -1.915, -0.009, 375/gDblProcessSpeed
LINE/t (10,11,12,14,15), 30.204, 0.453, -0.014, -0.007, -0.009, 244/gDblProcessSpeed
LINE/t (10,11,12,14,15), 31.625, 4.245, -0.215, 0.105, -0.009, 4077/gDblProcessSpeed
LINE/t (10,11,12,14,15), 31.637, 82.027, -1.462, 1.924, -0.009, 78212/gDblProcessSpeed
LINE/v (10,11,12,14,15), 31.759, 82.027, -1.462, 1.924, -0.009, gDblProcessSpeed
LINE/t (10,11,12,14,15), 31.74, 4.18, -0.212, 0.103, -0.009, 78277/gDblProcessSpeed
LINE/t (10,11,12,14,15), 30.354, 0.449, -0.013, -0.008, -0.009, 4008/gDblProcessSpeed
LINE/t (10,11,12,14,15), 30.218, 0.888, 2.228, -2.99, -0.009, 391/gDblProcessSpeed
LINE/t (10,11,12,14,15), 30.084, 1.436, 4.434, -5.936, -0.009, 387/gDblProcessSpeed
LINE/t (10,11,12,14,15), 29.95, 2.1, 6.611, -8.895, -0.008, 389/gDblProcessSpeed
LINE/t (10,11,12,14,15), 29.816, 2.874, 8.751, -11.853, -0.008, 389/gDblProcessSpeed
LINE/t (10,11,12,14,15), 29.684, 3.758, 10.845, -14.813, -0.007, 389/gDblProcessSpeed
LINE/t (10,11,12,14,15), 29.553, 4.746, 12.887, -17.768, -0.006, 388/gDblProcessSpeed
LINE/t (10,11,12,14,15), 29.424, 5.835, 14.868, -20.718, -0.006, 388/gDblProcessSpeed
LINE/t (10,11,12,14,15), 29.297, 7.021, 16.784, -23.659, -0.005, 386/gDblProcessSpeed
LINE/t (10,11,12,14,15), 29.173, 8.299, 18.63, -26.595, -0.004, 386/gDblProcessSpeed
LINE/t (10,11,12,14,15), 29.052, 9.668, 20.404, -29.527, -0.004, 385/gDblProcessSpeed
LINE/t (10,11,12,14,15), 28.933, 11.124, 22.104, -32.458, -0.003, 385/gDblProcessSpeed
LINE/t (10,11,12,14,15), 28.819, 12.664, 23.724, -35.39, -0.003, 385/gDblProcessSpeed
LINE/t (10,11,12,14,15), 28.709, 14.286, 25.264, -38.327, -0.002, 386/gDblProcessSpeed
LINE/t (10,11,12,14,15), 28.602, 15.99, 26.72, -41.274, -0.001, 387/gDblProcessSpeed
LINE/t (10,11,12,14,15), 28.499, 17.78, 28.096, -44.245, -0.001, 390/gDblProcessSpeed
LINE/t (10,11,12,14,15), 28.486, 19.585, 29.348, -47.151, 0., 380/gDblProcessSpeed
LINE/t (10,11,12,14,15), 28.164, 19.654, 29.392, -47.257, 0., 322/gDblProcessSpeed
LINE/t (10,11,12,14,15), 28.097, 19.861, 29.503, -47.528, 0., 67/gDblProcessSpeed
LINE/t (10,11,12,14,15), 28.104, 21.404, 30.642, -50.456, 0., 729/gDblProcessSpeed
LINE/t (10,11,12,14,15), 28.105, 21.449, 30.675, -50.546, 0., 25/gDblProcessSpeed
LINE/t (10,11,12,14,15), 28.12, 21.496, 30.696, -50.6, 0., 15/gDblProcessSpeed
LINE/t (10,11,12,14,15), 28.164, 21.4, 30.645, -50.465, 0., 45/gDblProcessSpeed
LINE/t (10,11,12,14,15), 28.164, 19.82, 29.517, -47.564, 0., 670/gDblProcessSpeed
LINE/t (10,11,12,14,15), 28.164, 19.654, 29.392, -47.257, 0., 69/gDblProcessSpeed
LINE/t (10,11,12,14,15), 28.131, 19.585, 29.348, -47.151, 0., 36/gDblProcessSpeed
LINE/t (10,11,12,14,15), 28.145, 17.772, 28.089, -44.229, -0.001, 384/gDblProcessSpeed
LINE/t (10,11,12,14,15), 28.25, 15.998, 26.725, -41.283, -0.001, 389/gDblProcessSpeed
LINE/t (10,11,12,14,15), 28.36, 14.3, 25.274, -38.346, -0.002, 388/gDblProcessSpeed
LINE/t (10,11,12,14,15), 28.473, 12.68, 23.736, -35.414, -0.002, 387/gDblProcessSpeed
LINE/t (10,11,12,14,15), 28.59, 11.142, 22.12, -32.485, -0.003, 386/gDblProcessSpeed
LINE/t (10,11,12,14,15), 28.712, 9.688, 20.422, -29.558, -0.004, 386/gDblProcessSpeed
LINE/t (10,11,12,14,15), 28.837, 8.32, 18.651, -26.629, -0.004, 387/gDblProcessSpeed
LINE/t (10,11,12,14,15), 28.965, 7.042, 16.807, -23.697, -0.005, 387/gDblProcessSpeed
LINE/t (10,11,12,14,15), 29.095, 5.857, 14.895, -20.759, -0.006, 388/gDblProcessSpeed
LINE/t (10,11,12,14,15), 29.228, 4.768, 12.917, -17.812, -0.006, 389/gDblProcessSpeed
LINE/t (10,11,12,14,15), 29.363, 3.78, 10.878, -14.861, -0.007, 389/gDblProcessSpeed
LINE/t (10,11,12,14,15), 29.499, 2.896, 8.788, -11.905, -0.007, 390/gDblProcessSpeed
LINE/t (10,11,12,14,15), 29.636, 2.121, 6.652, -8.952, -0.008, 390/gDblProcessSpeed
LINE/t (10,11,12,14,15), 29.774, 1.457, 4.479, -5.997, -0.008, 390/gDblProcessSpeed
LINE/t (10,11,12,14,15), 29.914, 0.901, 2.251, -3.022, -0.008, 393/gDblProcessSpeed
LINE/t (10,11,12,14,15), 30.048, 0.478, 0.101, -0.16, -0.008, 378/gDblProcessSpeed
LINE/t (10,11,12,14,15), 30.055, 0.457, -0.014, -0.007, -0.008, 19/gDblProcessSpeed
LINE/t (10,11,12,14,15), 31.504, 4.27, -0.216, 0.105, -0.008, 4107/gDblProcessSpeed
LINE/t (10,11,12,14,15), 31.515, 82.027, -1.462, 1.924, -0.008, 78186/gDblProcessSpeed
LINE/v (10,11,12,14,15), 31.395, 82.027, -1.462, 1.924, -0.008, gDblProcessSpeed
LINE/t (10,11,12,14,15), 31.377, 4.255, -0.215, 0.105, -0.008, 78201/gDblProcessSpeed
LINE/t (10,11,12,14,15), 29.906, 0.46, -0.015, -0.006, -0.008, 4098/gDblProcessSpeed
LINE/t (10,11,12,14,15), 29.769, 0.905, 2.208, -2.966, -0.008, 380/gDblProcessSpeed
LINE/t (10,11,12,14,15), 29.633, 1.462, 4.417, -5.916, -0.008, 380/gDblProcessSpeed
LINE/t (10,11,12,14,15), 29.498, 2.119, 6.549, -8.814, -0.008, 373/gDblProcessSpeed
LINE/t (10,11,12,14,15), 29.365, 2.881, 8.644, -11.71, -0.008, 373/gDblProcessSpeed
LINE/t (10,11,12,14,15), 29.233, 3.749, 10.697, -14.608, -0.007, 373/gDblProcessSpeed
LINE/t (10,11,12,14,15), 29.102, 4.718, 12.701, -17.504, -0.007, 373/gDblProcessSpeed
LINE/t (10,11,12,14,15), 28.972, 5.786, 14.652, -20.399, -0.006, 373/gDblProcessSpeed
LINE/t (10,11,12,14,15), 28.845, 6.946, 16.537, -23.284, -0.006, 372/gDblProcessSpeed
LINE/t (10,11,12,14,15), 28.72, 8.197, 18.358, -26.164, -0.005, 371/gDblProcessSpeed
LINE/t (10,11,12,14,15), 28.596, 9.535, 20.111, -29.04, -0.005, 371/gDblProcessSpeed
LINE/t (10,11,12,14,15), 28.478, 10.955, 21.788, -31.913, -0.004, 370/gDblProcessSpeed
LINE/t (10,11,12,14,15), 28.362, 12.457, 23.392, -34.786, -0.004, 370/gDblProcessSpeed
LINE/t (10,11,12,14,15), 28.248, 14.037, 24.917, -37.659, -0.003, 370/gDblProcessSpeed
LINE/t (10,11,12,14,15), 28.14, 15.693, 26.361, -40.538, -0.003, 371/gDblProcessSpeed
LINE/t (10,11,12,14,15), 28.035, 17.43, 27.728, -43.437, -0.002, 374/gDblProcessSpeed
LINE/t (10,11,12,14,15), 27.952, 19.106, 28.919, -46.137, -0.002, 346/gDblProcessSpeed
LINE/t (10,11,12,14,15), 27.952, 20.929, 30.091, -49.001, -0.001, 369/gDblProcessSpeed
LINE/t (10,11,12,14,15), 27.952, 22.809, 31.168, -51.864, -0.001, 369/gDblProcessSpeed
LINE/t (10,11,12,14,15), 27.953, 24.741, 32.148, -54.728, 0., 369/gDblProcessSpeed
LINE/t (10,11,12,14,15), 27.953, 25.614, 32.553, -56., 0., 164/gDblProcessSpeed
LINE/v (10,11,12,14,15), 27.979, 25.614, 32.553, -56., 0., gDblProcessSpeed
LINE/t (10,11,12,14,15), 27.92, 25.863, 32.651, -56.322, 0., 61/gDblProcessSpeed
LINE/t (10,11,12,14,15), 27.92, 27.78, 33.504, -59.319, 0., 565/gDblProcessSpeed
LINE/t (10,11,12,14,15), 27.926, 28.959, 33.961, -61.129, 0., 341/gDblProcessSpeed
LINE/t (10,11,12,14,15), 27.928, 29.009, 33.993, -61.265, 0., 64/gDblProcessSpeed
LINE/t (10,11,12,14,15), 27.957, 29.07, 34.009, -61.329, 0., 30/gDblProcessSpeed
LINE/t (10,11,12,14,15), 27.986, 28.959, 33.971, -61.171, 0., 37/gDblProcessSpeed
LINE/t (10,11,12,14,15), 27.987, 27.033, 33.201, -58.208, 0., 555/gDblProcessSpeed
LINE/t (10,11,12,14,15), 27.979, 25.614, 32.553, -56., 0., 401/gDblProcessSpeed
LINE/t (10,11,12,14,15), 28.131, 24.242, 31.926, -54.047, 0., 265/gDblProcessSpeed
LINE/t (10,11,12,14,15), 28.131, 26.309, 32.848, -56.978, 0., 325/gDblProcessSpeed
LINE/t (10,11,12,14,15), 28.131, 28.421, 33.663, -59.91, 0., 325/gDblProcessSpeed
LINE/t (10,11,12,14,15), 28.131, 30.571, 34.371, -62.841, 0., 325/gDblProcessSpeed
LINE/t (10,11,12,14,15), 28.131, 32.756, 34.968, -65.773, 0., 325/gDblProcessSpeed
LINE/t (10,11,12,14,15), 28.131, 34.967, 35.45, -68.704, 0., 325/gDblProcessSpeed
LINE/t (10,11,12,14,15), 28.131, 37.201, 35.819, -71.636, 0., 325/gDblProcessSpeed
LINE/t (10,11,12,14,15), 28.131, 38.099, 35.937, -72.808, 0., 130/gDblProcessSpeed
LINE/v (10,11,12,14,15), 27.953, 38.099, 35.937, -72.808, 0., gDblProcessSpeed
LINE/t (10,11,12,14,15), 27.953, 35.826, 35.606, -69.834, 0., 330/gDblProcessSpeed
LINE/t (10,11,12,14,15), 27.953, 33.572, 35.16, -66.859, 0., 330/gDblProcessSpeed
LINE/t (10,11,12,14,15), 27.953, 32.084, 34.797, -64.876, 0., 220/gDblProcessSpeed
LINE/t (10,11,12,14,15), 27.942, 31.733, 34.704, -64.406, 0., 53/gDblProcessSpeed
LINE/t (10,11,12,14,15), 27.942, 29.801, 34.05, -61.473, 0., 562/gDblProcessSpeed
LINE/t (10,11,12,14,15), 27.948, 28.88, 33.692, -60.057, 0., 272/gDblProcessSpeed
LINE/t (10,11,12,14,15), 27.95, 28.893, 33.676, -60.003, 0., 59/gDblProcessSpeed
LINE/t (10,11,12,14,15), 27.964, 28.838, 33.67, -59.972, 0., 32/gDblProcessSpeed
LINE/t (10,11,12,14,15), 27.964, 30.76, 34.389, -62.928, 0., 576/gDblProcessSpeed
LINE/t (10,11,12,14,15), 27.964, 31.733, 34.704, -64.406, 0., 288/gDblProcessSpeed
LINE/t (10,11,12,14,15), 27.631, 31.958, 34.764, -64.707, 0., 335/gDblProcessSpeed
LINE/t (10,11,12,14,15), 27.631, 29.972, 34.117, -61.747, 0., 535/gDblProcessSpeed
LINE/t (10,11,12,14,15), 27.625, 28.628, 33.603, -59.714, 0., 368/gDblProcessSpeed
LINE/t (10,11,12,14,15), 27.623, 28.573, 33.564, -59.573, 0., 63/gDblProcessSpeed
LINE/t (10,11,12,14,15), 27.593, 28.509, 33.547, -59.505, 0., 30/gDblProcessSpeed
LINE/t (10,11,12,14,15), 27.564, 28.625, 33.591, -59.67, 0., 37/gDblProcessSpeed
LINE/t (10,11,12,14,15), 27.564, 30.532, 34.328, -62.653, 0., 610/gDblProcessSpeed
LINE/t (10,11,12,14,15), 27.572, 31.659, 34.698, -64.381, 0., 346/gDblProcessSpeed
LINE/t (10,11,12,14,15), 27.631, 31.958, 34.764, -64.707, 0., 62/gDblProcessSpeed
LINE/t (10,11,12,14,15), 27.597, 32.084, 34.797, -64.876, 0., 38/gDblProcessSpeed
LINE/t (10,11,12,14,15), 27.597, 34.321, 35.321, -67.851, 0., 330/gDblProcessSpeed
LINE/t (10,11,12,14,15), 27.597, 36.581, 35.73, -70.825, 0., 330/gDblProcessSpeed
LINE/t (10,11,12,14,15), 27.597, 38.099, 35.937, -72.808, 0., 220/gDblProcessSpeed
LINE/v (10,11,12,14,15), 27.775, 38.099, 35.937, -72.808, 0., gDblProcessSpeed
LINE/t (10,11,12,14,15), 27.775, 35.858, 35.612, -69.877, 0., 325/gDblProcessSpeed
LINE/t (10,11,12,14,15), 27.775, 33.637, 35.173, -66.945, 0., 325/gDblProcessSpeed
LINE/t (10,11,12,14,15), 27.775, 31.441, 34.622, -64.014, 0., 325/gDblProcessSpeed
LINE/t (10,11,12,14,15), 27.775, 29.277, 33.961, -61.082, 0., 325/gDblProcessSpeed
LINE/t (10,11,12,14,15), 27.775, 27.149, 33.187, -58.151, 0., 325/gDblProcessSpeed
LINE/t (10,11,12,14,15), 27.775, 25.063, 32.307, -55.219, 0., 325/gDblProcessSpeed
LINE/t (10,11,12,14,15), 27.775, 24.242, 31.926, -54.047, 0., 130/gDblProcessSpeed
LINE/v (10,11,12,14,15), 27.801, 24.242, 31.926, -54.047, 0., gDblProcessSpeed
LINE/t (10,11,12,14,15), 27.805, 22.558, 30.885, -51.105, 0., 667/gDblProcessSpeed
LINE/t (10,11,12,14,15), 27.801, 22.315, 30.722, -50.671, 0., 98/gDblProcessSpeed
LINE/t (10,11,12,14,15), 27.742, 22.36, 30.75, -50.744, 0., 60/gDblProcessSpeed
LINE/t (10,11,12,14,15), 27.742, 22.359, 30.761, -50.772, 0., 23/gDblProcessSpeed
LINE/t (10,11,12,14,15), 27.749, 24.01, 31.819, -53.729, 0., 705/gDblProcessSpeed
LINE/t (10,11,12,14,15), 27.762, 24.112, 31.873, -53.887, 0., 28/gDblProcessSpeed
LINE/t (10,11,12,14,15), 27.801, 24.242, 31.926, -54.047, 0., 38/gDblProcessSpeed
LINE/t (10,11,12,14,15), 27.786, 24.004, 31.812, -53.705, 0., 41/gDblProcessSpeed
LINE/t (10,11,12,14,15), 27.778, 22.394, 30.776, -50.814, 0., 694/gDblProcessSpeed
LINE/t (10,11,12,14,15), 27.764, 22.628, 30.933, -51.233, 0., 98/gDblProcessSpeed
LINE/t (10,11,12,14,15), 27.764, 24.004, 31.812, -53.705, 0., 597/gDblProcessSpeed
LINE/t (10,11,12,14,15), 27.597, 25.614, 32.553, -56., 0., 304/gDblProcessSpeed
LINE/t (10,11,12,14,15), 27.597, 23.669, 31.62, -53.145, -0.001, 369/gDblProcessSpeed
LINE/t (10,11,12,14,15), 27.597, 21.77, 30.587, -50.287, -0.001, 370/gDblProcessSpeed
LINE/t (10,11,12,14,15), 27.597, 19.919, 29.454, -47.419, -0.002, 371/gDblProcessSpeed
LINE/t (10,11,12,14,15), 27.611, 18.668, 28.615, -45.431, -0.002, 255/gDblProcessSpeed
LINE/t (10,11,12,14,15), 27.716, 16.893, 27.316, -42.544, -0.002, 373/gDblProcessSpeed
LINE/t (10,11,12,14,15), 27.825, 15.188, 25.932, -39.664, -0.003, 372/gDblProcessSpeed
LINE/t (10,11,12,14,15), 27.938, 13.557, 24.463, -36.789, -0.003, 372/gDblProcessSpeed
LINE/t (10,11,12,14,15), 28.055, 12.002, 22.915, -33.918, -0.004, 371/gDblProcessSpeed
LINE/t (10,11,12,14,15), 28.175, 10.526, 21.291, -31.048, -0.004, 371/gDblProcessSpeed
LINE/t (10,11,12,14,15), 28.299, 9.131, 19.59, -28.176, -0.005, 371/gDblProcessSpeed
LINE/t (10,11,12,14,15), 28.425, 7.821, 17.819, -25.302, -0.005, 372/gDblProcessSpeed
LINE/t (10,11,12,14,15), 28.555, 6.597, 15.979, -22.421, -0.006, 373/gDblProcessSpeed
LINE/t (10,11,12,14,15), 28.686, 5.465, 14.075, -19.535, -0.007, 373/gDblProcessSpeed
LINE/t (10,11,12,14,15), 28.82, 4.428, 12.111, -16.643, -0.007, 374/gDblProcessSpeed
LINE/t (10,11,12,14,15), 28.955, 3.489, 10.091, -13.747, -0.008, 374/gDblProcessSpeed
LINE/t (10,11,12,14,15), 29.091, 2.653, 8.027, -10.852, -0.008, 374/gDblProcessSpeed
LINE/t (10,11,12,14,15), 29.228, 1.922, 5.923, -7.958, -0.009, 374/gDblProcessSpeed
LINE/t (10,11,12,14,15), 29.364, 1.302, 3.797, -5.089, -0.009, 371/gDblProcessSpeed
LINE/t (10,11,12,14,15), 29.506, 0.772, 1.561, -2.104, -0.009, 386/gDblProcessSpeed
LINE/t (10,11,12,14,15), 29.606, 0.469, -0.016, -0.005, -0.009, 270/gDblProcessSpeed
LINE/t (10,11,12,14,15), 31.14, 4.346, -0.22, 0.107, -0.009, 4198/gDblProcessSpeed
LINE/t (10,11,12,14,15), 31.152, 82.027, -1.462, 1.924, -0.009, 78110/gDblProcessSpeed
LINE/v (10,11,12,14,15), 31.274, 82.027, -1.462, 1.924, -0.009, gDblProcessSpeed
LINE/t (10,11,12,14,15), 31.254, 4.281, -0.217, 0.106, -0.009, 78176/gDblProcessSpeed
LINE/t (10,11,12,14,15), 29.756, 0.464, -0.016, -0.005, -0.009, 4128/gDblProcessSpeed
LINE/t (10,11,12,14,15), 29.616, 0.889, 2.163, -2.905, -0.009, 383/gDblProcessSpeed
LINE/t (10,11,12,14,15), 29.477, 1.423, 4.329, -5.795, -0.009, 383/gDblProcessSpeed
LINE/t (10,11,12,14,15), 29.335, 2.078, 6.501, -8.745, -0.008, 391/gDblProcessSpeed
LINE/t (10,11,12,14,15), 29.194, 2.843, 8.636, -11.694, -0.008, 391/gDblProcessSpeed
LINE/t (10,11,12,14,15), 29.055, 3.718, 10.726, -14.644, -0.007, 391/gDblProcessSpeed
LINE/t (10,11,12,14,15), 28.916, 4.697, 12.766, -17.593, -0.006, 391/gDblProcessSpeed
LINE/t (10,11,12,14,15), 28.779, 5.778, 14.749, -20.538, -0.006, 390/gDblProcessSpeed
LINE/t (10,11,12,14,15), 28.644, 6.955, 16.664, -23.474, -0.005, 389/gDblProcessSpeed
LINE/t (10,11,12,14,15), 28.513, 8.224, 18.513, -26.405, -0.004, 388/gDblProcessSpeed
LINE/t (10,11,12,14,15), 28.384, 9.584, 20.288, -29.332, -0.004, 388/gDblProcessSpeed
LINE/t (10,11,12,14,15), 28.259, 11.03, 21.99, -32.257, -0.003, 388/gDblProcessSpeed
LINE/t (10,11,12,14,15), 28.138, 12.559, 23.611, -35.182, -0.003, 388/gDblProcessSpeed
LINE/t (10,11,12,14,15), 28.021, 14.17, 25.153, -38.11, -0.002, 388/gDblProcessSpeed
LINE/t (10,11,12,14,15), 27.907, 15.86, 26.611, -41.046, -0.001, 389/gDblProcessSpeed
LINE/t (10,11,12,14,15), 27.798, 17.639, 27.991, -44.01, -0.001, 393/gDblProcessSpeed
LINE/t (10,11,12,14,15), 27.775, 18.418, 28.551, -45.279, 0., 166/gDblProcessSpeed
LINE/t (10,11,12,14,15), 27.775, 19.585, 29.348, -47.151, 0., 248/gDblProcessSpeed
LINE/t (10,11,12,14,15), 27.861, 20.663, 30.003, -48.789, 0., 201/gDblProcessSpeed
LINE/t (10,11,12,14,15), 27.947, 21.759, 30.633, -50.428, 0., 201/gDblProcessSpeed
LINE/t (10,11,12,14,15), 28.034, 22.873, 31.236, -52.066, 0., 201/gDblProcessSpeed
LINE/t (10,11,12,14,15), 28.12, 24.004, 31.812, -53.705, 0., 201/gDblProcessSpeed
LINE/t (10,11,12,14,15), 28.128, 22.394, 30.776, -50.814, 0., 694/gDblProcessSpeed
LINE/t (10,11,12,14,15), 28.142, 22.628, 30.933, -51.233, 0., 98/gDblProcessSpeed
LINE/t (10,11,12,14,15), 28.142, 24.004, 31.812, -53.705, 0., 597/gDblProcessSpeed
LINE/t (10,11,12,14,15), 28.009, 25.884, 32.648, -56.38, 0., 325/gDblProcessSpeed
LINE/t (10,11,12,14,15), 27.875, 27.801, 33.411, -59.055, 0., 325/gDblProcessSpeed
LINE/t (10,11,12,14,15), 27.742, 29.752, 34.096, -61.731, 0., 325/gDblProcessSpeed
LINE/t (10,11,12,14,15), 27.609, 31.733, 34.704, -64.406, 0., 325/gDblProcessSpeed
LINE/t (10,11,12,14,15), 27.609, 29.801, 34.05, -61.473, 0., 562/gDblProcessSpeed
LINE/t (10,11,12,14,15), 27.603, 28.88, 33.692, -60.057, 0., 272/gDblProcessSpeed
LINE/t (10,11,12,14,15), 27.601, 28.893, 33.676, -60.003, 0., 59/gDblProcessSpeed
LINE/t (10,11,12,14,15), 27.586, 28.838, 33.67, -59.972, 0., 32/gDblProcessSpeed
LINE/t (10,11,12,14,15), 27.586, 30.76, 34.389, -62.928, 0., 576/gDblProcessSpeed
LINE/t (10,11,12,14,15), 27.586, 31.733, 34.704, -64.406, 0., 288/gDblProcessSpeed
LINE/v (10,11,12,14,15), 29.009, 31.733, 34.704, -64.406, 0., gDblProcessSpeed
LINE/t (10,11,12,14,15), 29.009, 29.801, 34.05, -61.473, 0., 562/gDblProcessSpeed
LINE/t (10,11,12,14,15), 29.015, 28.88, 33.692, -60.057, 0., 272/gDblProcessSpeed
LINE/t (10,11,12,14,15), 29.017, 28.893, 33.676, -60.003, 0., 59/gDblProcessSpeed
LINE/t (10,11,12,14,15), 29.031, 28.838, 33.67, -59.972, 0., 32/gDblProcessSpeed
LINE/t (10,11,12,14,15), 29.031, 30.76, 34.389, -62.928, 0., 576/gDblProcessSpeed
LINE/t (10,11,12,14,15), 29.031, 31.733, 34.704, -64.406, 0., 288/gDblProcessSpeed
LINE/t (10,11,12,14,15), 29.159, 29.752, 34.096, -61.731, 0., 322/gDblProcessSpeed
LINE/t (10,11,12,14,15), 29.287, 27.801, 33.411, -59.055, 0., 322/gDblProcessSpeed
LINE/t (10,11,12,14,15), 29.414, 25.884, 32.648, -56.38, 0., 322/gDblProcessSpeed
LINE/t (10,11,12,14,15), 29.542, 24.004, 31.812, -53.705, 0., 322/gDblProcessSpeed
LINE/t (10,11,12,14,15), 29.55, 22.394, 30.776, -50.814, 0., 694/gDblProcessSpeed
LINE/t (10,11,12,14,15), 29.564, 22.628, 30.933, -51.233, 0., 98/gDblProcessSpeed
LINE/t (10,11,12,14,15), 29.564, 24.004, 31.812, -53.705, 0., 597/gDblProcessSpeed
LINE/v (10,11,12,14,15), 30.253, 24.004, 31.812, -53.705, 0., gDblProcessSpeed
LINE/t (10,11,12,14,15), 30.261, 22.394, 30.776, -50.814, 0., 694/gDblProcessSpeed
LINE/t (10,11,12,14,15), 30.276, 22.628, 30.933, -51.233, 0., 98/gDblProcessSpeed
LINE/t (10,11,12,14,15), 30.276, 24.004, 31.812, -53.705, 0., 597/gDblProcessSpeed
LINE/v (10,11,12,14,15), 30.964, 24.004, 31.812, -53.705, 0., gDblProcessSpeed
LINE/t (10,11,12,14,15), 30.972, 22.394, 30.776, -50.814, 0., 694/gDblProcessSpeed
LINE/t (10,11,12,14,15), 30.987, 22.628, 30.933, -51.233, 0., 98/gDblProcessSpeed
LINE/t (10,11,12,14,15), 30.987, 24.004, 31.812, -53.705, 0., 597/gDblProcessSpeed
LINE/v (10,11,12,14,15), 31.676, 24.004, 31.812, -53.705, 0., gDblProcessSpeed
LINE/t (10,11,12,14,15), 31.684, 22.394, 30.776, -50.814, 0., 694/gDblProcessSpeed
LINE/t (10,11,12,14,15), 31.698, 22.628, 30.933, -51.233, 0., 98/gDblProcessSpeed
LINE/t (10,11,12,14,15), 31.698, 24.004, 31.812, -53.705, 0., 597/gDblProcessSpeed
LINE/v (10,11,12,14,15), 33.098, 24.004, 31.812, -53.705, 0., gDblProcessSpeed
LINE/t (10,11,12,14,15), 33.106, 22.394, 30.776, -50.814, 0., 694/gDblProcessSpeed
LINE/t (10,11,12,14,15), 33.12, 22.628, 30.933, -51.233, 0., 98/gDblProcessSpeed
LINE/t (10,11,12,14,15), 33.12, 24.004, 31.812, -53.705, 0., 597/gDblProcessSpeed
LINE/t (10,11,12,14,15), 34.354, 25.614, 32.553, -56., 0., 1259/gDblProcessSpeed
LINE/t (10,11,12,14,15), 34.353, 23.57, 31.596, -53.073, -0.001, 328/gDblProcessSpeed
LINE/t (10,11,12,14,15), 34.353, 21.577, 30.536, -50.146, -0.001, 328/gDblProcessSpeed
LINE/t (10,11,12,14,15), 34.353, 19.636, 29.373, -47.212, -0.002, 329/gDblProcessSpeed
LINE/t (10,11,12,14,15), 34.352, 17.758, 28.112, -44.279, -0.002, 329/gDblProcessSpeed
LINE/t (10,11,12,14,15), 34.393, 15.976, 26.78, -41.397, -0.003, 323/gDblProcessSpeed
LINE/t (10,11,12,14,15), 34.436, 14.262, 25.362, -38.516, -0.003, 323/gDblProcessSpeed
LINE/t (10,11,12,14,15), 34.48, 12.622, 23.858, -35.634, -0.004, 323/gDblProcessSpeed
LINE/t (10,11,12,14,15), 34.526, 11.059, 22.275, -32.752, -0.004, 323/gDblProcessSpeed
LINE/t (10,11,12,14,15), 34.573, 9.578, 20.614, -29.871, -0.005, 323/gDblProcessSpeed
LINE/t (10,11,12,14,15), 34.622, 8.182, 18.882, -26.99, -0.005, 323/gDblProcessSpeed
LINE/t (10,11,12,14,15), 34.672, 6.874, 17.081, -24.108, -0.006, 323/gDblProcessSpeed
LINE/t (10,11,12,14,15), 34.723, 5.659, 15.218, -21.227, -0.006, 323/gDblProcessSpeed
LINE/t (10,11,12,14,15), 34.775, 4.539, 13.294, -18.346, -0.007, 323/gDblProcessSpeed
LINE/t (10,11,12,14,15), 34.828, 3.517, 11.318, -15.465, -0.007, 323/gDblProcessSpeed
LINE/t (10,11,12,14,15), 34.881, 2.595, 9.292, -12.584, -0.008, 323/gDblProcessSpeed
LINE/t (10,11,12,14,15), 34.935, 1.776, 7.224, -9.704, -0.008, 323/gDblProcessSpeed
LINE/t (10,11,12,14,15), 34.99, 1.062, 5.116, -6.823, -0.008, 323/gDblProcessSpeed
LINE/t (10,11,12,14,15), 35.046, 0.454, 2.976, -3.942, -0.008, 323/gDblProcessSpeed
LINE/t (10,11,12,14,15), 35.101, -0.044, 0.807, -1.061, -0.008, 323/gDblProcessSpeed
LINE/t (10,11,12,14,15), 35.122, -0.199, 0.003, 0., -0.008, 121/gDblProcessSpeed
LINE/t (10,11,12,14,15), 35.748, 3.416, -0.185, 0.1, -0.008, 3695/gDblProcessSpeed
LINE/t (10,11,12,14,15), 35.759, 82.027, -1.462, 1.924, -0.008, 79041/gDblProcessSpeed
LINE/v (10,11,12,14,15), 31.03, 82.027, -1.462, 1.924, -0.008, gDblProcessSpeed
LINE/v (10,11,12,14,15), 31.018, 4.018, -1.462, 1.924, -0.008, gDblProcessSpeed
LINE/v (10,11,12,14,15), 31.14, 4.018, -1.462, 1.924, -0.008, gDblProcessSpeed
LINE/v (10,11,12,14,15), 30.899, 4.026, -1.462, 1.924, -0.008, gDblProcessSpeed
LINE/v (10,11,12,14,15), 30.91, 82.027, -1.462, 1.924, -0.008, gDblProcessSpeed
LINE/v (10,11,12,14,15), 45.337, 82.025, -1.462, 1.924, -0.008, gDblProcessSpeed
LINE/t (10,11,12,14,15), 45.339, 4.195, -0.212, 0.102, -0.008, 78260/gDblProcessSpeed
LINE/t (10,11,12,14,15), 46.754, 0.882, 2.12, -2.848, -0.008, 4344/gDblProcessSpeed
LINE/t (10,11,12,14,15), 46.882, 1.43, 4.352, -5.827, -0.008, 391/gDblProcessSpeed
LINE/t (10,11,12,14,15), 47.008, 2.084, 6.523, -8.776, -0.008, 387/gDblProcessSpeed
LINE/t (10,11,12,14,15), 47.134, 2.85, 8.657, -11.723, -0.007, 386/gDblProcessSpeed
LINE/t (10,11,12,14,15), 47.259, 3.724, 10.746, -14.672, -0.007, 387/gDblProcessSpeed
LINE/t (10,11,12,14,15), 47.383, 4.701, 12.783, -17.616, -0.006, 386/gDblProcessSpeed
LINE/t (10,11,12,14,15), 47.505, 5.779, 14.76, -20.554, -0.006, 385/gDblProcessSpeed
LINE/t (10,11,12,14,15), 47.625, 6.953, 16.67, -23.482, -0.005, 384/gDblProcessSpeed
LINE/t (10,11,12,14,15), 47.742, 8.219, 18.514, -26.406, -0.004, 383/gDblProcessSpeed
LINE/t (10,11,12,14,15), 47.856, 9.575, 20.286, -29.326, -0.004, 383/gDblProcessSpeed
LINE/t (10,11,12,14,15), 47.968, 11.018, 21.984, -32.245, -0.003, 383/gDblProcessSpeed
LINE/t (10,11,12,14,15), 48.076, 12.545, 23.603, -35.166, -0.003, 383/gDblProcessSpeed
LINE/t (10,11,12,14,15), 48.181, 14.153, 25.143, -38.09, -0.002, 383/gDblProcessSpeed
LINE/t (10,11,12,14,15), 48.282, 15.842, 26.6, -41.023, -0.001, 384/gDblProcessSpeed
LINE/t (10,11,12,14,15), 48.379, 17.618, 27.978, -43.983, -0.001, 388/gDblProcessSpeed
LINE/t (10,11,12,14,15), 48.4, 18.499, 28.61, -45.415, 0., 186/gDblProcessSpeed
LINE/t (10,11,12,14,15), 48.4, 19.585, 29.348, -47.151, 0., 228/gDblProcessSpeed
LINE/t (10,11,12,14,15), 47.603, 20.663, 30.003, -48.789, 0., 818/gDblProcessSpeed
LINE/t (10,11,12,14,15), 46.805, 21.759, 30.633, -50.428, 0., 818/gDblProcessSpeed
LINE/t (10,11,12,14,15), 46.008, 22.873, 31.236, -52.066, 0., 818/gDblProcessSpeed
LINE/t (10,11,12,14,15), 45.211, 24.004, 31.812, -53.705, 0., 818/gDblProcessSpeed
LINE/t (10,11,12,14,15), 45.203, 22.394, 30.776, -50.814, 0., 694/gDblProcessSpeed
LINE/t (10,11,12,14,15), 45.188, 22.628, 30.933, -51.233, 0., 98/gDblProcessSpeed
LINE/t (10,11,12,14,15), 45.188, 24.004, 31.812, -53.705, 0., 597/gDblProcessSpeed
LINE/t (10,11,12,14,15), 45.233, 25.884, 32.648, -56.38, 0., 299/gDblProcessSpeed
LINE/t (10,11,12,14,15), 45.277, 27.801, 33.411, -59.055, 0., 299/gDblProcessSpeed
LINE/t (10,11,12,14,15), 45.322, 29.752, 34.096, -61.731, 0., 299/gDblProcessSpeed
LINE/t (10,11,12,14,15), 45.366, 31.733, 34.704, -64.406, 0., 299/gDblProcessSpeed
LINE/t (10,11,12,14,15), 45.366, 29.801, 34.05, -61.473, 0., 562/gDblProcessSpeed
LINE/t (10,11,12,14,15), 45.372, 28.88, 33.692, -60.057, 0., 272/gDblProcessSpeed
LINE/t (10,11,12,14,15), 45.374, 28.893, 33.676, -60.003, 0., 59/gDblProcessSpeed
LINE/t (10,11,12,14,15), 45.389, 28.838, 33.67, -59.972, 0., 32/gDblProcessSpeed
LINE/t (10,11,12,14,15), 45.389, 30.76, 34.389, -62.928, 0., 576/gDblProcessSpeed
LINE/t (10,11,12,14,15), 45.389, 31.733, 34.704, -64.406, 0., 288/gDblProcessSpeed
LINE/v (10,11,12,14,15), 43.966, 31.733, 34.704, -64.406, 0., gDblProcessSpeed
LINE/t (10,11,12,14,15), 43.966, 29.801, 34.05, -61.473, 0., 562/gDblProcessSpeed
LINE/t (10,11,12,14,15), 43.96, 28.88, 33.692, -60.057, 0., 272/gDblProcessSpeed
LINE/t (10,11,12,14,15), 43.958, 28.893, 33.676, -60.003, 0., 59/gDblProcessSpeed
LINE/t (10,11,12,14,15), 43.944, 28.838, 33.67, -59.972, 0., 32/gDblProcessSpeed
LINE/t (10,11,12,14,15), 43.944, 30.76, 34.389, -62.928, 0., 576/gDblProcessSpeed
LINE/t (10,11,12,14,15), 43.944, 31.733, 34.704, -64.406, 0., 288/gDblProcessSpeed
LINE/t (10,11,12,14,15), 43.905, 29.752, 34.096, -61.731, 0., 299/gDblProcessSpeed
LINE/t (10,11,12,14,15), 43.866, 27.801, 33.411, -59.055, 0., 299/gDblProcessSpeed
LINE/t (10,11,12,14,15), 43.827, 25.884, 32.648, -56.38, 0., 299/gDblProcessSpeed
LINE/t (10,11,12,14,15), 43.788, 24.004, 31.812, -53.705, 0., 299/gDblProcessSpeed
LINE/t (10,11,12,14,15), 43.78, 22.394, 30.776, -50.814, 0., 694/gDblProcessSpeed
LINE/t (10,11,12,14,15), 43.766, 22.628, 30.933, -51.233, 0., 98/gDblProcessSpeed
LINE/t (10,11,12,14,15), 43.766, 24.004, 31.812, -53.705, 0., 597/gDblProcessSpeed
LINE/v (10,11,12,14,15), 42.366, 24.004, 31.812, -53.705, 0., gDblProcessSpeed
LINE/t (10,11,12,14,15), 42.358, 22.394, 30.776, -50.814, 0., 694/gDblProcessSpeed
LINE/t (10,11,12,14,15), 42.344, 22.628, 30.933, -51.233, 0., 98/gDblProcessSpeed
LINE/t (10,11,12,14,15), 42.344, 24.004, 31.812, -53.705, 0., 597/gDblProcessSpeed
LINE/v (10,11,12,14,15), 41.299, 24.004, 31.812, -53.705, 0., gDblProcessSpeed
LINE/t (10,11,12,14,15), 41.291, 22.394, 30.776, -50.814, 0., 694/gDblProcessSpeed
LINE/t (10,11,12,14,15), 41.277, 22.628, 30.933, -51.233, 0., 98/gDblProcessSpeed
LINE/t (10,11,12,14,15), 41.277, 24.004, 31.812, -53.705, 0., 597/gDblProcessSpeed
LINE/t (10,11,12,14,15), 41.588, 25.884, 32.648, -56.38, 0., 429/gDblProcessSpeed
LINE/t (10,11,12,14,15), 41.899, 27.801, 33.411, -59.055, 0., 429/gDblProcessSpeed
LINE/t (10,11,12,14,15), 42.21, 29.752, 34.096, -61.731, 0., 429/gDblProcessSpeed
LINE/t (10,11,12,14,15), 42.521, 31.733, 34.704, -64.406, 0., 429/gDblProcessSpeed
LINE/t (10,11,12,14,15), 42.521, 29.801, 34.05, -61.473, 0., 562/gDblProcessSpeed
LINE/t (10,11,12,14,15), 42.527, 28.88, 33.692, -60.057, 0., 272/gDblProcessSpeed
LINE/t (10,11,12,14,15), 42.529, 28.893, 33.676, -60.003, 0., 59/gDblProcessSpeed
LINE/t (10,11,12,14,15), 42.544, 28.838, 33.67, -59.972, 0., 32/gDblProcessSpeed
LINE/t (10,11,12,14,15), 42.544, 30.76, 34.389, -62.928, 0., 576/gDblProcessSpeed
LINE/t (10,11,12,14,15), 42.544, 31.733, 34.704, -64.406, 0., 288/gDblProcessSpeed
LINE/v (10,11,12,14,15), 35.787, 31.733, 34.704, -64.406, 0., gDblProcessSpeed
LINE/t (10,11,12,14,15), 35.787, 29.801, 34.05, -61.473, 0., 562/gDblProcessSpeed
LINE/t (10,11,12,14,15), 35.781, 28.88, 33.692, -60.057, 0., 272/gDblProcessSpeed
LINE/t (10,11,12,14,15), 35.779, 28.893, 33.676, -60.003, 0., 59/gDblProcessSpeed
LINE/t (10,11,12,14,15), 35.765, 28.838, 33.67, -59.972, 0., 32/gDblProcessSpeed
LINE/t (10,11,12,14,15), 35.765, 30.76, 34.389, -62.928, 0., 576/gDblProcessSpeed
LINE/t (10,11,12,14,15), 35.765, 31.733, 34.704, -64.406, 0., 288/gDblProcessSpeed
LINE/t (10,11,12,14,15), 35.776, 32.084, 34.797, -64.876, 0., 53/gDblProcessSpeed
LINE/t (10,11,12,14,15), 35.776, 34.321, 35.321, -67.851, 0., 330/gDblProcessSpeed
LINE/t (10,11,12,14,15), 35.776, 36.581, 35.73, -70.825, 0., 330/gDblProcessSpeed
LINE/t (10,11,12,14,15), 35.776, 38.099, 35.937, -72.808, 0., 220/gDblProcessSpeed
LINE/v (10,11,12,14,15), 34.887, 38.099, 35.937, -72.808, 0., gDblProcessSpeed
LINE/t (10,11,12,14,15), 34.887, 35.858, 35.612, -69.877, 0., 325/gDblProcessSpeed
LINE/t (10,11,12,14,15), 34.887, 33.637, 35.173, -66.945, 0., 325/gDblProcessSpeed
LINE/t (10,11,12,14,15), 34.887, 31.441, 34.622, -64.014, 0., 325/gDblProcessSpeed
LINE/t (10,11,12,14,15), 34.887, 29.277, 33.961, -61.082, 0., 325/gDblProcessSpeed
LINE/t (10,11,12,14,15), 34.887, 27.149, 33.187, -58.151, 0., 325/gDblProcessSpeed
LINE/t (10,11,12,14,15), 34.887, 25.063, 32.307, -55.219, 0., 325/gDblProcessSpeed
LINE/t (10,11,12,14,15), 34.887, 24.242, 31.926, -54.047, 0., 130/gDblProcessSpeed
LINE/t (10,11,12,14,15), 34.898, 24.004, 31.812, -53.705, 0., 39/gDblProcessSpeed
LINE/t (10,11,12,14,15), 34.89, 22.394, 30.776, -50.814, 0., 694/gDblProcessSpeed
LINE/t (10,11,12,14,15), 34.876, 22.628, 30.933, -51.233, 0., 98/gDblProcessSpeed
LINE/t (10,11,12,14,15), 34.876, 24.004, 31.812, -53.705, 0., 597/gDblProcessSpeed
LINE/v (10,11,12,14,15), 34.543, 24.004, 31.812, -53.705, 0., gDblProcessSpeed
LINE/t (10,11,12,14,15), 34.535, 22.394, 30.776, -50.814, 0., 694/gDblProcessSpeed
LINE/t (10,11,12,14,15), 34.52, 22.628, 30.933, -51.233, 0., 98/gDblProcessSpeed
LINE/t (10,11,12,14,15), 34.52, 24.004, 31.812, -53.705, 0., 597/gDblProcessSpeed
LINE/t (10,11,12,14,15), 34.482, 25.884, 32.648, -56.38, 0., 299/gDblProcessSpeed
LINE/t (10,11,12,14,15), 34.443, 27.801, 33.411, -59.055, 0., 299/gDblProcessSpeed
LINE/t (10,11,12,14,15), 34.404, 29.752, 34.096, -61.731, 0., 299/gDblProcessSpeed
LINE/t (10,11,12,14,15), 34.365, 31.733, 34.704, -64.406, 0., 299/gDblProcessSpeed
LINE/t (10,11,12,14,15), 34.365, 29.801, 34.05, -61.473, 0., 562/gDblProcessSpeed
LINE/t (10,11,12,14,15), 34.359, 28.88, 33.692, -60.057, 0., 272/gDblProcessSpeed
LINE/t (10,11,12,14,15), 34.357, 28.893, 33.676, -60.003, 0., 59/gDblProcessSpeed
LINE/t (10,11,12,14,15), 34.343, 28.838, 33.67, -59.972, 0., 32/gDblProcessSpeed
LINE/t (10,11,12,14,15), 34.343, 30.76, 34.389, -62.928, 0., 576/gDblProcessSpeed
LINE/t (10,11,12,14,15), 34.343, 31.733, 34.704, -64.406, 0., 288/gDblProcessSpeed
LINE/v (10,11,12,14,15), 34.009, 31.733, 34.704, -64.406, 0., gDblProcessSpeed
LINE/t (10,11,12,14,15), 34.009, 29.801, 34.05, -61.473, 0., 562/gDblProcessSpeed
LINE/t (10,11,12,14,15), 34.003, 28.88, 33.692, -60.057, 0., 272/gDblProcessSpeed
LINE/t (10,11,12,14,15), 34.001, 28.893, 33.676, -60.003, 0., 59/gDblProcessSpeed
LINE/t (10,11,12,14,15), 33.987, 28.838, 33.67, -59.972, 0., 32/gDblProcessSpeed
LINE/t (10,11,12,14,15), 33.987, 30.76, 34.389, -62.928, 0., 576/gDblProcessSpeed
LINE/t (10,11,12,14,15), 33.987, 31.733, 34.704, -64.406, 0., 288/gDblProcessSpeed
LINE/t (10,11,12,14,15), 33.998, 32.084, 34.797, -64.876, 0., 53/gDblProcessSpeed
LINE/t (10,11,12,14,15), 33.998, 34.321, 35.321, -67.851, 0., 330/gDblProcessSpeed
LINE/t (10,11,12,14,15), 33.998, 36.581, 35.73, -70.825, 0., 330/gDblProcessSpeed
LINE/t (10,11,12,14,15), 33.998, 38.099, 35.937, -72.808, 0., 220/gDblProcessSpeed
LINE/t (10,11,12,14,15), 33.645, 36.491, 35.703, -70.708, 0., 423/gDblProcessSpeed
LINE/t (10,11,12,14,15), 33.293, 34.893, 35.42, -68.607, 0., 423/gDblProcessSpeed
LINE/t (10,11,12,14,15), 32.94, 33.307, 35.086, -66.506, 0., 423/gDblProcessSpeed
LINE/t (10,11,12,14,15), 32.587, 31.733, 34.704, -64.406, 0., 423/gDblProcessSpeed
LINE/t (10,11,12,14,15), 32.587, 29.801, 34.05, -61.473, 0., 562/gDblProcessSpeed
LINE/t (10,11,12,14,15), 32.581, 28.88, 33.692, -60.057, 0., 272/gDblProcessSpeed
LINE/t (10,11,12,14,15), 32.579, 28.893, 33.676, -60.003, 0., 59/gDblProcessSpeed
LINE/t (10,11,12,14,15), 32.565, 28.838, 33.67, -59.972, 0., 32/gDblProcessSpeed
LINE/t (10,11,12,14,15), 32.565, 30.76, 34.389, -62.928, 0., 576/gDblProcessSpeed
LINE/t (10,11,12,14,15), 32.565, 31.733, 34.704, -64.406, 0., 288/gDblProcessSpeed
LINE/t (10,11,12,14,15), 32.517, 30.213, 34.015, -62.333, 0., 346/gDblProcessSpeed
LINE/t (10,11,12,14,15), 32.468, 28.727, 33.28, -60.26, 0., 346/gDblProcessSpeed
LINE/t (10,11,12,14,15), 32.42, 27.277, 32.502, -58.187, 0., 346/gDblProcessSpeed
LINE/t (10,11,12,14,15), 32.372, 25.863, 31.682, -56.114, 0., 346/gDblProcessSpeed
LINE/t (10,11,12,14,15), 32.324, 24.488, 30.821, -54.042, 0., 346/gDblProcessSpeed
LINE/t (10,11,12,14,15), 32.276, 23.151, 29.921, -51.969, 0., 346/gDblProcessSpeed
LINE/t (10,11,12,14,15), 32.228, 21.855, 28.983, -49.896, 0., 346/gDblProcessSpeed
LINE/t (10,11,12,14,15), 32.179, 20.6, 28.01, -47.823, 0., 346/gDblProcessSpeed
LINE/t (10,11,12,14,15), 32.131, 19.387, 27.003, -45.75, 0., 346/gDblProcessSpeed
LINE/t (10,11,12,14,15), 32.083, 18.216, 25.964, -43.678, 0., 346/gDblProcessSpeed
LINE/t (10,11,12,14,15), 32.035, 17.089, 24.895, -41.605, 0., 346/gDblProcessSpeed
LINE/t (10,11,12,14,15), 31.987, 16.006, 23.797, -39.532, 0., 346/gDblProcessSpeed
LINE/t (10,11,12,14,15), 31.939, 14.968, 22.672, -37.459, 0., 346/gDblProcessSpeed
LINE/t (10,11,12,14,15), 31.891, 13.975, 21.523, -35.386, 0., 346/gDblProcessSpeed
LINE/t (10,11,12,14,15), 31.842, 13.027, 20.35, -33.314, 0., 346/gDblProcessSpeed
LINE/t (10,11,12,14,15), 31.794, 12.126, 19.155, -31.241, 0., 346/gDblProcessSpeed
LINE/t (10,11,12,14,15), 31.746, 11.271, 17.941, -29.168, 0., 346/gDblProcessSpeed
LINE/t (10,11,12,14,15), 31.698, 10.462, 16.709, -27.095, 0., 346/gDblProcessSpeed
LINE/t (10,11,12,14,15), 31.65, 9.701, 15.461, -25.022, 0., 346/gDblProcessSpeed
LINE/t (10,11,12,14,15), 31.602, 8.986, 14.198, -22.949, 0., 346/gDblProcessSpeed
LINE/t (10,11,12,14,15), 31.554, 8.318, 12.923, -20.877, 0., 346/gDblProcessSpeed
LINE/t (10,11,12,14,15), 31.505, 7.697, 11.637, -18.804, 0., 346/gDblProcessSpeed
LINE/t (10,11,12,14,15), 31.457, 7.123, 10.341, -16.731, 0., 346/gDblProcessSpeed
LINE/t (10,11,12,14,15), 31.409, 6.595, 9.038, -14.658, 0., 346/gDblProcessSpeed
LINE/t (10,11,12,14,15), 31.361, 6.114, 7.73, -12.585, 0., 346/gDblProcessSpeed
LINE/t (10,11,12,14,15), 31.313, 5.679, 6.417, -10.513, 0., 346/gDblProcessSpeed
LINE/t (10,11,12,14,15), 31.265, 5.29, 5.101, -8.44, 0., 346/gDblProcessSpeed
LINE/t (10,11,12,14,15), 31.217, 4.946, 3.784, -6.367, 0., 346/gDblProcessSpeed
LINE/t (10,11,12,14,15), 31.168, 4.648, 2.468, -4.294, 0., 346/gDblProcessSpeed
LINE/t (10,11,12,14,15), 31.12, 4.394, 1.154, -2.221, 0., 346/gDblProcessSpeed
LINE/t (10,11,12,14,15), 31.072, 4.184, -0.157, -0.149, 0., 346/gDblProcessSpeed
LINE/t (10,11,12,14,15), 31.024, 4.017, -1.462, 1.924, 0., 346/gDblProcessSpeed
LINE/v (10,11,12,14,15), 31.024, 82.026, -1.462, 1.924, 0., gDblProcessSpeed
LINE/t (10,11,12,14,15), 30.917, 79.667, -2.698, 0.114, 0., 2749/gDblProcessSpeed
LINE/t (10,11,12,14,15), 30.81, 77.271, -3.772, -1.696, 0., 2749/gDblProcessSpeed
LINE/t (10,11,12,14,15), 30.703, 74.846, -4.683, -3.506, 0., 2749/gDblProcessSpeed
LINE/t (10,11,12,14,15), 30.596, 72.401, -5.43, -5.316, 0., 2749/gDblProcessSpeed
LINE/t (10,11,12,14,15), 30.489, 69.942, -6.013, -7.126, 0., 2749/gDblProcessSpeed
LINE/t (10,11,12,14,15), 30.381, 67.478, -6.433, -8.937, 0., 2749/gDblProcessSpeed
LINE/t (10,11,12,14,15), 30.274, 65.017, -6.689, -10.747, 0., 2749/gDblProcessSpeed
LINE/t (10,11,12,14,15), 30.167, 62.567, -6.782, -12.557, 0., 2749/gDblProcessSpeed
LINE/t (10,11,12,14,15), 30.06, 60.135, -6.713, -14.367, 0., 2749/gDblProcessSpeed
LINE/t (10,11,12,14,15), 29.953, 57.729, -6.484, -16.177, 0., 2749/gDblProcessSpeed
LINE/t (10,11,12,14,15), 29.846, 55.357, -6.096, -17.987, 0., 2749/gDblProcessSpeed
LINE/t (10,11,12,14,15), 29.739, 53.027, -5.551, -19.798, 0., 2749/gDblProcessSpeed
LINE/t (10,11,12,14,15), 29.632, 50.746, -4.851, -21.608, 0., 2749/gDblProcessSpeed
LINE/t (10,11,12,14,15), 29.525, 48.521, -3.999, -23.418, 0., 2749/gDblProcessSpeed
LINE/t (10,11,12,14,15), 29.418, 46.36, -2.999, -25.228, 0., 2749/gDblProcessSpeed
LINE/t (10,11,12,14,15), 29.311, 44.27, -1.853, -27.038, 0., 2749/gDblProcessSpeed
LINE/t (10,11,12,14,15), 29.204, 42.258, -0.565, -28.848, 0., 2749/gDblProcessSpeed
LINE/t (10,11,12,14,15), 29.097, 40.33, 0.862, -30.658, 0., 2749/gDblProcessSpeed
LINE/t (10,11,12,14,15), 28.989, 38.494, 2.422, -32.469, 0., 2749/gDblProcessSpeed
LINE/t (10,11,12,14,15), 28.882, 36.756, 4.113, -34.279, 0., 2749/gDblProcessSpeed
LINE/t (10,11,12,14,15), 28.775, 35.122, 5.928, -36.089, 0., 2749/gDblProcessSpeed
LINE/t (10,11,12,14,15), 28.668, 33.599, 7.864, -37.899, 0., 2749/gDblProcessSpeed
LINE/t (10,11,12,14,15), 28.561, 32.191, 9.914, -39.709, 0., 2749/gDblProcessSpeed
LINE/t (10,11,12,14,15), 28.454, 30.906, 12.154, -41.519, 0., 2804/gDblProcessSpeed
LINE/t (10,11,12,14,15), 28.347, 29.748, 14.818, -43.329, 0., 3039/gDblProcessSpeed
LINE/t (10,11,12,14,15), 28.24, 28.723, 17.608, -45.14, 0., 3079/gDblProcessSpeed
LINE/t (10,11,12,14,15), 28.079, 27.444, 22.008, -47.855, 0., 4684/gDblProcessSpeed
LINE/t (10,11,12,14,15), 28.053, 27.262, 22.657, -48.307, 0., 704/gDblProcessSpeed
LINE/t (10,11,12,14,15), 28.026, 27.09, 23.202, -48.76, 0., 628/gDblProcessSpeed
LINE/t (10,11,12,14,15), 27.999, 26.926, 23.679, -49.212, 0., 579/gDblProcessSpeed
LINE/t (10,11,12,14,15), 27.972, 26.771, 24.098, -49.665, 0., 541/gDblProcessSpeed
LINE/t (10,11,12,14,15), 27.945, 26.626, 24.467, -50.117, 0., 510/gDblProcessSpeed
LINE/t (10,11,12,14,15), 27.919, 26.491, 24.792, -50.57, 0., 485/gDblProcessSpeed
LINE/t (10,11,12,14,15), 27.812, 26.043, 26.991, -52.38, 0., 2392/gDblProcessSpeed
LINE/t (10,11,12,14,15), 27.705, 25.749, 29.743, -54.19, 0., 2749/gDblProcessSpeed
LINE/t (10,11,12,14,15), 27.597, 25.614, 32.553, -56., 0., 2749/gDblProcessSpeed
LINE/t (10,11,12,14,15), 27.597, 23.669, 31.62, -53.145, -0.001, 369/gDblProcessSpeed
LINE/t (10,11,12,14,15), 27.597, 21.77, 30.587, -50.287, -0.001, 370/gDblProcessSpeed
LINE/t (10,11,12,14,15), 27.597, 19.919, 29.454, -47.419, -0.002, 371/gDblProcessSpeed
LINE/t (10,11,12,14,15), 27.611, 18.668, 28.615, -45.431, -0.002, 255/gDblProcessSpeed
LINE/t (10,11,12,14,15), 27.716, 16.893, 27.316, -42.544, -0.002, 373/gDblProcessSpeed
LINE/t (10,11,12,14,15), 27.825, 15.188, 25.932, -39.664, -0.003, 372/gDblProcessSpeed
LINE/t (10,11,12,14,15), 27.938, 13.557, 24.463, -36.789, -0.003, 372/gDblProcessSpeed
LINE/t (10,11,12,14,15), 28.055, 12.002, 22.915, -33.918, -0.004, 371/gDblProcessSpeed
LINE/t (10,11,12,14,15), 28.175, 10.526, 21.291, -31.048, -0.004, 371/gDblProcessSpeed
LINE/t (10,11,12,14,15), 28.299, 9.131, 19.59, -28.176, -0.005, 371/gDblProcessSpeed
LINE/t (10,11,12,14,15), 28.425, 7.821, 17.819, -25.302, -0.005, 372/gDblProcessSpeed
LINE/t (10,11,12,14,15), 28.555, 6.597, 15.979, -22.421, -0.006, 373/gDblProcessSpeed
LINE/t (10,11,12,14,15), 28.686, 5.465, 14.075, -19.535, -0.007, 373/gDblProcessSpeed
LINE/t (10,11,12,14,15), 28.82, 4.428, 12.111, -16.643, -0.007, 374/gDblProcessSpeed
LINE/t (10,11,12,14,15), 28.955, 3.489, 10.091, -13.747, -0.008, 374/gDblProcessSpeed
LINE/t (10,11,12,14,15), 29.091, 2.653, 8.027, -10.852, -0.008, 374/gDblProcessSpeed
LINE/t (10,11,12,14,15), 29.228, 1.922, 5.923, -7.958, -0.009, 374/gDblProcessSpeed
LINE/t (10,11,12,14,15), 29.364, 1.302, 3.797, -5.089, -0.009, 371/gDblProcessSpeed
LINE/t (10,11,12,14,15), 29.506, 0.772, 1.561, -2.104, -0.009, 386/gDblProcessSpeed
LINE/t (10,11,12,14,15), 29.606, 0.469, -0.016, -0.005, -0.009, 270/gDblProcessSpeed
LINE/t (10,11,12,14,15), 31.14, 4.346, -0.22, 0.107, -0.009, 4198/gDblProcessSpeed
LINE/t (10,11,12,14,15), 31.152, 82.027, -1.462, 1.924, -0.009, 78110/gDblProcessSpeed
LINE/t (10,11,12,14,15), 31.041, 79.668, -2.698, 0.114, -0.009, 2750/gDblProcessSpeed
LINE/t (10,11,12,14,15), 30.931, 77.272, -3.772, -1.696, -0.009, 2750/gDblProcessSpeed
LINE/t (10,11,12,14,15), 30.82, 74.847, -4.683, -3.506, -0.009, 2750/gDblProcessSpeed
LINE/t (10,11,12,14,15), 30.71, 72.402, -5.43, -5.316, -0.009, 2750/gDblProcessSpeed
LINE/t (10,11,12,14,15), 30.599, 69.943, -6.014, -7.126, -0.009, 2750/gDblProcessSpeed
LINE/t (10,11,12,14,15), 30.485, 67.478, -6.433, -8.937, 0., 2750/gDblProcessSpeed
LINE/t (10,11,12,14,15), 30.375, 65.017, -6.689, -10.747, 0., 2750/gDblProcessSpeed
LINE/t (10,11,12,14,15), 30.265, 62.567, -6.782, -12.557, 0., 2750/gDblProcessSpeed
LINE/t (10,11,12,14,15), 30.155, 60.135, -6.713, -14.367, 0., 2750/gDblProcessSpeed
LINE/t (10,11,12,14,15), 30.045, 57.729, -6.484, -16.177, 0., 2750/gDblProcessSpeed
LINE/t (10,11,12,14,15), 29.935, 55.357, -6.096, -17.987, 0., 2750/gDblProcessSpeed
LINE/t (10,11,12,14,15), 29.825, 53.027, -5.551, -19.798, 0., 2750/gDblProcessSpeed
LINE/t (10,11,12,14,15), 29.715, 50.746, -4.851, -21.608, 0., 2750/gDblProcessSpeed
LINE/t (10,11,12,14,15), 29.605, 48.521, -3.999, -23.418, 0., 2750/gDblProcessSpeed
LINE/t (10,11,12,14,15), 29.494, 46.36, -2.999, -25.228, 0., 2750/gDblProcessSpeed
LINE/t (10,11,12,14,15), 29.384, 44.27, -1.853, -27.038, 0., 2750/gDblProcessSpeed
LINE/t (10,11,12,14,15), 29.274, 42.258, -0.565, -28.848, 0., 2750/gDblProcessSpeed
LINE/t (10,11,12,14,15), 29.164, 40.33, 0.862, -30.658, 0., 2750/gDblProcessSpeed
LINE/t (10,11,12,14,15), 29.054, 38.494, 2.422, -32.469, 0., 2750/gDblProcessSpeed
LINE/t (10,11,12,14,15), 28.944, 36.756, 4.113, -34.279, 0., 2750/gDblProcessSpeed
LINE/t (10,11,12,14,15), 28.834, 35.122, 5.928, -36.089, 0., 2750/gDblProcessSpeed
LINE/t (10,11,12,14,15), 28.724, 33.599, 7.864, -37.899, 0., 2750/gDblProcessSpeed
LINE/t (10,11,12,14,15), 28.614, 32.191, 9.914, -39.709, 0., 2750/gDblProcessSpeed
LINE/t (10,11,12,14,15), 28.504, 30.906, 12.154, -41.519, 0., 2804/gDblProcessSpeed
LINE/t (10,11,12,14,15), 28.394, 29.748, 14.818, -43.329, 0., 3039/gDblProcessSpeed
LINE/t (10,11,12,14,15), 28.283, 28.723, 17.608, -45.14, 0., 3079/gDblProcessSpeed
LINE/t (10,11,12,14,15), 28.118, 27.444, 22.008, -47.855, 0., 4685/gDblProcessSpeed
LINE/t (10,11,12,14,15), 28.091, 27.262, 22.657, -48.307, 0., 704/gDblProcessSpeed
LINE/t (10,11,12,14,15), 28.063, 27.089, 23.202, -48.76, 0., 628/gDblProcessSpeed
LINE/t (10,11,12,14,15), 28.036, 26.926, 23.679, -49.212, 0., 579/gDblProcessSpeed
LINE/t (10,11,12,14,15), 28.008, 26.771, 24.098, -49.665, 0., 541/gDblProcessSpeed
LINE/t (10,11,12,14,15), 27.981, 26.626, 24.467, -50.117, 0., 510/gDblProcessSpeed
LINE/t (10,11,12,14,15), 27.953, 26.491, 24.792, -50.57, 0., 485/gDblProcessSpeed
LINE/t (10,11,12,14,15), 27.843, 26.043, 26.991, -52.38, 0., 2392/gDblProcessSpeed
LINE/t (10,11,12,14,15), 27.733, 25.749, 29.743, -54.19, 0., 2750/gDblProcessSpeed
LINE/t (10,11,12,14,15), 27.623, 25.614, 32.553, -56., 0., 2750/gDblProcessSpeed
LINE/t (10,11,12,14,15), 27.564, 25.863, 32.651, -56.322, 0., 61/gDblProcessSpeed
LINE/t (10,11,12,14,15), 27.564, 27.78, 33.504, -59.319, 0., 565/gDblProcessSpeed
LINE/t (10,11,12,14,15), 27.57, 28.959, 33.961, -61.129, 0., 341/gDblProcessSpeed
LINE/t (10,11,12,14,15), 27.572, 29.009, 33.993, -61.265, 0., 64/gDblProcessSpeed
LINE/t (10,11,12,14,15), 27.601, 29.07, 34.009, -61.329, 0., 30/gDblProcessSpeed
LINE/t (10,11,12,14,15), 27.631, 28.959, 33.971, -61.171, 0., 37/gDblProcessSpeed
LINE/t (10,11,12,14,15), 27.631, 27.033, 33.201, -58.208, 0., 555/gDblProcessSpeed
LINE/t (10,11,12,14,15), 27.623, 25.614, 32.553, -56., 0., 401/gDblProcessSpeed
LINE/t (10,11,12,14,15), 27.614, 27.114, 33.162, -58.102, 0., 233/gDblProcessSpeed
LINE/t (10,11,12,14,15), 27.605, 28.634, 33.723, -60.203, 0., 233/gDblProcessSpeed
LINE/t (10,11,12,14,15), 27.595, 30.175, 34.238, -62.304, 0., 233/gDblProcessSpeed
LINE/t (10,11,12,14,15), 27.586, 31.733, 34.704, -64.406, 0., 233/gDblProcessSpeed
LINE/t (10,11,12,14,15), 27.586, 29.801, 34.05, -61.473, 0., 562/gDblProcessSpeed
LINE/t (10,11,12,14,15), 27.592, 28.88, 33.692, -60.057, 0., 272/gDblProcessSpeed
LINE/t (10,11,12,14,15), 27.594, 28.893, 33.676, -60.003, 0., 59/gDblProcessSpeed
LINE/t (10,11,12,14,15), 27.609, 28.838, 33.67, -59.972, 0., 32/gDblProcessSpeed
LINE/t (10,11,12,14,15), 27.609, 30.76, 34.389, -62.928, 0., 576/gDblProcessSpeed
LINE/t (10,11,12,14,15), 27.609, 31.733, 34.704, -64.406, 0., 288/gDblProcessSpeed
LINE/t (10,11,12,14,15), 27.606, 33.307, 35.086, -66.506, 0., 233/gDblProcessSpeed
LINE/t (10,11,12,14,15), 27.603, 34.893, 35.42, -68.607, 0., 233/gDblProcessSpeed
LINE/t (10,11,12,14,15), 27.6, 36.491, 35.703, -70.708, 0., 233/gDblProcessSpeed
LINE/t (10,11,12,14,15), 27.597, 38.099, 35.937, -72.808, 0., 233/gDblProcessSpeed
LINE/t (10,11,12,14,15), 27.597, 35.826, 35.606, -69.834, 0., 330/gDblProcessSpeed
LINE/t (10,11,12,14,15), 27.597, 33.572, 35.16, -66.859, 0., 330/gDblProcessSpeed
LINE/t (10,11,12,14,15), 27.597, 32.084, 34.797, -64.876, 0., 220/gDblProcessSpeed
LINE/t (10,11,12,14,15), 27.642, 33.573, 35.149, -66.859, 0., 224/gDblProcessSpeed
LINE/t (10,11,12,14,15), 27.686, 35.072, 35.456, -68.842, 0., 224/gDblProcessSpeed
LINE/t (10,11,12,14,15), 27.731, 36.581, 35.719, -70.825, 0., 224/gDblProcessSpeed
LINE/t (10,11,12,14,15), 27.775, 38.099, 35.937, -72.808, 0., 224/gDblProcessSpeed
LINE/t (10,11,12,14,15), 27.775, 35.858, 35.612, -69.877, 0., 325/gDblProcessSpeed
LINE/t (10,11,12,14,15), 27.775, 33.637, 35.173, -66.945, 0., 325/gDblProcessSpeed
LINE/t (10,11,12,14,15), 27.775, 31.441, 34.622, -64.014, 0., 325/gDblProcessSpeed
LINE/t (10,11,12,14,15), 27.775, 29.277, 33.961, -61.082, 0., 325/gDblProcessSpeed
LINE/t (10,11,12,14,15), 27.775, 27.149, 33.187, -58.151, 0., 325/gDblProcessSpeed
LINE/t (10,11,12,14,15), 27.775, 25.063, 32.307, -55.219, 0., 325/gDblProcessSpeed
LINE/t (10,11,12,14,15), 27.775, 24.242, 31.926, -54.047, 0., 130/gDblProcessSpeed
LINE/t (10,11,12,14,15), 27.764, 24.004, 31.812, -53.705, 0., 39/gDblProcessSpeed
LINE/t (10,11,12,14,15), 27.772, 22.394, 30.776, -50.814, 0., 694/gDblProcessSpeed
LINE/t (10,11,12,14,15), 27.786, 22.628, 30.933, -51.233, 0., 98/gDblProcessSpeed
LINE/t (10,11,12,14,15), 27.786, 24.004, 31.812, -53.705, 0., 597/gDblProcessSpeed
LINE/t (10,11,12,14,15), 27.809, 24.156, 31.885, -53.924, 0., 33/gDblProcessSpeed
LINE/t (10,11,12,14,15), 27.809, 22.167, 30.855, -50.998, 0., 346/gDblProcessSpeed
LINE/t (10,11,12,14,15), 27.804, 20.318, 29.777, -48.203, 0., 331/gDblProcessSpeed
LINE/t (10,11,12,14,15), 27.788, 19.831, 29.481, -47.473, 0., 75/gDblProcessSpeed
LINE/t (10,11,12,14,15), 27.75, 19.585, 29.348, -47.151, 0., 38/gDblProcessSpeed
LINE/t (10,11,12,14,15), 27.742, 19.654, 29.392, -47.257, 0., 14/gDblProcessSpeed
LINE/t (10,11,12,14,15), 27.745, 21.315, 30.555, -50.216, 0., 629/gDblProcessSpeed
LINE/t (10,11,12,14,15), 27.75, 21.65, 30.772, -50.8, 0., 124/gDblProcessSpeed
LINE/t (10,11,12,14,15), 27.809, 21.554, 30.72, -50.661, 0., 61/gDblProcessSpeed
LINE/t (10,11,12,14,15), 27.803, 19.972, 29.582, -47.721, 0., 702/gDblProcessSpeed
LINE/t (10,11,12,14,15), 27.801, 19.861, 29.497, -47.512, 0., 49/gDblProcessSpeed
LINE/t (10,11,12,14,15), 27.742, 19.654, 29.392, -47.257, 0., 60/gDblProcessSpeed
ENDS (10,11,12,14,15)
TILL (^AST(10).#MOVE) & (^AST(11).#MOVE) & (^AST(12).#MOVE) &(^AST(14).#MOVE) & (^AST(15).#MOVE)
Start gIntSubBuffer,ShutterClose;TILL PST(gIntSubBuffer).#RUN = 0
WAIT CloseDelay
!Feature 1
 
PTP/EV (10,11,12,14,15), 27.742, 19.654, 39.392, -47.257, 0., gDblRapidSpeed
 
HALT ALL
 
STOP
